assignment_id,experiment_id,user_id,variant,assigned_at
1,1,100010,treatment,2026-04-02 14:34:34
2,1,100028,treatment,2026-04-05 21:42:43
3,1,100033,treatment,2026-04-07 11:56:45
4,1,100039,control,2026-04-20 21:49:49
5,1,100056,treatment,2026-04-06 02:28:27
6,1,100078,treatment,2026-04-09 05:21:05
7,1,100084,control,2026-04-20 13:53:44
8,1,100098,control,2026-04-21 19:07:02
9,1,100112,treatment,2026-04-07 16:22:54
10,1,100115,treatment,2026-04-09 23:03:47
11,1,100125,treatment,2026-04-09 08:25:33
12,1,100128,control,2026-04-10 23:31:55
13,1,100129,control,2026-04-21 10:35:01
14,1,100130,control,2026-04-09 08:59:56
15,1,100131,control,2026-04-07 07:44:51
16,1,100133,treatment,2026-04-08 07:14:56
17,1,100136,treatment,2026-04-15 21:27:09
18,1,100157,treatment,2026-04-07 22:09:58
19,1,100191,control,2026-04-20 16:03:36
20,1,100192,treatment,2026-04-16 15:39:08
21,1,100227,control,2026-04-11 18:49:15
22,1,100228,treatment,2026-04-06 03:53:05
23,1,100239,control,2026-04-20 03:38:30
24,1,100241,control,2026-04-12 15:11:35
25,1,100244,treatment,2026-04-20 09:38:25
26,1,100259,control,2026-04-13 06:00:13
27,1,100265,treatment,2026-04-12 02:30:40
28,1,100268,treatment,2026-04-17 13:35:57
29,1,100269,treatment,2026-04-13 19:39:47
30,1,100287,control,2026-04-10 11:32:10
31,1,100288,control,2026-04-05 08:24:49
32,1,100294,control,2026-04-05 19:56:19
33,1,100295,treatment,2026-04-01 14:19:40
34,1,100304,treatment,2026-04-05 10:50:45
35,1,100307,treatment,2026-04-07 09:39:17
36,1,100322,control,2026-04-17 22:44:54
37,1,100329,control,2026-04-07 13:03:50
38,1,100330,treatment,2026-04-06 03:27:01
39,1,100340,treatment,2026-04-21 11:03:16
40,1,100342,control,2026-04-19 04:53:14
41,1,100350,treatment,2026-04-03 18:27:46
42,1,100365,control,2026-04-01 06:45:09
43,1,100393,treatment,2026-04-15 07:01:21
44,1,100423,control,2026-04-12 02:44:34
45,1,100436,treatment,2026-04-09 16:58:13
46,1,100448,control,2026-04-01 15:47:27
47,1,100454,treatment,2026-04-14 20:48:18
48,1,100455,control,2026-04-07 14:30:25
49,1,100457,treatment,2026-04-21 07:28:48
50,1,100467,treatment,2026-04-14 17:04:25
51,1,100474,control,2026-04-21 08:50:30
52,1,100487,treatment,2026-04-03 08:29:37
53,1,100489,control,2026-04-16 10:43:19
54,1,100493,control,2026-04-15 22:34:31
55,1,100506,control,2026-04-03 09:31:29
56,1,100519,treatment,2026-04-14 10:21:17
57,1,100530,control,2026-04-15 03:35:06
58,1,100534,treatment,2026-04-11 11:17:15
59,1,100538,control,2026-04-05 00:13:35
60,1,100547,treatment,2026-04-13 20:36:59
61,1,100560,treatment,2026-04-04 08:28:50
62,1,100569,control,2026-04-10 09:28:03
63,1,100577,treatment,2026-04-02 03:11:32
64,1,100596,treatment,2026-04-11 19:25:34
65,1,100598,control,2026-04-20 05:46:26
66,1,100600,treatment,2026-04-18 05:36:08
67,1,100605,treatment,2026-04-04 06:37:12
68,1,100624,control,2026-04-16 03:02:43
69,1,100647,treatment,2026-04-04 03:58:32
70,1,100654,treatment,2026-04-07 05:29:11
71,1,100655,treatment,2026-04-03 16:38:53
72,1,100657,control,2026-04-21 03:03:50
73,1,100664,treatment,2026-04-14 22:55:49
74,1,100671,control,2026-04-17 21:38:59
75,1,100672,treatment,2026-04-21 16:51:04
76,1,100674,treatment,2026-04-19 04:56:13
77,1,100676,treatment,2026-04-12 01:23:01
78,1,100678,treatment,2026-04-02 00:59:52
79,1,100687,treatment,2026-04-14 07:12:57
80,1,100697,control,2026-04-13 16:09:24
81,1,100700,treatment,2026-04-01 13:48:21
82,1,100701,treatment,2026-04-18 05:06:28
83,1,100705,control,2026-04-09 07:14:01
84,1,100707,treatment,2026-04-10 14:28:11
85,1,100711,treatment,2026-04-01 22:30:37
86,1,100716,treatment,2026-04-01 01:56:27
87,1,100719,control,2026-04-15 07:54:07
88,1,100741,treatment,2026-04-21 09:39:40
89,1,100745,control,2026-04-03 14:27:14
90,1,100753,control,2026-04-07 13:44:05
91,1,100760,control,2026-04-07 05:17:56
92,1,100765,treatment,2026-04-17 14:32:02
93,1,100780,treatment,2026-04-21 20:25:13
94,1,100784,treatment,2026-04-13 08:33:55
95,1,100787,treatment,2026-04-05 17:52:25
96,1,100805,control,2026-04-05 19:30:34
97,1,100823,control,2026-04-19 10:57:46
98,1,100848,control,2026-04-16 10:20:36
99,1,100875,control,2026-04-04 22:21:59
100,1,100877,treatment,2026-04-06 09:33:58
101,1,100878,treatment,2026-04-20 14:55:46
102,1,100891,treatment,2026-04-01 22:10:54
103,1,100894,control,2026-04-17 09:48:21
104,1,100898,control,2026-04-18 05:42:22
105,1,100913,treatment,2026-04-14 00:02:18
106,1,100915,treatment,2026-04-05 11:37:16
107,1,100918,control,2026-04-21 17:38:28
108,1,100920,control,2026-04-10 14:23:50
109,1,100925,control,2026-04-05 04:18:05
110,1,100928,control,2026-04-11 13:47:59
111,1,100929,control,2026-04-04 12:47:48
112,1,100951,treatment,2026-04-17 22:58:44
113,1,100954,treatment,2026-04-17 07:29:02
114,1,100956,treatment,2026-04-21 10:12:40
115,1,100964,control,2026-04-13 08:46:00
116,1,100965,treatment,2026-04-15 16:10:12
117,1,100976,control,2026-04-10 14:35:03
118,1,100978,treatment,2026-04-09 10:39:48
119,1,100979,control,2026-04-13 14:38:49
120,1,100981,control,2026-04-06 04:25:13
121,1,100983,treatment,2026-04-13 03:56:19
122,1,100985,treatment,2026-04-18 07:06:18
123,1,100990,treatment,2026-04-06 13:13:37
124,1,100993,control,2026-04-03 03:52:32
125,1,100994,control,2026-04-19 22:13:41
126,1,100995,control,2026-04-02 14:08:56
127,1,101001,control,2026-04-08 03:31:57
128,1,101008,treatment,2026-04-01 12:40:07
129,1,101013,control,2026-04-01 08:33:42
130,1,101027,control,2026-04-09 08:40:20
131,1,101046,treatment,2026-04-15 13:06:34
132,1,101072,treatment,2026-04-02 08:46:07
133,1,101082,treatment,2026-04-07 17:43:41
134,1,101109,control,2026-04-20 23:36:56
135,1,101116,control,2026-04-13 00:59:42
136,1,101126,treatment,2026-04-21 22:34:13
137,1,101127,control,2026-04-07 18:34:44
138,1,101133,control,2026-04-17 19:21:19
139,1,101138,control,2026-04-04 21:03:59
140,1,101145,treatment,2026-04-03 10:54:33
141,1,101154,control,2026-04-13 03:49:46
142,1,101159,treatment,2026-04-12 10:15:44
143,1,101162,control,2026-04-03 11:10:21
144,1,101169,treatment,2026-04-20 10:37:09
145,1,101170,treatment,2026-04-20 18:21:19
146,1,101179,control,2026-04-16 18:50:30
147,1,101186,control,2026-04-15 03:14:26
148,1,101187,control,2026-04-09 13:48:14
149,1,101193,control,2026-04-02 11:51:00
150,1,101194,treatment,2026-04-21 06:37:21
151,1,101198,treatment,2026-04-18 22:36:49
152,1,101209,treatment,2026-04-19 11:10:55
153,1,101220,control,2026-04-07 05:45:41
154,1,101233,treatment,2026-04-21 20:08:50
155,1,101256,control,2026-04-07 15:36:29
156,1,101257,control,2026-04-05 00:45:40
157,1,101288,control,2026-04-19 05:02:42
158,1,101297,treatment,2026-04-03 07:49:45
159,1,101303,control,2026-04-17 05:55:08
160,1,101309,treatment,2026-04-02 05:01:47
161,1,101316,treatment,2026-04-13 17:10:38
162,1,101321,control,2026-04-06 15:24:06
163,1,101333,treatment,2026-04-03 20:13:58
164,1,101339,treatment,2026-04-03 22:41:14
165,1,101342,control,2026-04-11 00:39:54
166,1,101348,control,2026-04-14 13:36:31
167,1,101363,treatment,2026-04-07 12:53:04
168,1,101368,control,2026-04-21 09:50:24
169,1,101378,control,2026-04-05 02:37:02
170,1,101385,control,2026-04-08 12:31:14
171,1,101390,treatment,2026-04-03 03:22:03
172,1,101394,treatment,2026-04-13 18:57:00
173,1,101395,control,2026-04-18 20:39:45
174,1,101410,treatment,2026-04-08 16:46:46
175,1,101413,control,2026-04-12 19:01:48
176,1,101415,treatment,2026-04-21 11:22:29
177,1,101421,treatment,2026-04-13 11:45:10
178,1,101432,control,2026-04-08 19:37:29
179,1,101452,treatment,2026-04-10 13:15:50
180,1,101464,treatment,2026-04-21 14:06:46
181,1,101494,control,2026-04-06 21:38:13
182,1,101498,treatment,2026-04-03 04:10:30
183,1,101502,treatment,2026-04-14 23:00:34
184,1,101522,treatment,2026-04-16 00:36:39
185,1,101537,control,2026-04-18 21:44:36
186,1,101541,treatment,2026-04-10 01:01:46
187,1,101543,treatment,2026-04-13 16:39:21
188,1,101550,treatment,2026-04-03 18:51:21
189,1,101551,treatment,2026-04-18 17:26:28
190,1,101562,control,2026-04-07 21:45:42
191,1,101565,control,2026-04-15 23:54:01
192,1,101574,treatment,2026-04-06 09:10:11
193,1,101577,control,2026-04-15 12:39:53
194,1,101582,control,2026-04-21 14:43:49
195,1,101605,control,2026-04-14 07:50:10
196,1,101622,control,2026-04-07 06:49:28
197,1,101624,treatment,2026-04-11 12:55:54
198,1,101625,treatment,2026-04-12 17:27:06
199,1,101628,treatment,2026-04-10 15:33:39
200,1,101633,control,2026-04-04 07:10:22
201,1,101635,treatment,2026-04-19 04:36:12
202,1,101641,control,2026-04-14 10:54:51
203,1,101651,treatment,2026-04-14 15:42:02
204,1,101658,control,2026-04-18 19:48:11
205,1,101659,treatment,2026-04-17 06:34:33
206,1,101661,control,2026-04-07 07:35:11
207,1,101662,treatment,2026-04-02 09:28:17
208,1,101666,treatment,2026-04-03 16:21:59
209,1,101669,treatment,2026-04-09 15:31:56
210,1,101683,control,2026-04-01 12:28:50
211,1,101722,control,2026-04-03 21:44:37
212,1,101725,treatment,2026-04-10 04:02:37
213,1,101750,control,2026-04-20 09:37:30
214,1,101752,control,2026-04-20 00:55:37
215,1,101755,control,2026-04-16 22:06:10
216,1,101756,treatment,2026-04-10 10:09:40
217,1,101757,treatment,2026-04-12 02:12:41
218,1,101761,control,2026-04-15 17:00:40
219,1,101762,control,2026-04-11 04:28:42
220,1,101788,control,2026-04-12 15:39:42
221,1,101797,treatment,2026-04-01 19:55:24
222,1,101826,control,2026-04-17 19:54:31
223,1,101830,control,2026-04-13 10:01:01
224,1,101837,control,2026-04-07 04:54:11
225,1,101843,treatment,2026-04-18 07:34:25
226,1,101845,control,2026-04-05 08:54:49
227,1,101846,control,2026-04-01 15:40:51
228,1,101855,control,2026-04-12 15:44:07
229,1,101856,treatment,2026-04-02 04:20:31
230,1,101870,treatment,2026-04-15 23:39:03
231,1,101882,treatment,2026-04-18 11:33:49
232,1,101894,treatment,2026-04-10 22:18:26
233,1,101898,treatment,2026-04-04 01:36:37
234,1,101899,control,2026-04-03 08:49:52
235,1,101913,treatment,2026-04-01 01:45:16
236,1,101917,control,2026-04-03 04:13:04
237,1,101919,control,2026-04-04 08:42:28
238,1,101935,treatment,2026-04-07 11:14:36
239,1,101949,treatment,2026-04-16 19:32:51
240,1,101954,control,2026-04-02 23:33:51
241,1,101955,treatment,2026-04-03 13:09:22
242,1,101972,treatment,2026-04-08 07:00:52
243,1,101979,control,2026-04-19 08:25:54
244,1,101982,treatment,2026-04-21 21:26:15
245,1,101988,treatment,2026-04-03 09:34:03
246,1,101994,treatment,2026-04-07 03:48:58
247,1,102007,control,2026-04-21 00:24:46
248,1,102019,control,2026-04-15 08:19:40
249,1,102022,treatment,2026-04-17 19:43:34
250,1,102024,control,2026-04-02 10:45:05
251,1,102026,treatment,2026-04-07 16:59:30
252,1,102032,treatment,2026-04-12 13:22:18
253,1,102043,control,2026-04-03 11:11:02
254,1,102057,treatment,2026-04-08 18:09:21
255,1,102060,treatment,2026-04-13 14:02:10
256,1,102112,control,2026-04-05 07:43:19
257,1,102113,control,2026-04-05 23:57:29
258,1,102117,treatment,2026-04-12 08:01:01
259,1,102118,control,2026-04-17 03:36:45
260,1,102122,control,2026-04-19 19:59:48
261,1,102127,control,2026-04-01 09:25:00
262,1,102131,treatment,2026-04-05 17:43:39
263,1,102133,treatment,2026-04-04 19:51:58
264,1,102138,control,2026-04-17 04:18:35
265,1,102148,treatment,2026-04-05 18:02:02
266,1,102152,control,2026-04-21 00:04:39
267,1,102173,treatment,2026-04-19 23:07:35
268,1,102177,control,2026-04-16 11:34:38
269,1,102179,control,2026-04-21 06:43:57
270,1,102184,treatment,2026-04-12 22:58:28
271,1,102193,treatment,2026-04-10 08:24:17
272,1,102207,treatment,2026-04-16 06:06:48
273,1,102220,treatment,2026-04-18 19:44:08
274,1,102225,control,2026-04-21 01:59:33
275,1,102229,treatment,2026-04-13 09:58:31
276,1,102241,control,2026-04-11 03:50:51
277,1,102246,control,2026-04-07 01:55:27
278,1,102296,control,2026-04-10 03:45:10
279,1,102303,control,2026-04-03 21:18:57
280,1,102328,control,2026-04-07 05:59:30
281,1,102329,treatment,2026-04-04 18:37:14
282,1,102336,treatment,2026-04-05 22:24:45
283,1,102338,control,2026-04-13 05:35:19
284,1,102344,control,2026-04-04 17:59:35
285,1,102352,control,2026-04-19 19:42:04
286,1,102386,treatment,2026-04-18 09:14:45
287,1,102395,control,2026-04-09 13:22:21
288,1,102397,treatment,2026-04-06 20:35:42
289,1,102404,control,2026-04-03 07:26:13
290,1,102407,control,2026-04-15 16:06:29
291,1,102410,control,2026-04-18 17:41:41
292,1,102419,treatment,2026-04-08 15:40:03
293,1,102425,control,2026-04-01 19:31:53
294,1,102429,treatment,2026-04-09 03:39:40
295,1,102438,control,2026-04-15 01:50:45
296,1,102457,treatment,2026-04-12 22:10:51
297,1,102470,control,2026-04-01 17:32:31
298,1,102482,control,2026-04-02 09:03:01
299,1,102487,treatment,2026-04-17 05:23:08
300,1,102501,control,2026-04-18 19:19:16
301,1,102511,treatment,2026-04-02 12:49:43
302,1,102523,treatment,2026-04-11 08:58:16
303,1,102532,control,2026-04-03 08:47:36
304,1,102541,treatment,2026-04-12 17:55:38
305,1,102553,control,2026-04-13 13:02:49
306,1,102554,treatment,2026-04-11 11:14:32
307,1,102561,treatment,2026-04-21 04:01:51
308,1,102573,treatment,2026-04-09 19:41:36
309,1,102579,control,2026-04-07 11:10:13
310,1,102586,treatment,2026-04-03 14:14:00
311,1,102597,control,2026-04-08 21:43:11
312,1,102600,treatment,2026-04-03 15:26:14
313,1,102602,treatment,2026-04-02 13:20:42
314,1,102607,treatment,2026-04-14 22:43:10
315,1,102619,treatment,2026-04-11 17:48:36
316,1,102622,control,2026-04-18 06:57:57
317,1,102627,treatment,2026-04-08 21:42:05
318,1,102640,treatment,2026-04-09 19:10:50
319,1,102649,treatment,2026-04-09 07:45:55
320,1,102659,control,2026-04-04 08:22:24
321,1,102669,control,2026-04-14 09:40:57
322,1,102672,treatment,2026-04-11 20:27:06
323,1,102681,treatment,2026-04-09 04:54:13
324,1,102685,control,2026-04-16 15:42:53
325,1,102707,control,2026-04-01 13:25:49
326,1,102712,control,2026-04-11 21:01:02
327,1,102714,treatment,2026-04-20 00:50:34
328,1,102719,control,2026-04-18 15:45:10
329,1,102722,control,2026-04-12 03:08:15
330,1,102725,control,2026-04-01 20:55:11
331,1,102730,control,2026-04-10 21:58:51
332,1,102746,control,2026-04-12 08:36:15
333,1,102751,control,2026-04-21 08:33:46
334,1,102759,control,2026-04-04 00:29:33
335,1,102768,treatment,2026-04-05 20:24:39
336,1,102770,treatment,2026-04-01 20:13:31
337,1,102787,treatment,2026-04-04 01:44:04
338,1,102791,control,2026-04-09 17:39:47
339,1,102814,control,2026-04-05 02:20:34
340,1,102818,treatment,2026-04-18 17:24:22
341,1,102822,treatment,2026-04-19 23:41:27
342,1,102827,control,2026-04-05 22:44:30
343,1,102829,control,2026-04-05 13:38:15
344,1,102850,control,2026-04-09 20:49:28
345,1,102857,control,2026-04-17 12:38:05
346,1,102876,control,2026-04-08 23:05:35
347,1,102885,treatment,2026-04-09 22:20:49
348,1,102889,treatment,2026-04-04 11:25:33
349,1,102891,control,2026-04-19 22:07:56
350,1,102897,control,2026-04-18 11:53:11
351,1,102900,control,2026-04-19 17:27:45
352,1,102910,control,2026-04-19 00:58:36
353,1,102917,control,2026-04-05 01:01:50
354,1,102920,treatment,2026-04-18 06:17:24
355,1,102940,control,2026-04-13 11:00:49
356,1,102942,control,2026-04-03 09:47:15
357,1,102943,treatment,2026-04-01 09:38:20
358,1,102959,control,2026-04-14 04:11:12
359,1,102963,control,2026-04-21 22:39:18
360,1,102964,treatment,2026-04-17 08:14:44
361,1,102966,treatment,2026-04-15 00:45:34
362,1,102989,treatment,2026-04-20 19:19:45
363,1,103000,control,2026-04-15 05:42:42
364,1,103002,control,2026-04-20 11:06:27
365,1,103010,control,2026-04-03 15:25:50
366,1,103012,treatment,2026-04-15 01:06:43
367,1,103019,control,2026-04-20 01:37:16
368,1,103026,control,2026-04-09 00:02:20
369,1,103037,control,2026-04-03 02:44:17
370,1,103059,treatment,2026-04-06 17:48:03
371,1,103068,treatment,2026-04-12 04:41:18
372,1,103104,control,2026-04-04 20:15:25
373,1,103110,treatment,2026-04-20 08:21:41
374,1,103114,treatment,2026-04-19 12:10:20
375,1,103117,control,2026-04-17 18:02:41
376,1,103130,control,2026-04-12 00:47:51
377,1,103137,treatment,2026-04-09 20:40:00
378,1,103139,control,2026-04-07 01:49:53
379,1,103163,treatment,2026-04-16 11:54:22
380,1,103164,treatment,2026-04-20 10:23:43
381,1,103169,treatment,2026-04-07 22:02:21
382,1,103170,treatment,2026-04-17 22:35:11
383,1,103178,control,2026-04-20 12:18:34
384,1,103208,treatment,2026-04-08 17:30:44
385,1,103218,control,2026-04-16 20:15:51
386,1,103220,treatment,2026-04-11 17:09:46
387,1,103228,treatment,2026-04-10 12:40:09
388,1,103229,treatment,2026-04-10 09:11:41
389,1,103237,treatment,2026-04-01 06:59:15
390,1,103252,control,2026-04-09 04:49:21
391,1,103258,control,2026-04-02 14:23:41
392,1,103292,control,2026-04-04 18:15:38
393,1,103294,control,2026-04-21 17:34:59
394,1,103296,treatment,2026-04-15 15:17:18
395,1,103310,control,2026-04-20 23:21:55
396,1,103324,treatment,2026-04-17 21:02:01
397,1,103330,control,2026-04-02 00:09:14
398,1,103334,control,2026-04-05 05:09:53
399,1,103337,control,2026-04-18 16:35:41
400,1,103338,control,2026-04-04 13:18:58
401,1,103340,treatment,2026-04-15 20:11:07
402,1,103353,treatment,2026-04-02 18:39:47
403,1,103360,control,2026-04-19 01:06:33
404,1,103371,control,2026-04-12 09:07:22
405,1,103385,treatment,2026-04-02 00:25:33
406,1,103408,treatment,2026-04-14 22:40:10
407,1,103410,treatment,2026-04-18 02:36:31
408,1,103416,treatment,2026-04-15 12:17:06
409,1,103418,control,2026-04-17 03:36:57
410,1,103429,treatment,2026-04-16 12:10:16
411,1,103441,treatment,2026-04-09 01:16:22
412,1,103442,treatment,2026-04-16 08:17:05
413,1,103460,treatment,2026-04-04 18:13:31
414,1,103462,control,2026-04-02 07:28:00
415,1,103470,treatment,2026-04-06 07:00:21
416,1,103471,control,2026-04-03 10:40:42
417,1,103485,treatment,2026-04-21 14:06:00
418,1,103489,control,2026-04-03 12:00:55
419,1,103505,control,2026-04-11 16:16:20
420,1,103532,control,2026-04-02 20:35:25
421,1,103535,control,2026-04-11 23:04:59
422,1,103539,treatment,2026-04-20 18:41:18
423,1,103545,treatment,2026-04-01 20:23:39
424,1,103587,control,2026-04-09 23:26:59
425,1,103591,control,2026-04-07 10:41:47
426,1,103593,control,2026-04-19 04:53:45
427,1,103595,treatment,2026-04-17 04:45:38
428,1,103597,control,2026-04-19 11:55:46
429,1,103602,treatment,2026-04-18 10:16:51
430,1,103604,treatment,2026-04-08 08:44:29
431,1,103606,control,2026-04-17 00:48:06
432,1,103625,control,2026-04-05 23:15:13
433,1,103630,control,2026-04-05 01:08:01
434,1,103633,control,2026-04-18 19:56:53
435,1,103639,control,2026-04-02 23:40:25
436,1,103641,treatment,2026-04-15 17:56:21
437,1,103654,control,2026-04-07 23:38:26
438,1,103660,control,2026-04-13 11:32:02
439,1,103666,control,2026-04-13 03:35:37
440,1,103672,treatment,2026-04-04 17:49:09
441,1,103677,control,2026-04-10 04:14:54
442,1,103685,treatment,2026-04-20 00:50:43
443,1,103715,control,2026-04-12 08:17:21
444,1,103721,control,2026-04-02 15:48:18
445,1,103731,control,2026-04-02 23:11:24
446,1,103744,treatment,2026-04-12 05:45:27
447,1,103750,control,2026-04-21 19:41:15
448,1,103751,control,2026-04-06 05:27:11
449,1,103753,treatment,2026-04-08 13:48:22
450,1,103756,control,2026-04-11 04:07:30
451,1,103757,control,2026-04-21 18:44:06
452,1,103766,control,2026-04-02 19:01:24
453,1,103770,control,2026-04-03 15:19:56
454,1,103779,control,2026-04-07 09:25:30
455,1,103795,control,2026-04-12 05:17:35
456,1,103802,treatment,2026-04-01 07:06:52
457,1,103803,treatment,2026-04-16 13:01:15
458,1,103812,control,2026-04-20 01:20:40
459,1,103816,control,2026-04-06 09:06:42
460,1,103818,control,2026-04-14 08:30:28
461,1,103821,treatment,2026-04-06 14:41:07
462,1,103830,treatment,2026-04-15 07:12:22
463,1,103835,treatment,2026-04-08 08:37:45
464,1,103853,treatment,2026-04-05 14:34:27
465,1,103856,treatment,2026-04-17 05:02:51
466,1,103857,treatment,2026-04-20 21:30:34
467,1,103859,control,2026-04-01 20:04:49
468,1,103867,control,2026-04-19 00:39:06
469,1,103868,control,2026-04-15 23:49:23
470,1,103875,control,2026-04-11 01:54:32
471,1,103883,treatment,2026-04-09 17:32:14
472,1,103887,treatment,2026-04-16 21:27:23
473,1,103889,control,2026-04-03 16:06:27
474,1,103893,treatment,2026-04-01 04:37:33
475,1,103906,control,2026-04-06 18:09:03
476,1,103912,treatment,2026-04-17 19:20:48
477,1,103914,control,2026-04-17 23:08:26
478,1,103918,treatment,2026-04-10 12:00:43
479,1,103929,treatment,2026-04-02 03:34:48
480,1,103933,treatment,2026-04-05 18:51:16
481,1,103947,treatment,2026-04-14 04:51:30
482,1,103949,control,2026-04-01 15:54:38
483,1,103961,control,2026-04-13 15:08:15
484,1,103962,control,2026-04-18 15:31:36
485,1,103970,control,2026-04-05 08:42:19
486,1,103991,control,2026-04-01 11:49:13
487,1,104014,treatment,2026-04-05 08:48:48
488,1,104022,treatment,2026-04-05 06:12:24
489,1,104023,treatment,2026-04-01 19:21:21
490,1,104029,treatment,2026-04-17 21:40:34
491,1,104049,control,2026-04-03 07:07:20
492,1,104051,control,2026-04-14 06:31:16
493,1,104054,control,2026-04-21 01:00:33
494,1,104069,control,2026-04-15 15:19:57
495,1,104077,control,2026-04-21 00:42:52
496,1,104087,control,2026-04-06 04:13:15
497,1,104088,control,2026-04-04 07:02:29
498,1,104120,treatment,2026-04-06 07:33:24
499,1,104143,treatment,2026-04-03 08:18:01
500,1,104154,treatment,2026-04-08 23:19:52
501,1,104177,control,2026-04-10 12:27:56
502,1,104186,treatment,2026-04-09 05:33:49
503,1,104188,control,2026-04-07 07:09:21
504,1,104201,control,2026-04-16 12:52:40
505,1,104210,treatment,2026-04-02 15:43:50
506,1,104213,control,2026-04-01 08:02:32
507,1,104215,treatment,2026-04-03 18:51:04
508,1,104219,control,2026-04-17 16:20:41
509,1,104224,treatment,2026-04-16 07:03:07
510,1,104250,treatment,2026-04-16 03:27:19
511,1,104256,treatment,2026-04-15 07:29:57
512,1,104263,treatment,2026-04-03 12:53:47
513,1,104301,control,2026-04-15 19:39:54
514,1,104302,control,2026-04-01 09:04:13
515,1,104342,treatment,2026-04-16 20:36:55
516,1,104343,treatment,2026-04-09 10:44:23
517,1,104344,control,2026-04-06 21:53:15
518,1,104356,control,2026-04-11 14:50:42
519,1,104361,control,2026-04-02 14:29:50
520,1,104362,control,2026-04-08 03:38:17
521,1,104367,control,2026-04-12 15:27:40
522,1,104375,control,2026-04-09 02:41:21
523,1,104381,control,2026-04-15 00:38:48
524,1,104403,treatment,2026-04-13 05:57:49
525,1,104426,control,2026-04-12 16:46:20
526,1,104440,treatment,2026-04-06 21:12:57
527,1,104446,treatment,2026-04-17 13:28:59
528,1,104448,control,2026-04-13 20:15:34
529,1,104454,treatment,2026-04-13 09:16:06
530,1,104471,treatment,2026-04-04 11:13:58
531,1,104478,treatment,2026-04-05 13:12:10
532,1,104487,control,2026-04-20 02:09:10
533,1,104493,control,2026-04-03 21:35:23
534,1,104499,treatment,2026-04-13 05:28:53
535,1,104503,treatment,2026-04-01 19:47:20
536,1,104514,treatment,2026-04-04 17:20:09
537,1,104521,control,2026-04-08 18:57:01
538,1,104532,treatment,2026-04-15 01:58:41
539,1,104533,control,2026-04-20 10:29:12
540,1,104535,treatment,2026-04-17 13:32:47
541,1,104538,treatment,2026-04-13 19:20:40
542,1,104540,control,2026-04-02 07:08:58
543,1,104545,control,2026-04-07 18:39:02
544,1,104576,control,2026-04-13 02:16:28
545,1,104577,treatment,2026-04-17 05:32:23
546,1,104580,treatment,2026-04-16 12:44:14
547,1,104586,control,2026-04-18 07:35:10
548,1,104605,control,2026-04-01 18:40:42
549,1,104606,control,2026-04-08 11:20:27
550,1,104609,treatment,2026-04-15 01:56:56
551,1,104610,treatment,2026-04-21 03:46:39
552,1,104612,treatment,2026-04-18 11:51:18
553,1,104630,control,2026-04-18 02:10:40
554,1,104649,treatment,2026-04-10 19:31:24
555,1,104653,control,2026-04-11 23:54:37
556,1,104668,treatment,2026-04-07 16:09:59
557,1,104669,control,2026-04-09 18:54:20
558,1,104694,control,2026-04-05 15:54:40
559,1,104699,control,2026-04-06 09:35:21
560,1,104712,treatment,2026-04-10 13:21:07
561,1,104731,treatment,2026-04-01 17:32:48
562,1,104747,treatment,2026-04-15 18:27:02
563,1,104748,control,2026-04-10 22:28:16
564,1,104758,control,2026-04-10 07:11:36
565,1,104773,control,2026-04-14 00:44:48
566,1,104778,control,2026-04-08 15:29:40
567,1,104781,control,2026-04-14 13:30:38
568,1,104791,control,2026-04-07 14:44:50
569,1,104792,treatment,2026-04-17 11:03:49
570,1,104793,control,2026-04-14 18:45:17
571,1,104804,control,2026-04-02 15:41:11
572,1,104805,treatment,2026-04-07 17:20:38
573,1,104810,control,2026-04-03 22:44:58
574,1,104812,control,2026-04-04 20:32:31
575,1,104819,treatment,2026-04-04 12:20:21
576,1,104827,control,2026-04-02 19:24:33
577,1,104849,control,2026-04-20 21:40:50
578,1,104857,control,2026-04-12 23:52:19
579,1,104865,treatment,2026-04-13 05:29:27
580,1,104879,control,2026-04-04 20:41:31
581,1,104883,control,2026-04-10 10:52:31
582,1,104889,treatment,2026-04-12 10:31:01
583,1,104891,control,2026-04-12 19:45:32
584,1,104894,treatment,2026-04-19 03:05:09
585,1,104901,control,2026-04-19 17:00:01
586,1,104903,control,2026-04-04 12:37:55
587,1,104905,control,2026-04-16 11:28:34
588,1,104911,control,2026-04-02 18:25:17
589,1,104914,control,2026-04-07 12:59:08
590,1,104919,control,2026-04-14 01:20:24
591,1,104927,treatment,2026-04-14 06:16:24
592,1,104929,treatment,2026-04-13 21:31:48
593,1,104939,control,2026-04-01 10:29:28
594,1,104968,control,2026-04-10 18:51:43
595,1,104971,control,2026-04-16 21:45:47
596,1,104983,control,2026-04-01 20:27:45
597,1,104985,control,2026-04-07 02:12:32
598,1,104994,control,2026-04-20 03:38:51
599,1,105004,treatment,2026-04-15 04:57:53
600,1,105009,control,2026-04-03 15:21:58
601,1,105029,treatment,2026-04-06 11:00:44
602,1,105034,control,2026-04-09 00:24:31
603,1,105038,control,2026-04-19 22:50:28
604,1,105050,control,2026-04-20 20:14:59
605,1,105051,treatment,2026-04-04 15:41:38
606,1,105052,treatment,2026-04-18 21:43:56
607,1,105053,treatment,2026-04-18 06:16:11
608,1,105057,control,2026-04-02 15:06:32
609,1,105062,treatment,2026-04-12 21:28:52
610,1,105075,control,2026-04-01 09:46:09
611,1,105080,control,2026-04-02 19:01:38
612,1,105087,control,2026-04-18 02:48:28
613,1,105091,treatment,2026-04-06 17:21:59
614,1,105092,treatment,2026-04-05 12:51:32
615,1,105101,treatment,2026-04-06 11:49:36
616,1,105112,control,2026-04-18 11:23:15
617,1,105113,control,2026-04-18 01:04:30
618,1,105120,control,2026-04-16 02:04:22
619,1,105134,control,2026-04-08 00:28:07
620,1,105140,treatment,2026-04-05 20:46:32
621,1,105142,control,2026-04-18 20:46:08
622,1,105161,control,2026-04-15 17:56:25
623,1,105173,treatment,2026-04-21 21:11:49
624,1,105189,control,2026-04-09 21:54:49
625,1,105195,control,2026-04-01 21:26:47
626,1,105204,treatment,2026-04-17 20:53:39
627,1,105214,treatment,2026-04-02 20:57:17
628,1,105226,treatment,2026-04-08 02:14:57
629,1,105236,treatment,2026-04-12 15:55:39
630,1,105239,treatment,2026-04-10 09:23:10
631,1,105243,treatment,2026-04-08 12:07:16
632,1,105252,control,2026-04-13 10:43:10
633,1,105256,control,2026-04-05 13:34:10
634,1,105257,treatment,2026-04-20 15:30:52
635,1,105259,treatment,2026-04-01 15:35:39
636,1,105264,treatment,2026-04-18 00:53:03
637,1,105275,treatment,2026-04-11 00:39:11
638,1,105305,control,2026-04-09 09:23:08
639,1,105306,control,2026-04-04 11:55:10
640,1,105316,treatment,2026-04-09 09:30:31
641,1,105320,treatment,2026-04-08 23:10:08
642,1,105324,treatment,2026-04-16 16:26:13
643,1,105327,treatment,2026-04-11 00:27:04
644,1,105331,treatment,2026-04-17 21:14:27
645,1,105332,control,2026-04-09 15:35:21
646,1,105339,treatment,2026-04-12 06:25:42
647,1,105352,treatment,2026-04-12 09:58:39
648,1,105357,control,2026-04-12 09:16:55
649,1,105392,treatment,2026-04-03 16:43:26
650,1,105397,treatment,2026-04-08 08:44:54
651,1,105407,control,2026-04-08 03:58:45
652,1,105423,control,2026-04-02 12:21:38
653,1,105428,control,2026-04-07 19:53:09
654,1,105447,control,2026-04-01 02:08:47
655,1,105454,treatment,2026-04-07 13:51:23
656,1,105457,control,2026-04-07 02:05:09
657,1,105459,control,2026-04-14 06:00:21
658,1,105464,control,2026-04-03 03:42:54
659,1,105468,treatment,2026-04-11 02:25:54
660,1,105473,treatment,2026-04-03 20:09:57
661,1,105492,control,2026-04-03 15:50:16
662,1,105496,control,2026-04-09 16:49:56
663,1,105504,control,2026-04-02 11:10:54
664,1,105506,treatment,2026-04-09 16:09:20
665,1,105507,treatment,2026-04-02 08:47:21
666,1,105512,treatment,2026-04-17 16:50:33
667,1,105514,control,2026-04-13 05:18:38
668,1,105518,control,2026-04-13 21:16:39
669,1,105538,treatment,2026-04-15 19:07:11
670,1,105542,control,2026-04-07 12:30:53
671,1,105546,treatment,2026-04-02 19:39:49
672,1,105553,treatment,2026-04-21 23:24:40
673,1,105563,control,2026-04-04 19:34:00
674,1,105564,treatment,2026-04-11 15:20:37
675,1,105568,treatment,2026-04-04 18:52:06
676,1,105579,control,2026-04-11 20:40:47
677,1,105580,control,2026-04-02 20:02:26
678,1,105581,treatment,2026-04-20 01:22:30
679,1,105584,treatment,2026-04-03 21:53:43
680,1,105592,control,2026-04-16 22:12:52
681,1,105595,control,2026-04-14 16:18:10
682,1,105596,control,2026-04-16 17:23:34
683,1,105602,treatment,2026-04-10 10:23:05
684,1,105619,control,2026-04-08 05:01:25
685,1,105620,treatment,2026-04-01 17:13:04
686,1,105623,control,2026-04-14 19:55:45
687,1,105632,treatment,2026-04-17 02:00:34
688,1,105646,treatment,2026-04-01 20:09:19
689,1,105652,treatment,2026-04-06 02:43:30
690,1,105663,control,2026-04-01 23:14:35
691,1,105665,control,2026-04-17 08:39:48
692,1,105671,control,2026-04-05 15:19:13
693,1,105678,treatment,2026-04-13 06:44:39
694,1,105681,treatment,2026-04-13 04:55:56
695,1,105687,control,2026-04-19 09:33:10
696,1,105695,control,2026-04-04 06:58:34
697,1,105710,treatment,2026-04-02 09:34:56
698,1,105713,control,2026-04-02 02:16:13
699,1,105722,control,2026-04-07 21:45:18
700,1,105728,treatment,2026-04-19 03:12:37
701,1,105744,treatment,2026-04-03 01:16:06
702,1,105745,treatment,2026-04-04 10:47:29
703,1,105752,treatment,2026-04-06 15:26:10
704,1,105756,control,2026-04-06 10:06:32
705,1,105771,control,2026-04-10 02:48:43
706,1,105772,treatment,2026-04-18 11:20:56
707,1,105774,treatment,2026-04-17 04:34:15
708,1,105775,treatment,2026-04-05 16:10:19
709,1,105784,treatment,2026-04-19 09:56:47
710,1,105785,treatment,2026-04-08 21:17:43
711,1,105801,control,2026-04-14 04:08:19
712,1,105806,treatment,2026-04-09 19:10:49
713,1,105807,treatment,2026-04-17 14:20:03
714,1,105812,treatment,2026-04-03 19:25:33
715,1,105829,control,2026-04-07 12:15:08
716,1,105835,control,2026-04-16 01:32:17
717,1,105838,treatment,2026-04-13 14:57:46
718,1,105842,treatment,2026-04-13 08:05:56
719,1,105848,control,2026-04-14 09:46:24
720,1,105849,control,2026-04-11 10:50:34
721,1,105852,treatment,2026-04-08 23:39:14
722,1,105881,control,2026-04-04 17:17:23
723,1,105896,treatment,2026-04-01 02:39:39
724,1,105901,treatment,2026-04-02 05:54:56
725,1,105914,control,2026-04-14 00:56:18
726,1,105918,control,2026-04-05 11:19:28
727,1,105924,control,2026-04-10 20:22:40
728,1,105945,treatment,2026-04-17 11:40:37
729,1,105948,control,2026-04-17 18:24:58
730,1,105954,control,2026-04-16 11:42:09
731,1,105962,treatment,2026-04-06 12:09:16
732,1,105966,treatment,2026-04-17 05:03:39
733,1,105967,treatment,2026-04-16 04:22:16
734,1,105973,control,2026-04-06 12:26:02
735,1,105975,treatment,2026-04-08 23:07:58
736,1,105986,control,2026-04-18 17:45:35
737,1,105989,treatment,2026-04-14 08:56:41
738,1,105999,control,2026-04-13 15:46:41
739,1,106000,control,2026-04-03 22:32:11
740,1,106014,treatment,2026-04-02 22:17:30
741,1,106022,control,2026-04-12 07:34:05
742,1,106030,treatment,2026-04-14 02:54:59
743,1,106033,control,2026-04-10 07:22:15
744,1,106043,control,2026-04-15 19:41:35
745,1,106059,treatment,2026-04-18 11:52:26
746,1,106064,treatment,2026-04-11 09:14:37
747,1,106065,control,2026-04-21 14:01:13
748,1,106094,control,2026-04-16 16:24:05
749,1,106095,control,2026-04-17 22:35:44
750,1,106099,treatment,2026-04-18 10:02:29
751,1,106107,control,2026-04-15 00:19:35
752,1,106128,control,2026-04-03 10:19:02
753,1,106132,control,2026-04-04 19:36:39
754,1,106141,treatment,2026-04-17 07:21:48
755,1,106143,control,2026-04-16 22:22:53
756,1,106156,treatment,2026-04-04 21:04:30
757,1,106163,treatment,2026-04-06 03:29:34
758,1,106182,treatment,2026-04-18 16:29:14
759,1,106198,control,2026-04-11 20:38:48
760,1,106212,treatment,2026-04-14 14:17:22
761,1,106217,control,2026-04-21 01:05:43
762,1,106239,treatment,2026-04-05 06:18:00
763,1,106242,control,2026-04-19 15:04:05
764,1,106250,treatment,2026-04-04 22:10:15
765,1,106258,treatment,2026-04-10 09:17:19
766,1,106260,treatment,2026-04-08 21:16:31
767,1,106268,control,2026-04-14 13:17:31
768,1,106289,control,2026-04-15 03:27:17
769,1,106315,treatment,2026-04-15 12:57:40
770,1,106322,control,2026-04-05 02:10:52
771,1,106325,treatment,2026-04-16 02:51:51
772,1,106332,control,2026-04-08 07:11:36
773,1,106346,treatment,2026-04-19 17:51:01
774,1,106364,treatment,2026-04-11 03:22:45
775,1,106368,treatment,2026-04-16 17:40:13
776,1,106371,treatment,2026-04-07 07:07:45
777,1,106379,treatment,2026-04-07 13:43:22
778,1,106380,control,2026-04-11 17:19:26
779,1,106382,control,2026-04-09 07:54:38
780,1,106384,control,2026-04-09 23:25:02
781,1,106386,treatment,2026-04-04 10:48:49
782,1,106394,control,2026-04-02 08:24:25
783,1,106406,control,2026-04-20 01:53:51
784,1,106413,treatment,2026-04-13 16:43:50
785,1,106420,treatment,2026-04-17 07:04:37
786,1,106428,control,2026-04-04 19:39:37
787,1,106451,control,2026-04-01 04:26:19
788,1,106468,treatment,2026-04-08 22:56:44
789,1,106476,treatment,2026-04-07 18:46:05
790,1,106481,control,2026-04-17 13:25:06
791,1,106488,treatment,2026-04-07 05:22:56
792,1,106502,treatment,2026-04-09 08:45:42
793,1,106527,control,2026-04-14 11:43:41
794,1,106532,control,2026-04-09 23:02:19
795,1,106534,treatment,2026-04-07 13:53:04
796,1,106539,control,2026-04-03 19:18:19
797,1,106544,control,2026-04-21 13:02:33
798,1,106557,control,2026-04-20 08:31:06
799,1,106566,treatment,2026-04-18 21:49:38
800,1,106569,control,2026-04-11 18:00:54
801,1,106570,treatment,2026-04-05 22:14:30
802,1,106601,control,2026-04-15 08:00:30
803,1,106608,control,2026-04-03 08:38:12
804,1,106609,treatment,2026-04-06 00:19:18
805,1,106611,treatment,2026-04-18 07:05:03
806,1,106632,control,2026-04-06 18:04:07
807,1,106633,treatment,2026-04-16 03:35:14
808,1,106642,treatment,2026-04-11 18:31:30
809,1,106657,treatment,2026-04-02 07:00:41
810,1,106658,treatment,2026-04-08 22:00:31
811,1,106663,treatment,2026-04-01 14:44:17
812,1,106679,treatment,2026-04-13 14:16:24
813,1,106686,control,2026-04-02 10:09:11
814,1,106696,treatment,2026-04-09 07:06:53
815,1,106697,treatment,2026-04-08 13:03:48
816,1,106700,treatment,2026-04-09 04:13:51
817,1,106709,treatment,2026-04-12 19:34:38
818,1,106711,control,2026-04-14 18:42:07
819,1,106716,treatment,2026-04-13 00:46:07
820,1,106726,control,2026-04-02 20:28:06
821,1,106736,treatment,2026-04-17 10:31:56
822,1,106740,control,2026-04-02 13:26:42
823,1,106751,control,2026-04-07 21:19:55
824,1,106752,control,2026-04-01 00:57:54
825,1,106754,treatment,2026-04-08 19:06:47
826,1,106757,control,2026-04-06 12:31:56
827,1,106760,control,2026-04-01 22:10:52
828,1,106786,treatment,2026-04-02 18:58:05
829,1,106789,treatment,2026-04-02 01:49:04
830,1,106808,control,2026-04-04 23:12:30
831,1,106810,treatment,2026-04-04 16:21:24
832,1,106814,control,2026-04-18 10:04:04
833,1,106817,treatment,2026-04-18 21:15:06
834,1,106835,control,2026-04-02 23:41:39
835,1,106845,control,2026-04-08 21:07:02
836,1,106846,control,2026-04-08 00:31:54
837,1,106854,treatment,2026-04-08 18:39:55
838,1,106861,control,2026-04-14 11:33:42
839,1,106862,control,2026-04-14 17:53:44
840,1,106886,control,2026-04-08 07:23:43
841,1,106893,control,2026-04-21 09:03:36
842,1,106916,treatment,2026-04-18 19:55:41
843,1,106928,treatment,2026-04-07 02:32:29
844,1,106932,treatment,2026-04-07 03:57:23
845,1,106942,treatment,2026-04-09 04:30:03
846,1,106950,control,2026-04-08 23:00:49
847,1,106951,control,2026-04-06 05:25:11
848,1,106961,control,2026-04-18 10:24:26
849,1,106964,treatment,2026-04-13 08:36:34
850,1,106969,treatment,2026-04-03 02:39:51
851,1,106970,treatment,2026-04-17 03:27:44
852,1,106973,control,2026-04-10 10:29:04
853,1,106986,control,2026-04-10 06:26:46
854,1,106989,treatment,2026-04-17 07:51:11
855,1,106994,control,2026-04-09 16:14:55
856,1,106999,treatment,2026-04-17 09:05:18
857,1,107003,treatment,2026-04-01 07:43:27
858,1,107005,treatment,2026-04-15 20:45:01
859,1,107016,treatment,2026-04-17 00:58:37
860,1,107020,treatment,2026-04-05 13:02:07
861,1,107023,treatment,2026-04-02 20:29:30
862,1,107024,control,2026-04-01 15:05:58
863,1,107025,control,2026-04-17 02:42:43
864,1,107029,control,2026-04-14 15:48:54
865,1,107051,control,2026-04-20 05:21:30
866,1,107055,control,2026-04-16 17:49:10
867,1,107058,control,2026-04-14 00:55:51
868,1,107066,control,2026-04-05 16:09:13
869,1,107067,control,2026-04-05 00:56:06
870,1,107086,control,2026-04-07 06:09:26
871,1,107090,control,2026-04-01 08:17:17
872,1,107097,control,2026-04-04 06:28:14
873,1,107100,treatment,2026-04-19 08:21:32
874,1,107103,control,2026-04-01 19:18:17
875,1,107105,treatment,2026-04-16 03:05:13
876,1,107119,treatment,2026-04-09 09:34:29
877,1,107133,treatment,2026-04-15 01:44:46
878,1,107145,treatment,2026-04-19 21:05:47
879,1,107147,treatment,2026-04-19 23:52:26
880,1,107149,treatment,2026-04-13 13:59:25
881,1,107175,treatment,2026-04-09 16:45:29
882,1,107199,treatment,2026-04-17 13:42:18
883,1,107207,control,2026-04-01 01:30:29
884,1,107208,treatment,2026-04-18 00:20:30
885,1,107212,control,2026-04-15 20:16:37
886,1,107213,treatment,2026-04-10 23:32:24
887,1,107224,treatment,2026-04-19 04:41:03
888,1,107234,treatment,2026-04-08 13:17:10
889,1,107248,control,2026-04-15 04:49:57
890,1,107252,control,2026-04-13 11:45:03
891,1,107255,treatment,2026-04-09 19:01:14
892,1,107262,treatment,2026-04-03 23:33:51
893,1,107289,control,2026-04-05 00:08:31
894,1,107301,control,2026-04-04 04:49:12
895,1,107322,treatment,2026-04-11 04:37:51
896,1,107326,control,2026-04-17 06:48:11
897,1,107338,treatment,2026-04-10 10:38:59
898,1,107355,control,2026-04-14 11:07:07
899,1,107359,control,2026-04-16 10:23:11
900,1,107360,treatment,2026-04-18 00:48:22
901,1,107366,treatment,2026-04-15 10:44:28
902,1,107367,control,2026-04-19 11:53:14
903,1,107370,control,2026-04-05 09:39:50
904,1,107377,treatment,2026-04-14 02:42:44
905,1,107388,treatment,2026-04-10 21:15:20
906,1,107391,control,2026-04-04 16:11:40
907,1,107409,treatment,2026-04-11 13:54:38
908,1,107421,control,2026-04-13 08:49:18
909,1,107425,control,2026-04-09 13:18:22
910,1,107437,treatment,2026-04-16 19:16:52
911,1,107439,control,2026-04-09 01:21:07
912,1,107443,control,2026-04-05 16:37:26
913,1,107448,control,2026-04-10 19:02:38
914,1,107450,treatment,2026-04-11 18:32:37
915,1,107481,control,2026-04-11 21:49:12
916,1,107491,control,2026-04-20 19:23:22
917,1,107522,control,2026-04-20 17:34:47
918,1,107537,treatment,2026-04-18 14:13:00
919,1,107552,control,2026-04-02 07:36:41
920,1,107557,treatment,2026-04-02 19:40:45
921,1,107561,control,2026-04-18 23:33:47
922,1,107572,control,2026-04-08 20:17:16
923,1,107575,treatment,2026-04-05 16:08:39
924,1,107598,control,2026-04-20 13:08:55
925,1,107599,treatment,2026-04-18 07:57:51
926,1,107604,treatment,2026-04-09 18:56:58
927,1,107608,treatment,2026-04-09 03:33:50
928,1,107623,treatment,2026-04-21 02:55:05
929,1,107626,control,2026-04-20 05:29:33
930,1,107628,treatment,2026-04-04 16:07:40
931,1,107629,control,2026-04-07 23:59:04
932,1,107631,treatment,2026-04-06 09:44:11
933,1,107634,control,2026-04-05 19:50:55
934,1,107641,control,2026-04-21 14:22:29
935,1,107642,treatment,2026-04-19 15:20:12
936,1,107643,control,2026-04-17 19:19:01
937,1,107646,treatment,2026-04-19 00:58:09
938,1,107649,treatment,2026-04-09 11:09:53
939,1,107670,control,2026-04-16 19:32:46
940,1,107677,control,2026-04-21 22:32:40
941,1,107683,treatment,2026-04-03 01:05:57
942,1,107692,treatment,2026-04-16 01:44:18
943,1,107713,control,2026-04-07 12:46:14
944,1,107716,control,2026-04-09 02:27:12
945,1,107720,treatment,2026-04-18 21:35:25
946,1,107731,control,2026-04-12 04:50:23
947,1,107745,control,2026-04-02 00:10:00
948,1,107755,treatment,2026-04-11 14:21:59
949,1,107770,control,2026-04-02 00:44:57
950,1,107774,treatment,2026-04-18 21:27:28
951,1,107781,treatment,2026-04-05 22:53:46
952,1,107790,treatment,2026-04-03 06:43:14
953,1,107799,control,2026-04-02 18:44:15
954,1,107800,treatment,2026-04-06 04:20:23
955,1,107811,control,2026-04-06 23:19:12
956,1,107816,treatment,2026-04-01 06:05:54
957,1,107818,control,2026-04-05 19:17:37
958,1,107834,control,2026-04-08 10:48:00
959,1,107836,treatment,2026-04-04 08:54:16
960,1,107844,treatment,2026-04-03 11:14:38
961,1,107846,treatment,2026-04-12 23:35:34
962,1,107851,treatment,2026-04-16 12:03:22
963,1,107870,control,2026-04-16 20:15:50
964,1,107887,treatment,2026-04-20 21:57:39
965,1,107894,control,2026-04-14 05:47:18
966,1,107905,treatment,2026-04-02 23:16:21
967,1,107923,control,2026-04-20 11:01:04
968,1,107925,treatment,2026-04-10 16:41:24
969,1,107928,control,2026-04-01 19:24:02
970,1,107931,treatment,2026-04-11 15:32:55
971,1,107933,control,2026-04-19 21:05:40
972,1,107945,treatment,2026-04-14 15:52:57
973,1,107948,control,2026-04-12 03:17:15
974,1,107965,treatment,2026-04-05 10:26:21
975,1,107991,control,2026-04-04 16:19:52
976,1,107992,treatment,2026-04-09 14:52:41
977,1,108001,control,2026-04-17 12:38:41
978,1,108008,treatment,2026-04-06 17:40:00
979,1,108011,control,2026-04-09 08:03:30
980,1,108013,treatment,2026-04-06 09:32:59
981,1,108037,control,2026-04-15 17:06:15
982,1,108048,control,2026-04-06 00:40:42
983,1,108057,control,2026-04-03 15:48:02
984,1,108071,control,2026-04-02 00:43:16
985,1,108086,treatment,2026-04-06 04:57:58
986,1,108108,treatment,2026-04-12 23:42:28
987,1,108125,control,2026-04-15 18:44:15
988,1,108136,treatment,2026-04-10 20:57:28
989,1,108150,treatment,2026-04-04 23:37:58
990,1,108154,treatment,2026-04-04 20:00:59
991,1,108156,treatment,2026-04-18 08:41:15
992,1,108165,control,2026-04-11 00:23:52
993,1,108174,control,2026-04-13 20:20:24
994,1,108176,control,2026-04-19 04:37:15
995,1,108183,treatment,2026-04-13 12:09:37
996,1,108186,control,2026-04-08 09:24:09
997,1,108197,treatment,2026-04-13 14:16:08
998,1,108200,treatment,2026-04-01 05:35:33
999,1,108203,control,2026-04-18 12:26:21
1000,1,108207,control,2026-04-17 02:24:21
1001,1,108214,treatment,2026-04-13 13:46:42
1002,1,108219,treatment,2026-04-01 17:26:12
1003,1,108223,control,2026-04-06 10:39:28
1004,1,108225,control,2026-04-14 15:14:23
1005,1,108231,treatment,2026-04-17 09:22:43
1006,1,108234,treatment,2026-04-01 06:23:09
1007,1,108237,control,2026-04-08 11:26:10
1008,1,108244,control,2026-04-20 01:35:04
1009,1,108261,control,2026-04-21 10:28:33
1010,1,108264,treatment,2026-04-03 00:59:32
1011,1,108284,treatment,2026-04-04 13:58:47
1012,1,108290,treatment,2026-04-12 01:43:07
1013,1,108302,treatment,2026-04-02 03:18:54
1014,1,108305,control,2026-04-02 14:07:35
1015,1,108318,control,2026-04-04 08:22:03
1016,1,108332,control,2026-04-07 16:00:43
1017,1,108334,control,2026-04-17 10:42:40
1018,1,108335,treatment,2026-04-07 20:54:22
1019,1,108366,control,2026-04-07 02:38:57
1020,1,108367,control,2026-04-16 15:23:08
1021,1,108372,treatment,2026-04-01 07:55:54
1022,1,108388,control,2026-04-17 21:50:57
1023,1,108397,treatment,2026-04-04 13:26:03
1024,1,108409,control,2026-04-08 10:11:39
1025,1,108410,treatment,2026-04-09 18:05:23
1026,1,108431,control,2026-04-09 12:48:00
1027,1,108434,treatment,2026-04-15 22:58:57
1028,1,108438,control,2026-04-07 20:36:34
1029,1,108451,treatment,2026-04-08 02:04:19
1030,1,108458,treatment,2026-04-04 10:30:42
1031,1,108459,control,2026-04-19 22:33:09
1032,1,108461,control,2026-04-21 13:17:56
1033,1,108469,control,2026-04-02 22:51:35
1034,1,108479,treatment,2026-04-15 21:28:42
1035,1,108488,treatment,2026-04-03 08:26:19
1036,1,108495,control,2026-04-08 12:45:43
1037,1,108501,control,2026-04-11 20:40:25
1038,1,108517,control,2026-04-07 15:08:25
1039,1,108539,treatment,2026-04-13 05:25:56
1040,1,108546,control,2026-04-18 02:23:51
1041,1,108557,control,2026-04-11 17:00:18
1042,1,108560,treatment,2026-04-16 05:25:50
1043,1,108568,control,2026-04-13 15:23:31
1044,1,108569,control,2026-04-01 02:41:43
1045,1,108576,treatment,2026-04-13 12:51:55
1046,1,108578,treatment,2026-04-03 17:58:39
1047,1,108594,control,2026-04-07 07:28:30
1048,1,108600,treatment,2026-04-20 04:12:53
1049,1,108602,treatment,2026-04-01 13:00:11
1050,1,108612,treatment,2026-04-18 19:46:21
1051,1,108621,control,2026-04-13 13:57:25
1052,1,108624,control,2026-04-06 20:16:22
1053,1,108626,control,2026-04-18 15:01:26
1054,1,108632,control,2026-04-06 20:49:38
1055,1,108659,treatment,2026-04-12 09:29:24
1056,1,108666,treatment,2026-04-09 22:15:05
1057,1,108669,control,2026-04-04 11:30:42
1058,1,108678,control,2026-04-01 09:47:28
1059,1,108681,treatment,2026-04-07 22:19:57
1060,1,108686,treatment,2026-04-12 23:50:06
1061,1,108698,control,2026-04-20 02:43:04
1062,1,108703,treatment,2026-04-05 06:45:38
1063,1,108710,treatment,2026-04-14 22:18:19
1064,1,108715,treatment,2026-04-13 10:42:24
1065,1,108729,treatment,2026-04-13 18:05:03
1066,1,108741,control,2026-04-01 19:51:39
1067,1,108759,treatment,2026-04-12 06:25:36
1068,1,108760,treatment,2026-04-04 14:39:44
1069,1,108765,control,2026-04-01 07:03:12
1070,1,108770,control,2026-04-06 04:31:26
1071,1,108772,treatment,2026-04-17 13:20:51
1072,1,108786,treatment,2026-04-14 21:23:54
1073,1,108791,control,2026-04-14 14:59:35
1074,1,108792,control,2026-04-06 19:01:33
1075,1,108808,treatment,2026-04-20 04:35:06
1076,1,108813,treatment,2026-04-04 00:58:37
1077,1,108825,treatment,2026-04-17 18:22:05
1078,1,108829,control,2026-04-14 01:03:25
1079,1,108832,treatment,2026-04-05 13:25:27
1080,1,108834,treatment,2026-04-09 23:50:39
1081,1,108849,control,2026-04-11 04:40:52
1082,1,108851,control,2026-04-09 17:17:51
1083,1,108868,control,2026-04-08 17:08:30
1084,1,108877,treatment,2026-04-07 12:30:31
1085,1,108882,treatment,2026-04-10 02:49:00
1086,1,108884,treatment,2026-04-16 05:06:40
1087,1,108889,treatment,2026-04-02 20:50:37
1088,1,108895,control,2026-04-12 15:02:54
1089,1,108912,control,2026-04-14 07:12:04
1090,1,108942,treatment,2026-04-21 15:35:55
1091,1,108949,control,2026-04-18 04:33:04
1092,1,108958,treatment,2026-04-03 20:23:48
1093,1,108960,control,2026-04-02 08:04:28
1094,1,108984,treatment,2026-04-18 13:04:34
1095,1,109000,control,2026-04-13 11:36:39
1096,1,109007,treatment,2026-04-13 20:48:28
1097,1,109015,treatment,2026-04-18 09:33:02
1098,1,109021,treatment,2026-04-05 13:22:10
1099,1,109030,control,2026-04-08 01:44:05
1100,1,109038,treatment,2026-04-06 19:58:08
1101,1,109043,treatment,2026-04-17 09:19:57
1102,1,109069,treatment,2026-04-02 06:29:25
1103,1,109093,control,2026-04-01 03:56:59
1104,1,109109,control,2026-04-09 01:16:52
1105,1,109115,control,2026-04-21 05:58:44
1106,1,109116,treatment,2026-04-07 08:30:37
1107,1,109118,control,2026-04-11 04:51:48
1108,1,109137,control,2026-04-13 17:08:32
1109,1,109149,control,2026-04-05 07:37:49
1110,1,109180,treatment,2026-04-19 10:00:14
1111,1,109209,control,2026-04-06 23:48:22
1112,1,109211,control,2026-04-12 07:22:22
1113,1,109214,treatment,2026-04-06 13:57:08
1114,1,109215,control,2026-04-07 20:07:20
1115,1,109229,treatment,2026-04-21 08:46:09
1116,1,109230,treatment,2026-04-19 09:01:32
1117,1,109243,control,2026-04-19 12:00:11
1118,1,109245,treatment,2026-04-03 20:06:06
1119,1,109259,treatment,2026-04-06 04:57:15
1120,1,109269,treatment,2026-04-10 09:50:01
1121,1,109281,treatment,2026-04-06 18:43:02
1122,1,109296,control,2026-04-10 22:15:55
1123,1,109308,control,2026-04-11 18:57:55
1124,1,109376,treatment,2026-04-02 08:01:32
1125,1,109404,treatment,2026-04-17 11:16:18
1126,1,109408,treatment,2026-04-09 15:29:46
1127,1,109414,treatment,2026-04-13 17:22:54
1128,1,109422,treatment,2026-04-05 11:50:47
1129,1,109426,control,2026-04-17 13:34:20
1130,1,109436,control,2026-04-16 07:13:06
1131,1,109459,control,2026-04-13 10:50:15
1132,1,109467,treatment,2026-04-06 22:26:12
1133,1,109471,control,2026-04-02 10:58:28
1134,1,109473,treatment,2026-04-12 08:43:51
1135,1,109474,control,2026-04-18 09:07:44
1136,1,109482,treatment,2026-04-03 04:26:50
1137,1,109490,treatment,2026-04-05 19:28:03
1138,1,109493,treatment,2026-04-21 02:08:08
1139,1,109511,control,2026-04-04 11:41:02
1140,1,109514,treatment,2026-04-10 02:50:16
1141,1,109517,control,2026-04-06 10:11:07
1142,1,109539,treatment,2026-04-06 22:11:15
1143,1,109546,control,2026-04-12 20:15:14
1144,1,109577,treatment,2026-04-08 02:11:33
1145,1,109579,control,2026-04-09 14:28:54
1146,1,109594,control,2026-04-14 11:28:42
1147,1,109598,treatment,2026-04-11 17:58:16
1148,1,109600,control,2026-04-01 01:06:06
1149,1,109616,control,2026-04-05 01:25:40
1150,1,109618,treatment,2026-04-07 02:45:31
1151,1,109640,control,2026-04-14 06:55:43
1152,1,109645,treatment,2026-04-16 17:52:18
1153,1,109671,control,2026-04-13 21:53:16
1154,1,109691,control,2026-04-01 09:42:32
1155,1,109694,control,2026-04-20 15:51:48
1156,1,109695,control,2026-04-17 18:13:23
1157,1,109697,treatment,2026-04-07 00:02:43
1158,1,109711,control,2026-04-15 09:29:38
1159,1,109718,control,2026-04-21 13:09:20
1160,1,109721,control,2026-04-03 04:35:08
1161,1,109723,control,2026-04-01 16:33:41
1162,1,109726,treatment,2026-04-12 16:45:04
1163,1,109728,control,2026-04-01 08:39:17
1164,1,109730,control,2026-04-07 11:15:22
1165,1,109733,treatment,2026-04-10 23:51:15
1166,1,109739,treatment,2026-04-15 02:13:05
1167,1,109742,treatment,2026-04-14 20:23:33
1168,1,109744,treatment,2026-04-15 20:43:35
1169,1,109765,treatment,2026-04-02 00:59:32
1170,1,109775,treatment,2026-04-19 08:31:01
1171,1,109781,treatment,2026-04-21 01:37:22
1172,1,109790,control,2026-04-10 13:21:14
1173,1,109815,treatment,2026-04-13 00:45:29
1174,1,109825,treatment,2026-04-10 13:35:43
1175,1,109839,treatment,2026-04-03 02:09:39
1176,1,109842,control,2026-04-20 13:59:37
1177,1,109848,treatment,2026-04-20 19:10:24
1178,1,109856,treatment,2026-04-20 21:50:49
1179,1,109857,control,2026-04-02 18:49:16
1180,1,109864,treatment,2026-04-14 13:37:14
1181,1,109865,control,2026-04-20 11:09:44
1182,1,109868,control,2026-04-03 11:33:49
1183,1,109869,control,2026-04-07 11:38:37
1184,1,109872,control,2026-04-14 13:28:32
1185,1,109879,control,2026-04-11 22:38:35
1186,1,109883,control,2026-04-18 14:18:10
1187,1,109887,treatment,2026-04-19 22:30:54
1188,1,109893,treatment,2026-04-01 14:21:17
1189,1,109905,treatment,2026-04-10 08:07:38
1190,1,109915,control,2026-04-12 01:53:21
1191,1,109917,control,2026-04-18 12:02:11
1192,1,109918,control,2026-04-19 02:16:11
1193,1,109919,treatment,2026-04-10 18:14:27
1194,1,109920,treatment,2026-04-20 00:54:43
1195,1,109928,treatment,2026-04-12 07:07:46
1196,1,109951,treatment,2026-04-15 20:23:32
1197,1,109952,treatment,2026-04-21 03:50:58
1198,1,109953,control,2026-04-07 09:13:32
1199,1,109968,control,2026-04-14 14:48:24
1200,1,109977,treatment,2026-04-09 09:33:26
1201,1,109978,control,2026-04-18 01:12:02
1202,1,109981,control,2026-04-01 12:56:01
1203,1,110001,treatment,2026-04-17 12:09:34
1204,1,110002,control,2026-04-03 12:42:30
1205,1,110016,treatment,2026-04-15 13:08:49
1206,1,110019,treatment,2026-04-14 15:53:51
1207,1,110023,control,2026-04-04 02:22:53
1208,1,110026,control,2026-04-20 12:51:40
1209,1,110028,control,2026-04-21 11:47:35
1210,1,110030,control,2026-04-17 00:00:49
1211,1,110036,treatment,2026-04-14 00:12:14
1212,1,110046,treatment,2026-04-02 07:32:40
1213,1,110048,treatment,2026-04-18 00:11:20
1214,1,110055,treatment,2026-04-08 17:44:51
1215,1,110065,treatment,2026-04-07 15:48:44
1216,1,110071,control,2026-04-15 05:24:32
1217,1,110084,treatment,2026-04-08 04:33:48
1218,1,110087,treatment,2026-04-04 19:55:17
1219,1,110089,control,2026-04-06 10:33:02
1220,1,110092,treatment,2026-04-06 13:45:03
1221,1,110094,treatment,2026-04-06 15:16:14
1222,1,110096,treatment,2026-04-15 20:37:38
1223,1,110099,treatment,2026-04-08 04:42:08
1224,1,110112,treatment,2026-04-19 12:02:59
1225,1,110127,control,2026-04-14 23:23:46
1226,1,110129,treatment,2026-04-17 18:26:26
1227,1,110142,control,2026-04-12 03:43:23
1228,1,110151,treatment,2026-04-01 02:28:26
1229,1,110170,treatment,2026-04-07 16:14:46
1230,1,110175,control,2026-04-16 11:21:45
1231,1,110180,treatment,2026-04-09 00:09:27
1232,1,110186,treatment,2026-04-17 21:44:52
1233,1,110195,control,2026-04-11 03:19:17
1234,1,110202,treatment,2026-04-17 12:20:16
1235,1,110211,treatment,2026-04-15 15:43:42
1236,1,110219,treatment,2026-04-19 08:06:05
1237,1,110220,treatment,2026-04-08 10:20:59
1238,1,110225,treatment,2026-04-07 10:44:56
1239,1,110227,control,2026-04-07 03:26:24
1240,1,110228,control,2026-04-12 10:47:15
1241,1,110250,control,2026-04-02 09:18:23
1242,1,110259,control,2026-04-19 03:18:10
1243,1,110261,control,2026-04-08 22:54:43
1244,1,110262,control,2026-04-08 14:17:10
1245,1,110274,control,2026-04-12 12:46:53
1246,1,110292,treatment,2026-04-02 16:03:15
1247,1,110293,control,2026-04-13 13:52:47
1248,1,110306,control,2026-04-17 13:30:15
1249,1,110321,control,2026-04-19 20:51:04
1250,1,110332,treatment,2026-04-15 23:52:14
1251,1,110337,treatment,2026-04-02 22:14:27
1252,1,110340,control,2026-04-07 00:21:09
1253,1,110342,control,2026-04-13 09:46:54
1254,1,110353,control,2026-04-03 07:15:50
1255,1,110357,treatment,2026-04-10 14:42:59
1256,1,110359,treatment,2026-04-16 20:44:53
1257,1,110377,control,2026-04-05 11:02:34
1258,1,110408,treatment,2026-04-11 10:28:51
1259,1,110412,treatment,2026-04-16 22:10:11
1260,1,110421,treatment,2026-04-08 14:09:28
1261,1,110448,treatment,2026-04-14 08:42:06
1262,1,110449,control,2026-04-20 02:01:34
1263,1,110456,treatment,2026-04-21 21:16:24
1264,1,110457,control,2026-04-09 06:43:23
1265,1,110474,control,2026-04-06 16:44:49
1266,1,110488,control,2026-04-13 03:37:34
1267,1,110491,treatment,2026-04-15 18:19:07
1268,1,110496,control,2026-04-01 10:25:41
1269,1,110501,control,2026-04-12 19:14:49
1270,1,110522,treatment,2026-04-14 16:03:59
1271,1,110531,control,2026-04-11 10:58:03
1272,1,110536,control,2026-04-09 15:18:48
1273,1,110552,treatment,2026-04-16 16:47:01
1274,1,110553,control,2026-04-07 12:57:03
1275,1,110557,treatment,2026-04-16 20:53:19
1276,1,110560,treatment,2026-04-21 06:03:34
1277,1,110562,control,2026-04-05 07:13:00
1278,1,110569,control,2026-04-12 12:40:08
1279,1,110579,control,2026-04-07 09:35:07
1280,1,110581,treatment,2026-04-17 17:23:17
1281,1,110584,treatment,2026-04-02 23:04:29
1282,1,110589,treatment,2026-04-21 00:11:25
1283,1,110592,treatment,2026-04-12 22:55:58
1284,1,110610,treatment,2026-04-05 00:47:43
1285,1,110621,treatment,2026-04-21 08:20:56
1286,1,110628,treatment,2026-04-03 19:02:47
1287,1,110631,control,2026-04-15 19:05:59
1288,1,110638,control,2026-04-12 14:48:58
1289,1,110662,treatment,2026-04-17 21:25:02
1290,1,110665,treatment,2026-04-12 08:13:35
1291,1,110682,control,2026-04-03 06:43:31
1292,1,110684,treatment,2026-04-20 00:17:20
1293,1,110690,control,2026-04-20 05:57:09
1294,1,110691,treatment,2026-04-14 15:22:54
1295,1,110718,treatment,2026-04-14 17:10:51
1296,1,110724,control,2026-04-13 23:11:58
1297,1,110725,treatment,2026-04-14 22:28:29
1298,1,110728,treatment,2026-04-01 15:41:51
1299,1,110736,control,2026-04-13 00:38:23
1300,1,110759,treatment,2026-04-08 18:24:06
1301,1,110768,control,2026-04-18 08:43:52
1302,1,110781,control,2026-04-19 16:59:56
1303,1,110786,treatment,2026-04-07 04:17:18
1304,1,110803,control,2026-04-14 06:44:10
1305,1,110836,control,2026-04-15 13:46:41
1306,1,110874,control,2026-04-04 12:10:35
1307,1,110880,control,2026-04-10 22:57:14
1308,1,110887,treatment,2026-04-18 04:09:12
1309,1,110888,control,2026-04-03 06:56:54
1310,1,110899,treatment,2026-04-20 21:42:37
1311,1,110914,control,2026-04-01 04:45:27
1312,1,110918,treatment,2026-04-21 01:37:02
1313,1,110921,treatment,2026-04-16 03:27:01
1314,1,110933,treatment,2026-04-02 10:55:51
1315,1,110934,control,2026-04-10 17:14:58
1316,1,110953,treatment,2026-04-19 22:55:49
1317,1,110955,control,2026-04-20 09:46:24
1318,1,110975,control,2026-04-07 04:50:11
1319,1,110979,control,2026-04-21 12:54:03
1320,1,110981,control,2026-04-17 11:24:04
1321,1,110984,treatment,2026-04-19 22:22:48
1322,1,110987,treatment,2026-04-03 03:20:07
1323,1,110996,control,2026-04-13 22:03:09
1324,1,111000,treatment,2026-04-04 11:17:36
1325,1,111009,control,2026-04-19 00:27:25
1326,1,111015,treatment,2026-04-18 16:06:58
1327,1,111016,control,2026-04-10 05:07:34
1328,1,111017,treatment,2026-04-21 05:13:23
1329,1,111042,control,2026-04-01 06:34:05
1330,1,111052,control,2026-04-16 13:29:22
1331,1,111060,control,2026-04-06 15:15:03
1332,1,111062,control,2026-04-15 03:03:16
1333,1,111064,control,2026-04-15 09:08:47
1334,1,111066,treatment,2026-04-06 19:28:43
1335,1,111067,treatment,2026-04-11 13:10:45
1336,1,111072,control,2026-04-19 04:05:14
1337,1,111083,treatment,2026-04-18 10:20:08
1338,1,111091,treatment,2026-04-08 10:20:43
1339,1,111101,control,2026-04-20 09:56:33
1340,1,111109,control,2026-04-18 06:08:56
1341,1,111115,treatment,2026-04-09 22:51:45
1342,1,111131,treatment,2026-04-14 20:37:08
1343,1,111139,treatment,2026-04-05 15:57:31
1344,1,111141,control,2026-04-14 10:36:20
1345,1,111150,control,2026-04-09 22:43:24
1346,1,111153,control,2026-04-10 23:18:39
1347,1,111156,control,2026-04-17 18:52:08
1348,1,111159,control,2026-04-17 10:00:50
1349,1,111162,control,2026-04-12 17:20:41
1350,1,111163,treatment,2026-04-11 00:02:37
1351,1,111166,treatment,2026-04-10 03:39:04
1352,1,111168,control,2026-04-21 05:55:45
1353,1,111177,treatment,2026-04-03 12:11:50
1354,1,111184,treatment,2026-04-03 16:15:08
1355,1,111185,treatment,2026-04-06 08:41:48
1356,1,111187,control,2026-04-07 20:10:32
1357,1,111191,control,2026-04-15 01:02:28
1358,1,111192,control,2026-04-06 20:25:15
1359,1,111196,treatment,2026-04-16 05:16:30
1360,1,111205,control,2026-04-20 02:52:41
1361,1,111213,treatment,2026-04-16 08:57:02
1362,1,111216,treatment,2026-04-21 01:30:15
1363,1,111220,treatment,2026-04-05 20:40:10
1364,1,111223,control,2026-04-17 22:25:08
1365,1,111227,treatment,2026-04-16 17:44:11
1366,1,111230,control,2026-04-18 11:52:43
1367,1,111255,treatment,2026-04-08 21:50:52
1368,1,111260,treatment,2026-04-20 16:35:24
1369,1,111265,control,2026-04-19 08:27:13
1370,1,111269,control,2026-04-11 23:46:44
1371,1,111281,control,2026-04-13 19:04:16
1372,1,111298,treatment,2026-04-02 01:54:03
1373,1,111301,control,2026-04-02 22:27:42
1374,1,111310,treatment,2026-04-15 04:47:46
1375,1,111317,control,2026-04-18 01:01:53
1376,1,111318,control,2026-04-12 08:39:38
1377,1,111322,treatment,2026-04-20 15:27:35
1378,1,111323,treatment,2026-04-06 13:12:39
1379,1,111326,treatment,2026-04-19 12:00:49
1380,1,111328,treatment,2026-04-12 00:03:07
1381,1,111331,treatment,2026-04-11 13:58:54
1382,1,111338,treatment,2026-04-02 03:54:49
1383,1,111343,control,2026-04-12 14:59:09
1384,1,111357,treatment,2026-04-05 22:35:46
1385,1,111361,control,2026-04-03 23:44:00
1386,1,111362,control,2026-04-05 11:07:52
1387,1,111370,treatment,2026-04-12 16:58:30
1388,1,111374,control,2026-04-13 21:52:01
1389,1,111385,control,2026-04-04 07:37:59
1390,1,111394,treatment,2026-04-18 21:51:05
1391,1,111395,control,2026-04-18 04:46:49
1392,1,111396,treatment,2026-04-05 11:03:46
1393,1,111399,control,2026-04-06 18:50:55
1394,1,111438,treatment,2026-04-14 07:03:15
1395,1,111449,control,2026-04-17 14:48:40
1396,1,111487,control,2026-04-17 01:13:32
1397,1,111511,treatment,2026-04-18 05:41:54
1398,1,111523,control,2026-04-02 16:50:38
1399,1,111531,treatment,2026-04-06 12:32:44
1400,1,111544,control,2026-04-01 06:34:56
1401,1,111567,treatment,2026-04-19 19:56:16
1402,1,111569,treatment,2026-04-01 08:54:52
1403,1,111570,control,2026-04-16 11:06:46
1404,1,111572,control,2026-04-01 06:43:47
1405,1,111574,treatment,2026-04-10 08:54:23
1406,1,111579,treatment,2026-04-16 07:30:01
1407,1,111583,control,2026-04-09 04:44:21
1408,1,111584,treatment,2026-04-18 02:15:54
1409,1,111605,control,2026-04-02 02:40:01
1410,1,111606,control,2026-04-16 02:09:48
1411,1,111633,treatment,2026-04-02 10:00:56
1412,1,111634,control,2026-04-01 03:04:28
1413,1,111644,control,2026-04-19 04:34:43
1414,1,111645,treatment,2026-04-06 14:34:38
1415,1,111660,treatment,2026-04-17 14:17:21
1416,1,111663,control,2026-04-09 17:29:23
1417,1,111686,control,2026-04-19 09:54:54
1418,1,111689,treatment,2026-04-12 03:57:19
1419,1,111693,control,2026-04-07 11:22:57
1420,1,111697,control,2026-04-15 16:26:30
1421,1,111698,treatment,2026-04-10 04:55:35
1422,1,111706,treatment,2026-04-11 20:41:27
1423,1,111716,control,2026-04-16 14:47:31
1424,1,111717,control,2026-04-21 20:33:53
1425,1,111718,control,2026-04-08 01:47:38
1426,1,111720,control,2026-04-11 08:10:42
1427,1,111728,treatment,2026-04-05 23:21:12
1428,1,111729,control,2026-04-16 16:26:29
1429,1,111759,control,2026-04-13 09:38:00
1430,1,111761,control,2026-04-01 02:04:52
1431,1,111762,control,2026-04-04 04:52:54
1432,1,111764,control,2026-04-03 02:45:56
1433,1,111773,control,2026-04-03 01:50:23
1434,1,111778,control,2026-04-04 23:37:50
1435,1,111788,control,2026-04-08 05:24:35
1436,1,111789,treatment,2026-04-21 13:33:09
1437,1,111791,control,2026-04-19 11:51:21
1438,1,111792,control,2026-04-11 22:28:07
1439,1,111798,control,2026-04-09 16:51:49
1440,1,111800,treatment,2026-04-07 06:36:57
1441,1,111801,treatment,2026-04-03 01:08:53
1442,1,111802,control,2026-04-07 01:55:50
1443,1,111804,control,2026-04-19 22:32:12
1444,1,111806,control,2026-04-08 01:38:56
1445,1,111807,treatment,2026-04-14 10:59:31
1446,1,111816,control,2026-04-03 18:02:10
1447,1,111825,control,2026-04-08 16:47:49
1448,1,111842,control,2026-04-14 22:14:10
1449,1,111847,control,2026-04-07 03:54:49
1450,1,111850,treatment,2026-04-09 19:00:38
1451,1,111852,treatment,2026-04-21 15:40:39
1452,1,111858,treatment,2026-04-20 03:20:37
1453,1,111859,control,2026-04-14 09:53:31
1454,1,111870,treatment,2026-04-04 14:53:40
1455,1,111872,treatment,2026-04-03 10:32:25
1456,1,111884,control,2026-04-02 19:57:33
1457,1,111889,treatment,2026-04-06 00:18:51
1458,1,111913,control,2026-04-19 00:43:36
1459,1,111914,control,2026-04-16 11:59:20
1460,1,111921,control,2026-04-04 04:01:13
1461,1,111939,control,2026-04-04 19:49:36
1462,1,111942,control,2026-04-17 12:09:16
1463,1,111944,treatment,2026-04-19 16:08:48
1464,1,111948,control,2026-04-10 06:56:59
1465,1,111952,treatment,2026-04-04 00:47:56
1466,1,111965,control,2026-04-10 12:30:30
1467,1,111968,treatment,2026-04-12 00:54:35
1468,1,111979,control,2026-04-14 13:57:30
1469,1,111980,treatment,2026-04-10 00:52:05
1470,1,111981,control,2026-04-07 13:18:43
1471,1,111987,control,2026-04-18 08:24:41
1472,1,112002,treatment,2026-04-19 22:36:11
1473,1,112003,control,2026-04-05 01:29:47
1474,1,112031,control,2026-04-09 20:06:17
1475,1,112063,control,2026-04-02 23:48:47
1476,1,112068,treatment,2026-04-10 15:21:09
1477,1,112077,treatment,2026-04-05 20:03:54
1478,1,112089,treatment,2026-04-10 06:20:12
1479,1,112095,control,2026-04-21 12:13:57
1480,1,112112,treatment,2026-04-13 18:17:49
1481,1,112125,treatment,2026-04-02 01:59:50
1482,1,112127,control,2026-04-19 21:31:17
1483,1,112139,treatment,2026-04-10 15:36:44
1484,1,112146,control,2026-04-01 14:47:08
1485,1,112159,treatment,2026-04-18 05:30:36
1486,1,112161,control,2026-04-16 14:42:50
1487,1,112169,treatment,2026-04-04 12:45:22
1488,1,112174,control,2026-04-04 05:01:54
1489,1,112175,treatment,2026-04-07 04:45:05
1490,1,112178,treatment,2026-04-06 05:50:28
1491,1,112193,treatment,2026-04-15 10:56:32
1492,1,112194,treatment,2026-04-18 06:50:04
1493,1,112202,control,2026-04-08 03:56:45
1494,1,112210,treatment,2026-04-03 18:38:00
1495,1,112231,control,2026-04-04 01:19:58
1496,1,112263,treatment,2026-04-17 12:03:19
1497,1,112286,treatment,2026-04-06 09:21:55
1498,1,112297,control,2026-04-08 18:16:22
1499,1,112301,control,2026-04-10 06:34:00
1500,1,112307,treatment,2026-04-15 19:57:53
1501,1,112318,treatment,2026-04-08 18:54:52
1502,1,112326,treatment,2026-04-02 14:35:59
1503,1,112328,treatment,2026-04-13 21:07:12
1504,1,112337,treatment,2026-04-02 20:09:40
1505,1,112340,control,2026-04-18 09:12:55
1506,1,112351,treatment,2026-04-19 09:07:28
1507,1,112353,control,2026-04-17 07:19:23
1508,1,112360,control,2026-04-04 06:38:16
1509,1,112368,treatment,2026-04-16 09:32:11
1510,1,112379,treatment,2026-04-08 05:31:19
1511,1,112394,treatment,2026-04-01 12:53:23
1512,1,112400,treatment,2026-04-20 20:23:00
1513,1,112401,treatment,2026-04-15 04:07:13
1514,1,112407,treatment,2026-04-03 19:25:41
1515,1,112412,control,2026-04-04 22:23:58
1516,1,112419,treatment,2026-04-09 07:38:47
1517,1,112422,control,2026-04-09 13:01:27
1518,1,112446,treatment,2026-04-19 07:16:54
1519,1,112453,treatment,2026-04-09 11:15:38
1520,1,112468,control,2026-04-20 21:01:58
1521,1,112471,treatment,2026-04-18 05:29:25
1522,1,112484,control,2026-04-11 23:38:23
1523,1,112518,control,2026-04-18 06:18:59
1524,1,112519,control,2026-04-14 07:22:09
1525,1,112545,treatment,2026-04-08 13:36:12
1526,1,112579,treatment,2026-04-01 17:43:48
1527,1,112580,treatment,2026-04-16 01:51:37
1528,1,112606,control,2026-04-03 11:32:28
1529,1,112612,control,2026-04-15 10:57:46
1530,1,112621,control,2026-04-16 21:43:23
1531,1,112622,control,2026-04-14 23:28:27
1532,1,112628,treatment,2026-04-11 18:05:15
1533,1,112647,control,2026-04-08 16:47:07
1534,1,112651,treatment,2026-04-12 14:07:51
1535,1,112653,treatment,2026-04-02 17:24:24
1536,1,112664,control,2026-04-21 23:58:10
1537,1,112675,treatment,2026-04-19 06:03:45
1538,1,112693,control,2026-04-09 11:41:25
1539,1,112698,control,2026-04-01 11:44:02
1540,1,112705,control,2026-04-19 19:14:56
1541,1,112710,treatment,2026-04-07 06:59:27
1542,1,112741,control,2026-04-17 09:58:18
1543,1,112745,control,2026-04-01 09:52:08
1544,1,112755,treatment,2026-04-06 15:21:58
1545,1,112756,control,2026-04-19 22:15:47
1546,1,112762,treatment,2026-04-15 14:16:54
1547,1,112770,treatment,2026-04-07 21:28:36
1548,1,112771,control,2026-04-04 20:41:52
1549,1,112780,treatment,2026-04-02 06:52:20
1550,1,112785,control,2026-04-21 14:36:43
1551,1,112797,control,2026-04-02 15:14:49
1552,1,112801,treatment,2026-04-01 13:20:46
1553,1,112802,treatment,2026-04-03 23:10:40
1554,1,112811,treatment,2026-04-17 21:16:53
1555,1,112815,treatment,2026-04-19 00:35:30
1556,1,112816,treatment,2026-04-02 20:10:39
1557,1,112835,treatment,2026-04-14 02:06:04
1558,1,112839,treatment,2026-04-14 05:47:13
1559,1,112841,control,2026-04-01 14:48:41
1560,1,112842,control,2026-04-15 06:02:00
1561,1,112852,control,2026-04-11 01:15:46
1562,1,112857,treatment,2026-04-20 03:28:43
1563,1,112902,control,2026-04-07 17:44:05
1564,1,112909,control,2026-04-18 14:16:56
1565,1,112916,control,2026-04-16 15:41:58
1566,1,112920,treatment,2026-04-09 21:47:40
1567,1,112921,control,2026-04-11 04:11:08
1568,1,112959,treatment,2026-04-11 23:21:56
1569,1,112972,control,2026-04-13 00:44:33
1570,1,112978,treatment,2026-04-11 18:59:21
1571,1,112979,control,2026-04-03 18:20:58
1572,1,112990,control,2026-04-13 10:39:19
1573,1,112992,control,2026-04-11 02:40:36
1574,1,113005,treatment,2026-04-21 19:19:12
1575,1,113048,treatment,2026-04-13 03:35:06
1576,1,113060,treatment,2026-04-01 03:08:01
1577,1,113068,control,2026-04-08 08:30:40
1578,1,113089,control,2026-04-12 15:05:24
1579,1,113099,treatment,2026-04-03 01:02:37
1580,1,113101,control,2026-04-15 00:58:53
1581,1,113106,control,2026-04-11 02:19:04
1582,1,113109,treatment,2026-04-19 05:44:51
1583,1,113110,treatment,2026-04-18 06:49:41
1584,1,113116,control,2026-04-03 15:38:12
1585,1,113120,treatment,2026-04-16 12:18:09
1586,1,113124,control,2026-04-19 17:00:52
1587,1,113136,treatment,2026-04-15 16:56:42
1588,1,113137,treatment,2026-04-17 05:25:08
1589,1,113145,treatment,2026-04-09 06:32:13
1590,1,113173,treatment,2026-04-06 17:38:31
1591,1,113185,treatment,2026-04-16 23:41:53
1592,1,113189,treatment,2026-04-05 21:21:55
1593,1,113213,control,2026-04-12 08:38:46
1594,1,113221,treatment,2026-04-18 10:54:01
1595,1,113227,treatment,2026-04-01 18:30:24
1596,1,113228,control,2026-04-12 10:40:03
1597,1,113235,control,2026-04-16 22:01:05
1598,1,113237,control,2026-04-20 00:07:14
1599,1,113240,control,2026-04-11 19:37:48
1600,1,113257,control,2026-04-14 09:05:16
1601,1,113262,treatment,2026-04-20 07:29:33
1602,1,113275,treatment,2026-04-12 04:50:30
1603,1,113277,control,2026-04-20 14:01:24
1604,1,113280,control,2026-04-02 08:47:45
1605,1,113282,treatment,2026-04-01 15:21:41
1606,1,113286,treatment,2026-04-15 08:40:47
1607,1,113289,control,2026-04-05 08:04:37
1608,1,113333,treatment,2026-04-13 03:31:02
1609,1,113338,treatment,2026-04-14 07:39:04
1610,1,113341,control,2026-04-05 11:46:58
1611,1,113350,treatment,2026-04-08 02:00:41
1612,1,113353,control,2026-04-13 11:22:09
1613,1,113371,treatment,2026-04-10 13:11:44
1614,1,113372,control,2026-04-07 20:39:11
1615,1,113376,treatment,2026-04-19 09:40:16
1616,1,113388,control,2026-04-03 11:52:44
1617,1,113389,treatment,2026-04-12 13:52:47
1618,1,113390,control,2026-04-16 10:33:39
1619,1,113395,treatment,2026-04-18 15:13:01
1620,1,113400,treatment,2026-04-20 16:16:20
1621,1,113402,treatment,2026-04-20 01:24:15
1622,1,113405,control,2026-04-19 19:33:38
1623,1,113409,control,2026-04-02 08:56:12
1624,1,113410,treatment,2026-04-19 18:53:49
1625,1,113432,treatment,2026-04-11 13:30:02
1626,1,113435,control,2026-04-05 22:21:01
1627,1,113436,treatment,2026-04-05 10:15:54
1628,1,113443,control,2026-04-17 13:29:54
1629,1,113448,control,2026-04-14 20:23:44
1630,1,113454,control,2026-04-15 03:37:38
1631,1,113466,treatment,2026-04-17 07:04:32
1632,1,113468,treatment,2026-04-02 12:00:47
1633,1,113479,treatment,2026-04-15 08:29:00
1634,1,113496,control,2026-04-13 20:21:42
1635,1,113497,treatment,2026-04-14 09:01:25
1636,1,113516,treatment,2026-04-12 10:33:37
1637,1,113523,control,2026-04-02 22:05:35
1638,1,113527,control,2026-04-06 08:11:50
1639,1,113536,treatment,2026-04-11 23:02:06
1640,1,113537,control,2026-04-18 08:28:49
1641,1,113540,control,2026-04-11 10:50:59
1642,1,113559,treatment,2026-04-12 05:37:01
1643,1,113561,control,2026-04-20 22:24:11
1644,1,113563,control,2026-04-07 15:51:49
1645,1,113569,control,2026-04-07 16:39:13
1646,1,113585,treatment,2026-04-02 13:47:25
1647,1,113594,control,2026-04-21 02:45:03
1648,1,113605,treatment,2026-04-21 08:21:36
1649,1,113606,treatment,2026-04-12 21:24:31
1650,1,113621,control,2026-04-10 22:34:26
1651,1,113623,control,2026-04-08 03:34:53
1652,1,113629,treatment,2026-04-18 20:59:51
1653,1,113634,control,2026-04-12 09:11:22
1654,1,113635,treatment,2026-04-18 14:26:54
1655,1,113647,treatment,2026-04-21 16:39:14
1656,1,113661,control,2026-04-15 14:41:12
1657,1,113664,treatment,2026-04-15 16:30:09
1658,1,113668,control,2026-04-12 03:22:03
1659,1,113676,treatment,2026-04-11 08:45:00
1660,1,113688,control,2026-04-15 04:59:15
1661,1,113701,control,2026-04-02 22:48:24
1662,1,113705,treatment,2026-04-01 01:31:38
1663,1,113711,control,2026-04-09 01:05:14
1664,1,113712,treatment,2026-04-02 08:59:31
1665,1,113715,treatment,2026-04-09 16:52:07
1666,1,113749,treatment,2026-04-16 21:34:15
1667,1,113751,treatment,2026-04-20 07:20:01
1668,1,113753,control,2026-04-19 06:54:44
1669,1,113766,control,2026-04-12 18:02:10
1670,1,113769,treatment,2026-04-15 17:21:28
1671,1,113770,treatment,2026-04-01 15:09:37
1672,1,113775,control,2026-04-02 17:09:41
1673,1,113795,treatment,2026-04-15 21:13:42
1674,1,113796,treatment,2026-04-10 15:43:36
1675,1,113811,treatment,2026-04-14 10:55:08
1676,1,113812,control,2026-04-16 13:21:17
1677,1,113816,treatment,2026-04-13 01:22:34
1678,1,113820,control,2026-04-06 18:18:10
1679,1,113837,control,2026-04-10 20:37:12
1680,1,113847,treatment,2026-04-09 01:02:55
1681,1,113857,control,2026-04-06 10:45:11
1682,1,113859,control,2026-04-14 19:19:11
1683,1,113873,control,2026-04-14 14:21:36
1684,1,113879,treatment,2026-04-20 23:03:38
1685,1,113887,control,2026-04-06 16:57:23
1686,1,113897,control,2026-04-11 07:00:03
1687,1,113903,treatment,2026-04-09 06:46:53
1688,1,113905,control,2026-04-04 14:02:47
1689,1,113908,control,2026-04-02 03:35:19
1690,1,113909,control,2026-04-14 23:44:13
1691,1,113911,treatment,2026-04-09 17:17:27
1692,1,113921,control,2026-04-08 15:38:39
1693,1,113932,control,2026-04-19 23:06:15
1694,1,113936,control,2026-04-10 10:15:04
1695,1,113943,control,2026-04-20 11:31:50
1696,1,113945,treatment,2026-04-15 00:11:15
1697,1,113950,treatment,2026-04-10 05:52:54
1698,1,113959,treatment,2026-04-01 05:48:36
1699,1,113966,control,2026-04-02 17:47:13
1700,1,113970,treatment,2026-04-01 04:05:34
1701,1,113977,treatment,2026-04-15 04:01:07
1702,1,113979,control,2026-04-02 23:19:36
1703,1,113990,treatment,2026-04-10 17:24:09
1704,1,113991,treatment,2026-04-02 22:08:57
1705,1,113992,treatment,2026-04-04 14:35:46
1706,1,113996,control,2026-04-13 18:05:46
1707,1,114006,control,2026-04-02 13:06:47
1708,1,114008,control,2026-04-02 01:55:37
1709,1,114011,control,2026-04-07 06:53:13
1710,1,114020,treatment,2026-04-14 12:30:03
1711,1,114023,control,2026-04-01 20:36:37
1712,1,114025,treatment,2026-04-15 08:21:13
1713,1,114029,control,2026-04-17 12:11:23
1714,1,114034,control,2026-04-15 19:54:08
1715,1,114040,control,2026-04-03 12:45:42
1716,1,114043,control,2026-04-19 21:48:38
1717,1,114076,control,2026-04-03 16:36:34
1718,1,114089,control,2026-04-12 14:52:32
1719,1,114106,treatment,2026-04-01 20:37:48
1720,1,114116,control,2026-04-17 11:47:01
1721,1,114119,treatment,2026-04-03 04:34:05
1722,1,114140,control,2026-04-21 01:39:50
1723,1,114153,treatment,2026-04-10 20:06:30
1724,1,114154,treatment,2026-04-04 06:56:26
1725,1,114162,treatment,2026-04-18 11:42:09
1726,1,114175,control,2026-04-10 12:15:50
1727,1,114185,treatment,2026-04-09 20:45:34
1728,1,114192,control,2026-04-09 01:09:23
1729,1,114193,control,2026-04-12 16:25:22
1730,1,114197,treatment,2026-04-03 10:54:44
1731,1,114200,control,2026-04-14 17:04:02
1732,1,114202,control,2026-04-12 23:58:51
1733,1,114216,control,2026-04-11 07:25:59
1734,1,114242,treatment,2026-04-09 13:08:19
1735,1,114250,treatment,2026-04-15 19:30:52
1736,1,114260,control,2026-04-08 23:22:43
1737,1,114269,treatment,2026-04-15 13:19:18
1738,1,114271,treatment,2026-04-08 04:13:02
1739,1,114277,treatment,2026-04-11 16:02:03
1740,1,114290,treatment,2026-04-13 00:36:18
1741,1,114294,treatment,2026-04-10 07:20:16
1742,1,114306,control,2026-04-04 00:17:20
1743,1,114312,treatment,2026-04-05 21:19:30
1744,1,114327,control,2026-04-13 02:07:06
1745,1,114347,control,2026-04-09 00:51:46
1746,1,114350,treatment,2026-04-02 15:12:38
1747,1,114354,treatment,2026-04-07 08:55:46
1748,1,114361,control,2026-04-18 00:14:55
1749,1,114375,control,2026-04-04 18:56:02
1750,1,114378,control,2026-04-16 12:46:06
1751,1,114381,control,2026-04-17 09:01:22
1752,1,114382,treatment,2026-04-05 14:46:42
1753,1,114388,control,2026-04-19 11:09:03
1754,1,114389,treatment,2026-04-11 03:27:26
1755,1,114396,treatment,2026-04-15 15:35:43
1756,1,114397,control,2026-04-05 06:15:15
1757,1,114414,control,2026-04-02 03:18:51
1758,1,114438,control,2026-04-16 10:01:29
1759,1,114439,control,2026-04-12 21:04:52
1760,1,114443,treatment,2026-04-03 00:28:28
1761,1,114444,treatment,2026-04-19 22:03:17
1762,1,114450,treatment,2026-04-10 00:19:06
1763,1,114468,control,2026-04-15 13:34:20
1764,1,114469,treatment,2026-04-18 04:16:32
1765,1,114470,control,2026-04-04 01:22:19
1766,1,114476,treatment,2026-04-17 07:00:17
1767,1,114478,treatment,2026-04-04 13:27:36
1768,1,114479,control,2026-04-17 09:20:02
1769,1,114494,treatment,2026-04-06 02:57:11
1770,1,114498,control,2026-04-08 20:42:21
1771,1,114504,treatment,2026-04-20 10:19:35
1772,1,114511,control,2026-04-13 23:04:45
1773,1,114525,treatment,2026-04-04 00:09:04
1774,1,114526,treatment,2026-04-17 12:22:27
1775,1,114546,control,2026-04-10 22:09:27
1776,1,114557,treatment,2026-04-04 09:26:56
1777,1,114559,treatment,2026-04-20 04:39:36
1778,1,114565,treatment,2026-04-18 16:39:40
1779,1,114578,control,2026-04-03 10:47:54
1780,1,114591,control,2026-04-08 04:11:36
1781,1,114596,treatment,2026-04-18 12:48:21
1782,1,114599,treatment,2026-04-12 13:28:35
1783,1,114619,control,2026-04-05 11:10:03
1784,1,114627,treatment,2026-04-21 10:05:07
1785,1,114629,treatment,2026-04-12 22:34:47
1786,1,114637,treatment,2026-04-08 23:24:36
1787,1,114650,control,2026-04-06 03:30:26
1788,1,114653,treatment,2026-04-20 21:52:18
1789,1,114660,treatment,2026-04-04 09:47:43
1790,1,114665,treatment,2026-04-08 22:30:11
1791,1,114671,control,2026-04-19 15:27:23
1792,1,114673,treatment,2026-04-10 20:04:24
1793,1,114676,control,2026-04-11 02:53:00
1794,1,114689,control,2026-04-10 15:04:18
1795,1,114713,treatment,2026-04-04 07:19:10
1796,1,114717,treatment,2026-04-06 09:58:17
1797,1,114728,control,2026-04-05 14:56:49
1798,1,114730,control,2026-04-18 05:04:58
1799,1,114732,control,2026-04-20 14:33:34
1800,1,114736,treatment,2026-04-02 15:12:59
1801,1,114741,control,2026-04-06 14:20:02
1802,1,114763,treatment,2026-04-16 01:02:25
1803,1,114768,treatment,2026-04-04 11:58:56
1804,1,114776,control,2026-04-05 07:44:17
1805,1,114782,control,2026-04-11 03:43:54
1806,1,114784,treatment,2026-04-13 12:19:29
1807,1,114785,treatment,2026-04-01 14:25:23
1808,1,114794,control,2026-04-14 12:41:47
1809,1,114795,control,2026-04-19 12:05:58
1810,1,114809,treatment,2026-04-03 02:49:08
1811,1,114821,control,2026-04-05 00:01:34
1812,1,114824,treatment,2026-04-15 07:00:08
1813,1,114829,control,2026-04-11 00:27:07
1814,1,114862,treatment,2026-04-14 17:31:29
1815,1,114866,control,2026-04-04 08:48:24
1816,1,114873,control,2026-04-15 22:52:32
1817,1,114877,treatment,2026-04-04 16:42:42
1818,1,114880,control,2026-04-19 17:22:05
1819,1,114885,treatment,2026-04-05 14:44:03
1820,1,114888,treatment,2026-04-10 14:28:17
1821,1,114891,treatment,2026-04-13 22:24:10
1822,1,114893,treatment,2026-04-10 19:53:55
1823,1,114904,control,2026-04-15 01:34:56
1824,1,114916,control,2026-04-01 17:17:01
1825,1,114925,treatment,2026-04-02 23:05:35
1826,1,114930,control,2026-04-06 17:19:49
1827,1,114961,treatment,2026-04-05 10:08:53
1828,1,114967,control,2026-04-10 03:57:09
1829,1,114969,control,2026-04-10 13:27:14
1830,1,114974,treatment,2026-04-03 15:50:44
1831,1,114975,control,2026-04-21 11:40:07
1832,1,114982,treatment,2026-04-19 03:27:39
1833,1,114984,treatment,2026-04-12 13:17:00
1834,1,114986,treatment,2026-04-15 22:54:27
1835,1,114988,control,2026-04-05 20:39:57
1836,1,115003,treatment,2026-04-19 05:26:50
1837,1,115007,control,2026-04-05 03:43:53
1838,1,115017,control,2026-04-10 11:58:43
1839,1,115037,treatment,2026-04-17 20:45:45
1840,1,115054,treatment,2026-04-06 20:05:22
1841,1,115058,control,2026-04-03 13:25:00
1842,1,115067,treatment,2026-04-09 22:32:36
1843,1,115071,treatment,2026-04-21 00:33:58
1844,1,115073,control,2026-04-21 13:50:59
1845,1,115079,treatment,2026-04-06 04:45:02
1846,1,115081,treatment,2026-04-18 15:10:56
1847,1,115100,control,2026-04-21 07:05:05
1848,1,115109,control,2026-04-16 17:19:53
1849,1,115117,control,2026-04-04 07:13:09
1850,1,115129,control,2026-04-10 07:20:37
1851,1,115134,control,2026-04-07 11:25:25
1852,1,115139,control,2026-04-15 10:55:26
1853,1,115142,treatment,2026-04-18 12:42:36
1854,1,115147,control,2026-04-19 11:36:22
1855,1,115154,control,2026-04-18 05:14:41
1856,1,115159,control,2026-04-01 15:12:32
1857,1,115164,treatment,2026-04-15 09:35:42
1858,1,115172,control,2026-04-10 20:27:13
1859,1,115204,control,2026-04-06 09:35:39
1860,1,115218,treatment,2026-04-04 11:00:00
1861,1,115226,treatment,2026-04-10 04:43:14
1862,1,115230,control,2026-04-19 18:22:35
1863,1,115231,control,2026-04-11 09:26:43
1864,1,115240,treatment,2026-04-07 05:16:28
1865,1,115241,treatment,2026-04-10 15:16:08
1866,1,115250,treatment,2026-04-16 19:52:01
1867,1,115269,treatment,2026-04-02 21:53:34
1868,1,115283,control,2026-04-06 21:07:15
1869,1,115294,control,2026-04-16 10:29:26
1870,1,115301,treatment,2026-04-21 01:21:19
1871,1,115302,control,2026-04-21 20:13:33
1872,1,115304,control,2026-04-03 13:07:24
1873,1,115310,control,2026-04-16 21:52:34
1874,1,115315,treatment,2026-04-02 23:26:29
1875,1,115318,treatment,2026-04-08 12:02:06
1876,1,115322,treatment,2026-04-01 09:02:17
1877,1,115328,control,2026-04-09 00:00:09
1878,1,115330,treatment,2026-04-02 08:52:44
1879,1,115355,control,2026-04-12 15:22:00
1880,1,115363,treatment,2026-04-11 12:14:43
1881,1,115367,control,2026-04-02 21:55:58
1882,1,115369,treatment,2026-04-07 03:25:53
1883,1,115380,treatment,2026-04-10 21:34:46
1884,1,115397,treatment,2026-04-04 22:42:03
1885,1,115406,treatment,2026-04-09 17:09:15
1886,1,115410,treatment,2026-04-09 06:13:00
1887,1,115421,control,2026-04-15 09:43:22
1888,1,115430,treatment,2026-04-18 21:25:47
1889,1,115434,control,2026-04-03 07:30:08
1890,1,115436,treatment,2026-04-07 04:40:57
1891,1,115444,control,2026-04-05 15:34:06
1892,1,115448,control,2026-04-13 15:22:43
1893,1,115455,treatment,2026-04-12 09:41:50
1894,1,115457,control,2026-04-05 05:05:42
1895,1,115462,control,2026-04-10 01:35:25
1896,1,115470,control,2026-04-13 12:31:32
1897,1,115476,treatment,2026-04-12 13:00:19
1898,1,115478,control,2026-04-03 04:25:22
1899,1,115483,treatment,2026-04-09 09:15:34
1900,1,115493,treatment,2026-04-21 11:02:24
1901,1,115522,control,2026-04-02 14:50:00
1902,1,115541,treatment,2026-04-05 01:32:37
1903,1,115553,treatment,2026-04-21 11:05:33
1904,1,115575,control,2026-04-01 16:05:12
1905,1,115586,treatment,2026-04-13 10:46:28
1906,1,115589,treatment,2026-04-16 06:08:36
1907,1,115592,control,2026-04-07 09:48:03
1908,1,115593,control,2026-04-05 20:09:38
1909,1,115596,treatment,2026-04-07 09:52:36
1910,1,115605,treatment,2026-04-18 23:23:27
1911,1,115606,control,2026-04-11 13:53:30
1912,1,115611,treatment,2026-04-10 02:15:03
1913,1,115613,control,2026-04-16 20:33:30
1914,1,115621,treatment,2026-04-11 10:00:31
1915,1,115632,treatment,2026-04-16 00:43:13
1916,1,115650,treatment,2026-04-15 09:02:53
1917,1,115664,control,2026-04-06 04:16:09
1918,1,115668,control,2026-04-12 03:15:23
1919,1,115684,control,2026-04-17 15:21:34
1920,1,115700,treatment,2026-04-13 10:41:23
1921,1,115712,treatment,2026-04-05 07:10:02
1922,1,115721,control,2026-04-03 16:35:46
1923,1,115744,control,2026-04-04 04:13:24
1924,1,115756,treatment,2026-04-12 15:06:54
1925,1,115766,control,2026-04-19 12:16:40
1926,1,115776,control,2026-04-18 16:09:00
1927,1,115797,treatment,2026-04-05 00:37:21
1928,1,115803,control,2026-04-10 13:08:41
1929,1,115810,control,2026-04-11 05:02:20
1930,1,115826,control,2026-04-07 23:16:55
1931,1,115832,treatment,2026-04-19 09:03:35
1932,1,115842,treatment,2026-04-19 09:01:32
1933,1,115852,treatment,2026-04-14 22:14:41
1934,1,115866,control,2026-04-17 19:50:16
1935,1,115871,control,2026-04-15 17:06:16
1936,1,115897,treatment,2026-04-11 10:21:12
1937,1,115904,control,2026-04-21 20:04:18
1938,1,115908,control,2026-04-02 08:11:13
1939,1,115931,control,2026-04-15 21:43:34
1940,1,115944,control,2026-04-08 15:28:21
1941,1,115951,treatment,2026-04-02 03:30:46
1942,1,115964,control,2026-04-08 07:43:33
1943,1,115976,treatment,2026-04-05 21:58:23
1944,1,115982,control,2026-04-13 07:05:03
1945,1,115985,treatment,2026-04-07 21:33:21
1946,1,115993,control,2026-04-13 00:20:17
1947,1,116001,treatment,2026-04-11 09:32:02
1948,1,116002,control,2026-04-19 20:26:04
1949,1,116005,control,2026-04-11 20:27:59
1950,1,116022,control,2026-04-13 23:05:43
1951,1,116024,control,2026-04-13 20:37:50
1952,1,116028,treatment,2026-04-09 05:53:55
1953,1,116043,control,2026-04-09 20:48:31
1954,1,116047,control,2026-04-14 12:23:02
1955,1,116060,treatment,2026-04-06 15:11:11
1956,1,116074,treatment,2026-04-13 10:12:48
1957,1,116076,control,2026-04-11 10:07:33
1958,1,116081,control,2026-04-09 17:31:41
1959,1,116088,treatment,2026-04-05 16:11:58
1960,1,116089,control,2026-04-20 10:53:12
1961,1,116106,treatment,2026-04-03 20:21:27
1962,1,116119,treatment,2026-04-01 04:50:08
1963,1,116121,control,2026-04-21 12:20:08
1964,1,116123,control,2026-04-16 00:04:56
1965,1,116126,control,2026-04-18 01:20:34
1966,1,116130,control,2026-04-11 11:23:46
1967,1,116133,control,2026-04-04 17:48:18
1968,1,116139,control,2026-04-11 05:24:30
1969,1,116158,treatment,2026-04-03 01:05:28
1970,1,116180,treatment,2026-04-15 13:11:00
1971,1,116182,control,2026-04-15 18:45:57
1972,1,116183,treatment,2026-04-07 22:02:42
1973,1,116196,control,2026-04-12 07:58:39
1974,1,116206,control,2026-04-11 16:50:17
1975,1,116220,treatment,2026-04-16 22:17:11
1976,1,116236,control,2026-04-07 08:44:55
1977,1,116252,control,2026-04-16 05:44:50
1978,1,116254,treatment,2026-04-12 12:58:07
1979,1,116262,control,2026-04-15 08:42:12
1980,1,116265,treatment,2026-04-01 13:51:43
1981,1,116267,treatment,2026-04-10 21:35:43
1982,1,116268,control,2026-04-01 10:30:28
1983,1,116271,control,2026-04-19 13:27:52
1984,1,116276,treatment,2026-04-20 23:45:55
1985,1,116284,treatment,2026-04-10 00:43:07
1986,1,116285,treatment,2026-04-07 05:18:27
1987,1,116296,control,2026-04-06 21:43:02
1988,1,116307,treatment,2026-04-14 01:21:18
1989,1,116309,treatment,2026-04-04 21:33:42
1990,1,116315,control,2026-04-19 20:06:35
1991,1,116317,treatment,2026-04-10 11:16:59
1992,1,116319,control,2026-04-04 20:57:12
1993,1,116330,control,2026-04-04 01:49:45
1994,1,116339,control,2026-04-19 13:39:41
1995,1,116348,treatment,2026-04-20 09:35:28
1996,1,116353,treatment,2026-04-01 07:57:52
1997,1,116355,treatment,2026-04-19 16:55:24
1998,1,116369,control,2026-04-14 04:49:13
1999,1,116379,control,2026-04-21 21:46:53
2000,1,116389,control,2026-04-16 15:24:02
2001,1,116397,control,2026-04-10 20:56:41
2002,1,116424,treatment,2026-04-05 05:15:43
2003,1,116426,control,2026-04-17 15:36:04
2004,1,116429,treatment,2026-04-16 18:24:52
2005,1,116437,treatment,2026-04-01 11:43:33
2006,1,116438,control,2026-04-10 16:00:29
2007,1,116462,control,2026-04-01 05:56:07
2008,1,116468,treatment,2026-04-16 18:07:30
2009,1,116474,treatment,2026-04-04 07:52:38
2010,1,116476,control,2026-04-16 00:06:03
2011,1,116481,control,2026-04-09 17:27:08
2012,1,116492,treatment,2026-04-12 01:56:02
2013,1,116494,control,2026-04-17 02:31:06
2014,1,116522,control,2026-04-01 17:50:52
2015,1,116525,control,2026-04-14 05:14:05
2016,1,116530,control,2026-04-11 18:04:00
2017,1,116532,treatment,2026-04-21 11:29:53
2018,1,116568,control,2026-04-11 03:12:43
2019,1,116578,control,2026-04-21 14:57:10
2020,1,116593,treatment,2026-04-06 05:19:26
2021,1,116605,treatment,2026-04-05 16:25:36
2022,1,116617,treatment,2026-04-09 20:03:11
2023,1,116629,treatment,2026-04-12 17:14:22
2024,1,116645,treatment,2026-04-09 13:48:10
2025,1,116650,treatment,2026-04-07 00:38:09
2026,1,116655,treatment,2026-04-20 02:19:49
2027,1,116670,control,2026-04-02 01:33:55
2028,1,116671,control,2026-04-02 10:18:55
2029,1,116691,control,2026-04-07 08:04:13
2030,1,116698,treatment,2026-04-05 22:07:49
2031,1,116705,control,2026-04-06 11:35:31
2032,1,116711,treatment,2026-04-21 14:34:59
2033,1,116712,control,2026-04-05 08:43:02
2034,1,116713,treatment,2026-04-11 07:14:48
2035,1,116725,control,2026-04-09 13:05:30
2036,1,116730,control,2026-04-14 12:54:05
2037,1,116737,control,2026-04-12 09:29:04
2038,1,116738,control,2026-04-09 09:36:29
2039,1,116740,treatment,2026-04-12 21:29:58
2040,1,116741,control,2026-04-09 11:21:08
2041,1,116753,treatment,2026-04-04 23:22:35
2042,1,116755,control,2026-04-06 05:38:27
2043,1,116764,control,2026-04-18 04:36:30
2044,1,116767,treatment,2026-04-13 08:34:40
2045,1,116768,control,2026-04-01 12:20:05
2046,1,116787,control,2026-04-21 20:00:45
2047,1,116788,treatment,2026-04-21 15:14:37
2048,1,116806,treatment,2026-04-02 16:46:27
2049,1,116813,control,2026-04-06 22:56:51
2050,1,116814,treatment,2026-04-02 13:21:52
2051,1,116816,treatment,2026-04-08 13:13:44
2052,1,116818,treatment,2026-04-09 06:19:35
2053,1,116820,treatment,2026-04-11 17:20:05
2054,1,116821,treatment,2026-04-14 01:51:09
2055,1,116855,control,2026-04-19 04:09:34
2056,1,116863,treatment,2026-04-14 05:20:56
2057,1,116877,treatment,2026-04-05 11:18:30
2058,1,116880,control,2026-04-06 22:46:31
2059,1,116885,treatment,2026-04-07 09:00:01
2060,1,116891,control,2026-04-11 13:21:35
2061,1,116898,control,2026-04-01 21:52:15
2062,1,116925,control,2026-04-10 23:18:37
2063,1,116928,treatment,2026-04-06 19:31:17
2064,1,116943,control,2026-04-04 22:40:02
2065,1,116950,treatment,2026-04-16 06:57:17
2066,1,116951,treatment,2026-04-20 08:53:19
2067,1,116952,control,2026-04-02 15:41:57
2068,1,116958,control,2026-04-07 20:37:12
2069,1,116968,treatment,2026-04-15 04:19:54
2070,1,116974,control,2026-04-10 01:27:16
2071,1,116975,control,2026-04-15 13:58:23
2072,1,116984,treatment,2026-04-03 00:19:45
2073,1,116989,control,2026-04-10 14:27:01
2074,1,116992,control,2026-04-08 19:51:44
2075,1,116993,treatment,2026-04-19 01:33:37
2076,1,116998,control,2026-04-06 18:49:40
2077,1,117002,control,2026-04-18 10:40:31
2078,1,117021,control,2026-04-15 01:57:03
2079,1,117031,treatment,2026-04-21 07:55:35
2080,1,117043,control,2026-04-10 11:40:27
2081,1,117051,treatment,2026-04-02 18:02:47
2082,1,117056,treatment,2026-04-06 21:18:37
2083,1,117062,treatment,2026-04-16 21:21:33
2084,1,117067,control,2026-04-10 10:01:41
2085,1,117089,treatment,2026-04-07 01:21:40
2086,1,117102,treatment,2026-04-20 06:07:31
2087,1,117112,treatment,2026-04-02 06:37:28
2088,1,117115,control,2026-04-21 11:19:04
2089,1,117118,control,2026-04-19 04:20:33
2090,1,117122,control,2026-04-12 15:04:05
2091,1,117126,treatment,2026-04-03 23:35:37
2092,1,117129,treatment,2026-04-03 05:36:04
2093,1,117131,control,2026-04-12 17:52:59
2094,1,117137,treatment,2026-04-14 01:35:46
2095,1,117140,control,2026-04-21 21:47:37
2096,1,117142,treatment,2026-04-02 06:34:21
2097,1,117143,treatment,2026-04-12 09:47:53
2098,1,117162,control,2026-04-04 07:45:00
2099,1,117189,control,2026-04-18 22:54:02
2100,1,117192,treatment,2026-04-21 06:56:40
2101,1,117194,treatment,2026-04-10 08:58:51
2102,1,117204,control,2026-04-15 13:59:10
2103,1,117215,treatment,2026-04-18 23:48:20
2104,1,117228,control,2026-04-21 20:32:47
2105,1,117238,treatment,2026-04-04 10:50:06
2106,1,117253,treatment,2026-04-21 10:34:37
2107,1,117263,treatment,2026-04-15 22:09:13
2108,1,117278,control,2026-04-09 02:32:31
2109,1,117298,control,2026-04-14 20:54:28
2110,1,117305,control,2026-04-16 11:41:15
2111,1,117324,control,2026-04-16 19:56:04
2112,1,117325,treatment,2026-04-18 13:27:36
2113,1,117343,control,2026-04-10 04:46:38
2114,1,117351,treatment,2026-04-12 09:54:13
2115,1,117357,treatment,2026-04-03 22:28:07
2116,1,117364,treatment,2026-04-06 14:44:51
2117,1,117373,treatment,2026-04-12 08:05:19
2118,1,117375,control,2026-04-09 07:00:13
2119,1,117377,treatment,2026-04-16 00:09:36
2120,1,117381,treatment,2026-04-17 22:40:29
2121,1,117395,treatment,2026-04-12 14:44:04
2122,1,117398,treatment,2026-04-03 10:53:19
2123,1,117424,treatment,2026-04-03 09:28:46
2124,1,117425,treatment,2026-04-13 19:49:12
2125,1,117434,control,2026-04-04 12:29:40
2126,1,117450,control,2026-04-09 17:12:22
2127,1,117460,treatment,2026-04-05 21:30:13
2128,1,117461,control,2026-04-01 09:58:36
2129,1,117482,control,2026-04-14 14:58:19
2130,1,117498,control,2026-04-09 07:43:23
2131,1,117499,treatment,2026-04-19 11:24:05
2132,1,117505,treatment,2026-04-07 18:16:14
2133,1,117522,treatment,2026-04-14 16:44:11
2134,1,117525,control,2026-04-10 08:45:58
2135,1,117534,control,2026-04-18 04:38:28
2136,1,117547,treatment,2026-04-07 15:50:44
2137,1,117549,treatment,2026-04-11 12:21:12
2138,1,117550,control,2026-04-08 08:26:00
2139,1,117552,treatment,2026-04-14 02:48:57
2140,1,117555,treatment,2026-04-12 21:58:12
2141,1,117556,treatment,2026-04-15 10:41:25
2142,1,117572,control,2026-04-06 16:07:01
2143,1,117586,control,2026-04-13 00:48:52
2144,1,117589,treatment,2026-04-13 23:34:15
2145,1,117593,control,2026-04-01 21:34:19
2146,1,117595,control,2026-04-06 12:10:51
2147,1,117611,treatment,2026-04-13 00:10:31
2148,1,117615,control,2026-04-01 20:00:57
2149,1,117624,control,2026-04-07 16:16:37
2150,1,117625,control,2026-04-06 10:58:05
2151,1,117627,treatment,2026-04-10 13:06:09
2152,1,117628,treatment,2026-04-09 19:58:19
2153,1,117633,control,2026-04-09 15:21:54
2154,1,117639,treatment,2026-04-10 15:34:23
2155,1,117648,treatment,2026-04-15 05:45:06
2156,1,117652,control,2026-04-14 20:37:41
2157,1,117655,control,2026-04-13 22:00:33
2158,1,117667,treatment,2026-04-14 23:03:59
2159,1,117669,treatment,2026-04-06 04:42:08
2160,1,117670,treatment,2026-04-16 03:09:01
2161,1,117680,treatment,2026-04-08 13:18:25
2162,1,117687,treatment,2026-04-14 16:43:53
2163,1,117701,treatment,2026-04-06 14:31:11
2164,1,117716,control,2026-04-15 23:01:54
2165,1,117725,treatment,2026-04-21 08:55:31
2166,1,117735,control,2026-04-15 03:22:49
2167,1,117738,treatment,2026-04-03 16:20:43
2168,1,117750,treatment,2026-04-02 04:01:33
2169,1,117752,control,2026-04-09 17:27:07
2170,1,117754,treatment,2026-04-08 19:31:23
2171,1,117784,control,2026-04-18 23:48:39
2172,1,117792,treatment,2026-04-04 03:36:37
2173,1,117809,control,2026-04-18 14:21:08
2174,1,117820,treatment,2026-04-17 05:30:41
2175,1,117825,control,2026-04-03 10:58:51
2176,1,117827,treatment,2026-04-20 02:31:43
2177,1,117835,treatment,2026-04-14 02:40:26
2178,1,117875,treatment,2026-04-09 13:16:31
2179,1,117877,treatment,2026-04-21 23:42:39
2180,1,117878,treatment,2026-04-18 14:44:46
2181,1,117886,control,2026-04-07 23:38:41
2182,1,117898,treatment,2026-04-03 23:25:53
2183,1,117918,control,2026-04-19 18:27:34
2184,1,117920,treatment,2026-04-03 15:41:23
2185,1,117922,control,2026-04-10 02:27:27
2186,1,117928,treatment,2026-04-14 20:36:23
2187,1,117974,control,2026-04-06 07:38:49
2188,1,117995,treatment,2026-04-19 10:04:47
2189,1,117999,treatment,2026-04-01 05:54:22
2190,1,118003,treatment,2026-04-16 20:17:12
2191,1,118010,control,2026-04-02 04:15:40
2192,1,118017,treatment,2026-04-20 16:30:26
2193,1,118021,control,2026-04-01 10:15:59
2194,1,118031,treatment,2026-04-07 06:47:25
2195,1,118034,treatment,2026-04-08 13:21:40
2196,1,118046,treatment,2026-04-16 16:13:20
2197,1,118062,treatment,2026-04-12 02:44:07
2198,1,118071,control,2026-04-01 20:30:12
2199,1,118072,control,2026-04-21 18:12:20
2200,1,118081,control,2026-04-07 05:34:49
2201,1,118090,control,2026-04-15 22:40:18
2202,1,118094,control,2026-04-14 17:37:16
2203,1,118109,treatment,2026-04-09 13:48:38
2204,1,118121,control,2026-04-11 09:24:05
2205,1,118131,treatment,2026-04-06 07:54:16
2206,1,118133,control,2026-04-15 00:48:47
2207,1,118136,control,2026-04-02 15:14:17
2208,1,118142,treatment,2026-04-05 05:20:53
2209,1,118150,treatment,2026-04-15 09:24:06
2210,1,118156,control,2026-04-07 20:31:30
2211,1,118162,treatment,2026-04-01 12:20:10
2212,1,118167,treatment,2026-04-10 19:46:24
2213,1,118173,treatment,2026-04-03 02:38:54
2214,1,118194,treatment,2026-04-09 18:34:04
2215,1,118196,control,2026-04-18 15:16:48
2216,1,118199,treatment,2026-04-15 12:07:49
2217,1,118200,control,2026-04-17 00:01:11
2218,1,118214,control,2026-04-17 04:13:55
2219,1,118226,treatment,2026-04-13 04:35:41
2220,1,118234,treatment,2026-04-19 19:02:53
2221,1,118239,treatment,2026-04-16 07:46:48
2222,1,118247,control,2026-04-05 20:18:05
2223,1,118264,treatment,2026-04-01 20:18:47
2224,1,118286,control,2026-04-11 15:00:57
2225,1,118292,treatment,2026-04-17 12:30:56
2226,1,118315,treatment,2026-04-11 08:12:15
2227,1,118321,treatment,2026-04-19 14:41:03
2228,1,118323,control,2026-04-17 16:40:36
2229,1,118334,control,2026-04-16 19:28:03
2230,1,118339,treatment,2026-04-17 16:57:07
2231,1,118344,treatment,2026-04-01 12:15:48
2232,1,118345,treatment,2026-04-21 16:14:38
2233,1,118352,treatment,2026-04-09 09:05:23
2234,1,118361,treatment,2026-04-05 18:04:34
2235,1,118372,control,2026-04-19 21:28:56
2236,1,118424,control,2026-04-14 21:43:55
2237,1,118443,treatment,2026-04-08 14:23:59
2238,1,118450,control,2026-04-14 07:44:04
2239,1,118456,treatment,2026-04-19 14:08:58
2240,1,118463,treatment,2026-04-12 09:24:08
2241,1,118472,control,2026-04-04 19:58:43
2242,1,118477,treatment,2026-04-16 06:28:38
2243,1,118506,control,2026-04-19 02:45:03
2244,1,118508,control,2026-04-15 13:15:30
2245,1,118519,treatment,2026-04-08 02:39:18
2246,1,118531,treatment,2026-04-16 06:57:05
2247,1,118534,treatment,2026-04-08 12:48:12
2248,1,118549,treatment,2026-04-03 13:00:57
2249,1,118566,control,2026-04-10 04:15:25
2250,1,118571,treatment,2026-04-05 21:00:07
2251,1,118573,control,2026-04-08 20:34:12
2252,1,118575,control,2026-04-08 08:42:15
2253,1,118582,control,2026-04-08 11:26:59
2254,1,118586,control,2026-04-10 09:59:05
2255,1,118610,treatment,2026-04-03 05:51:46
2256,1,118612,control,2026-04-01 13:43:56
2257,1,118618,treatment,2026-04-15 14:28:31
2258,1,118620,treatment,2026-04-19 13:15:31
2259,1,118626,control,2026-04-17 15:16:00
2260,1,118634,control,2026-04-06 09:31:28
2261,1,118636,treatment,2026-04-11 16:04:05
2262,1,118643,treatment,2026-04-12 12:30:43
2263,1,118648,control,2026-04-20 15:56:36
2264,1,118650,treatment,2026-04-11 09:45:00
2265,1,118675,control,2026-04-10 03:18:22
2266,1,118676,treatment,2026-04-16 09:44:09
2267,1,118684,control,2026-04-20 17:29:34
2268,1,118685,control,2026-04-09 08:14:54
2269,1,118707,treatment,2026-04-05 00:14:34
2270,1,118708,control,2026-04-10 19:33:54
2271,1,118711,treatment,2026-04-07 16:56:24
2272,1,118740,treatment,2026-04-20 12:47:25
2273,1,118744,treatment,2026-04-07 04:42:07
2274,1,118752,treatment,2026-04-09 07:34:33
2275,1,118761,control,2026-04-21 16:30:56
2276,1,118764,control,2026-04-02 09:05:16
2277,1,118770,control,2026-04-17 05:25:29
2278,1,118785,control,2026-04-17 08:25:15
2279,1,118790,control,2026-04-08 14:56:26
2280,1,118796,control,2026-04-02 19:47:34
2281,1,118804,treatment,2026-04-09 22:31:10
2282,1,118808,treatment,2026-04-16 03:34:27
2283,1,118811,control,2026-04-06 05:56:20
2284,1,118824,treatment,2026-04-12 22:17:51
2285,1,118830,control,2026-04-07 16:05:08
2286,1,118833,control,2026-04-04 08:14:38
2287,1,118836,control,2026-04-01 02:06:41
2288,1,118837,control,2026-04-07 05:12:30
2289,1,118840,control,2026-04-08 23:23:24
2290,1,118843,treatment,2026-04-02 03:18:09
2291,1,118852,treatment,2026-04-05 10:16:06
2292,1,118854,control,2026-04-02 15:03:50
2293,1,118863,control,2026-04-16 13:22:10
2294,1,118868,treatment,2026-04-03 16:15:33
2295,1,118871,control,2026-04-14 00:10:40
2296,1,118875,control,2026-04-13 02:27:10
2297,1,118893,treatment,2026-04-19 00:46:30
2298,1,118895,control,2026-04-07 18:38:06
2299,1,118896,treatment,2026-04-14 06:21:59
2300,1,118898,control,2026-04-11 00:53:25
2301,1,118911,treatment,2026-04-06 05:18:12
2302,1,118914,control,2026-04-21 22:03:37
2303,1,118920,treatment,2026-04-06 13:43:25
2304,1,118926,control,2026-04-15 19:46:22
2305,1,118938,control,2026-04-15 20:10:18
2306,1,118945,treatment,2026-04-13 17:26:34
2307,1,118952,control,2026-04-17 07:06:01
2308,1,118961,control,2026-04-21 18:08:31
2309,1,118962,control,2026-04-12 06:23:49
2310,1,118963,control,2026-04-20 19:39:39
2311,1,118967,treatment,2026-04-11 19:21:04
2312,1,118969,control,2026-04-19 20:14:53
2313,1,118971,control,2026-04-10 06:00:45
2314,1,118979,control,2026-04-13 20:51:04
2315,1,118988,control,2026-04-02 13:30:36
2316,1,119001,control,2026-04-20 04:34:22
2317,1,119009,treatment,2026-04-10 19:58:58
2318,1,119014,treatment,2026-04-03 12:23:17
2319,1,119019,control,2026-04-05 05:14:19
2320,1,119045,control,2026-04-02 03:57:12
2321,1,119047,control,2026-04-15 00:18:28
2322,1,119055,treatment,2026-04-02 08:43:09
2323,1,119063,treatment,2026-04-20 11:25:22
2324,1,119075,treatment,2026-04-01 17:58:07
2325,1,119078,control,2026-04-19 13:28:34
2326,1,119082,control,2026-04-03 21:15:40
2327,1,119085,control,2026-04-19 19:29:44
2328,1,119089,control,2026-04-07 20:47:41
2329,1,119097,control,2026-04-21 00:32:02
2330,1,119109,control,2026-04-07 14:01:35
2331,1,119110,treatment,2026-04-15 22:42:02
2332,1,119116,treatment,2026-04-17 01:23:16
2333,1,119133,control,2026-04-02 21:07:42
2334,1,119145,control,2026-04-21 21:24:26
2335,1,119156,control,2026-04-06 14:23:20
2336,1,119157,control,2026-04-05 02:58:50
2337,1,119159,treatment,2026-04-03 02:22:57
2338,1,119167,control,2026-04-10 03:08:36
2339,1,119172,treatment,2026-04-02 21:04:51
2340,1,119173,control,2026-04-12 21:38:04
2341,1,119182,treatment,2026-04-21 03:48:26
2342,1,119194,control,2026-04-14 14:05:04
2343,1,119230,control,2026-04-10 09:24:39
2344,1,119233,treatment,2026-04-21 09:45:26
2345,1,119234,control,2026-04-17 05:12:41
2346,1,119275,control,2026-04-05 01:32:09
2347,1,119277,control,2026-04-21 16:09:08
2348,1,119281,control,2026-04-13 19:36:21
2349,1,119285,treatment,2026-04-02 23:55:02
2350,1,119297,treatment,2026-04-06 04:39:01
2351,1,119303,control,2026-04-07 12:27:22
2352,1,119304,control,2026-04-03 23:32:22
2353,1,119307,treatment,2026-04-07 18:31:04
2354,1,119310,control,2026-04-13 18:29:16
2355,1,119316,treatment,2026-04-05 08:16:54
2356,1,119317,treatment,2026-04-10 18:08:54
2357,1,119324,control,2026-04-15 20:26:39
2358,1,119345,control,2026-04-06 15:35:10
2359,1,119358,treatment,2026-04-17 03:35:44
2360,1,119370,treatment,2026-04-13 07:07:10
2361,1,119375,control,2026-04-17 14:17:01
2362,1,119376,control,2026-04-11 14:22:02
2363,1,119392,control,2026-04-16 11:57:14
2364,1,119405,control,2026-04-16 09:57:30
2365,1,119413,treatment,2026-04-16 15:34:31
2366,1,119426,treatment,2026-04-21 19:34:22
2367,1,119427,control,2026-04-13 14:49:04
2368,1,119433,treatment,2026-04-19 06:20:43
2369,1,119441,control,2026-04-11 06:12:04
2370,1,119454,control,2026-04-18 15:16:35
2371,1,119465,treatment,2026-04-16 02:12:12
2372,1,119466,treatment,2026-04-21 02:10:08
2373,1,119471,control,2026-04-02 06:43:43
2374,1,119487,control,2026-04-03 09:28:43
2375,1,119498,treatment,2026-04-09 10:37:44
2376,1,119503,treatment,2026-04-05 18:15:48
2377,1,119530,treatment,2026-04-15 03:42:19
2378,1,119536,control,2026-04-18 15:36:29
2379,1,119544,treatment,2026-04-06 01:08:29
2380,1,119547,control,2026-04-16 19:52:43
2381,1,119558,control,2026-04-04 23:50:59
2382,1,119559,treatment,2026-04-16 17:05:40
2383,1,119581,control,2026-04-20 13:13:32
2384,1,119592,control,2026-04-14 17:25:01
2385,1,119601,control,2026-04-03 21:04:29
2386,1,119628,control,2026-04-11 18:05:56
2387,1,119637,treatment,2026-04-14 12:10:16
2388,1,119644,treatment,2026-04-01 06:19:51
2389,1,119646,treatment,2026-04-10 00:32:16
2390,1,119647,control,2026-04-07 05:41:35
2391,1,119660,treatment,2026-04-16 16:55:59
2392,1,119666,control,2026-04-03 12:01:39
2393,1,119671,treatment,2026-04-17 14:18:26
2394,1,119673,treatment,2026-04-01 05:20:37
2395,1,119678,treatment,2026-04-12 14:49:12
2396,1,119688,treatment,2026-04-11 04:31:33
2397,1,119712,treatment,2026-04-02 03:55:17
2398,1,119726,control,2026-04-15 08:46:47
2399,1,119730,treatment,2026-04-09 12:23:06
2400,1,119737,control,2026-04-11 00:06:26
2401,1,119745,treatment,2026-04-05 15:17:11
2402,1,119748,treatment,2026-04-05 01:10:40
2403,1,119760,control,2026-04-14 12:57:34
2404,1,119764,control,2026-04-19 02:46:06
2405,1,119765,control,2026-04-15 06:05:49
2406,1,119769,treatment,2026-04-06 06:03:36
2407,1,119778,treatment,2026-04-12 07:24:51
2408,1,119779,treatment,2026-04-21 07:36:02
2409,1,119789,treatment,2026-04-09 04:21:54
2410,1,119799,control,2026-04-03 22:19:05
2411,1,119800,control,2026-04-06 21:54:01
2412,1,119801,control,2026-04-14 11:54:18
2413,1,119836,treatment,2026-04-18 15:38:29
2414,1,119840,treatment,2026-04-13 10:06:59
2415,1,119843,control,2026-04-10 17:02:17
2416,1,119853,treatment,2026-04-20 22:09:32
2417,1,119855,treatment,2026-04-06 12:04:21
2418,1,119858,treatment,2026-04-11 10:24:50
2419,1,119866,treatment,2026-04-18 18:50:41
2420,1,119880,treatment,2026-04-07 22:28:30
2421,1,119884,control,2026-04-18 21:00:19
2422,1,119886,treatment,2026-04-09 08:01:40
2423,1,119891,treatment,2026-04-18 22:41:29
2424,1,119895,treatment,2026-04-03 18:37:05
2425,1,119902,control,2026-04-12 07:37:27
2426,1,119923,control,2026-04-15 02:51:06
2427,1,119925,treatment,2026-04-16 17:17:36
2428,1,119928,control,2026-04-18 09:27:10
2429,1,119934,control,2026-04-08 03:10:43
2430,1,119940,control,2026-04-19 22:17:19
2431,1,119960,treatment,2026-04-09 05:41:26
2432,1,119974,control,2026-04-06 09:18:34
2433,1,119989,treatment,2026-04-21 12:08:50
2434,1,119990,treatment,2026-04-07 08:13:52
2435,1,119994,control,2026-04-03 03:51:27
2436,1,120004,treatment,2026-04-13 10:45:46
2437,1,120016,control,2026-04-03 23:50:41
2438,1,120017,control,2026-04-11 08:58:25
2439,1,120026,control,2026-04-04 04:58:55
2440,1,120031,treatment,2026-04-19 06:40:45
2441,1,120033,treatment,2026-04-01 23:10:35
2442,1,120035,treatment,2026-04-04 07:29:57
2443,1,120041,control,2026-04-19 12:51:42
2444,1,120049,control,2026-04-21 17:13:59
2445,1,120058,treatment,2026-04-21 08:03:45
2446,1,120085,treatment,2026-04-10 13:48:33
2447,1,120097,control,2026-04-02 07:24:27
2448,1,120098,treatment,2026-04-08 00:46:37
2449,1,120104,treatment,2026-04-02 22:41:51
2450,1,120109,control,2026-04-07 22:08:40
2451,1,120110,treatment,2026-04-09 01:52:03
2452,1,120114,control,2026-04-18 01:59:51
2453,1,120128,treatment,2026-04-06 02:37:31
2454,1,120142,treatment,2026-04-05 03:26:14
2455,1,120143,treatment,2026-04-21 07:30:40
2456,1,120191,control,2026-04-05 10:02:57
2457,1,120198,control,2026-04-01 21:30:09
2458,1,120222,control,2026-04-21 22:17:19
2459,1,120225,control,2026-04-07 21:52:33
2460,1,120244,control,2026-04-01 05:28:11
2461,1,120278,control,2026-04-08 13:35:13
2462,1,120282,treatment,2026-04-04 19:44:39
2463,1,120309,control,2026-04-01 14:55:15
2464,1,120313,treatment,2026-04-14 01:04:45
2465,1,120315,control,2026-04-13 21:08:59
2466,1,120318,treatment,2026-04-17 01:44:13
2467,1,120328,treatment,2026-04-11 21:19:10
2468,1,120333,treatment,2026-04-04 11:38:29
2469,1,120339,control,2026-04-18 13:01:38
2470,1,120352,treatment,2026-04-20 10:08:32
2471,1,120366,treatment,2026-04-09 21:44:59
2472,1,120382,control,2026-04-09 07:30:16
2473,1,120386,control,2026-04-08 19:31:57
2474,1,120389,control,2026-04-01 04:11:59
2475,1,120399,treatment,2026-04-18 00:45:28
2476,1,120409,treatment,2026-04-16 17:42:57
2477,1,120416,control,2026-04-02 19:14:37
2478,1,120427,control,2026-04-19 04:21:24
2479,1,120445,control,2026-04-08 21:37:03
2480,1,120453,treatment,2026-04-19 22:33:49
2481,1,120475,treatment,2026-04-10 16:27:50
2482,1,120491,treatment,2026-04-01 00:04:23
2483,1,120493,treatment,2026-04-13 02:32:44
2484,1,120500,control,2026-04-16 01:02:37
2485,1,120523,control,2026-04-15 21:28:13
2486,1,120533,treatment,2026-04-02 22:29:06
2487,1,120539,control,2026-04-06 01:05:41
2488,1,120552,control,2026-04-12 11:00:56
2489,1,120558,control,2026-04-10 16:45:17
2490,1,120560,treatment,2026-04-17 07:22:14
2491,1,120562,control,2026-04-06 13:04:17
2492,1,120566,control,2026-04-16 06:30:41
2493,1,120579,treatment,2026-04-19 15:12:11
2494,1,120580,treatment,2026-04-10 14:31:53
2495,1,120581,treatment,2026-04-04 09:38:33
2496,1,120598,control,2026-04-02 12:31:49
2497,1,120602,treatment,2026-04-11 23:49:41
2498,1,120605,control,2026-04-01 18:19:57
2499,1,120620,treatment,2026-04-07 16:14:23
2500,1,120621,treatment,2026-04-16 04:58:11
2501,1,120627,control,2026-04-03 08:41:30
2502,1,120628,treatment,2026-04-16 03:01:41
2503,1,120648,treatment,2026-04-05 18:43:16
2504,1,120650,control,2026-04-09 05:58:35
2505,1,120660,control,2026-04-08 11:17:19
2506,1,120664,treatment,2026-04-05 14:30:04
2507,1,120676,control,2026-04-03 14:30:52
2508,1,120677,treatment,2026-04-05 02:03:26
2509,1,120682,control,2026-04-03 01:14:27
2510,1,120698,control,2026-04-06 13:57:19
2511,1,120707,control,2026-04-09 09:28:54
2512,1,120711,treatment,2026-04-01 18:47:38
2513,1,120712,treatment,2026-04-09 04:40:39
2514,1,120717,control,2026-04-17 21:18:23
2515,1,120727,control,2026-04-21 13:19:58
2516,1,120729,control,2026-04-15 15:50:04
2517,1,120734,treatment,2026-04-02 13:59:05
2518,1,120738,treatment,2026-04-15 04:15:30
2519,1,120739,treatment,2026-04-11 06:33:47
2520,1,120741,treatment,2026-04-09 19:11:15
2521,1,120744,control,2026-04-14 01:35:20
2522,1,120750,treatment,2026-04-16 19:14:41
2523,1,120754,control,2026-04-11 14:11:10
2524,1,120761,control,2026-04-12 17:49:29
2525,1,120781,control,2026-04-01 04:12:56
2526,1,120784,control,2026-04-16 14:02:10
2527,1,120800,treatment,2026-04-11 07:58:43
2528,1,120803,treatment,2026-04-18 06:49:33
2529,1,120808,treatment,2026-04-16 12:17:25
2530,1,120813,treatment,2026-04-17 06:50:38
2531,1,120817,treatment,2026-04-19 23:50:47
2532,1,120818,treatment,2026-04-19 22:45:32
2533,1,120824,control,2026-04-02 16:55:12
2534,1,120830,control,2026-04-03 00:07:37
2535,1,120836,treatment,2026-04-05 14:50:05
2536,1,120841,control,2026-04-18 16:05:34
2537,1,120843,treatment,2026-04-05 19:00:08
2538,1,120854,treatment,2026-04-03 11:32:56
2539,1,120864,control,2026-04-08 12:35:45
2540,1,120867,treatment,2026-04-02 17:08:17
2541,1,120873,control,2026-04-19 21:54:28
2542,1,120880,treatment,2026-04-06 00:13:12
2543,1,120897,control,2026-04-10 17:56:28
2544,1,120925,control,2026-04-21 12:24:43
2545,1,120933,treatment,2026-04-21 17:28:49
2546,1,120952,control,2026-04-15 06:16:40
2547,1,120961,control,2026-04-18 06:43:41
2548,1,120967,control,2026-04-12 13:27:15
2549,1,120972,treatment,2026-04-03 23:06:53
2550,1,120975,control,2026-04-06 14:11:45
2551,1,120991,control,2026-04-14 10:47:01
2552,1,120996,control,2026-04-19 21:38:16
2553,1,121031,treatment,2026-04-01 05:18:18
2554,1,121034,treatment,2026-04-01 16:52:55
2555,1,121047,control,2026-04-13 03:54:53
2556,1,121051,control,2026-04-07 19:27:24
2557,1,121052,control,2026-04-06 11:55:52
2558,1,121053,treatment,2026-04-03 17:00:33
2559,1,121064,control,2026-04-11 20:31:02
2560,1,121068,control,2026-04-07 15:18:24
2561,1,121077,treatment,2026-04-01 05:38:44
2562,1,121083,control,2026-04-20 10:36:09
2563,1,121095,control,2026-04-09 23:52:04
2564,1,121098,control,2026-04-19 16:06:38
2565,1,121104,control,2026-04-07 14:13:20
2566,1,121127,control,2026-04-16 22:04:25
2567,1,121133,treatment,2026-04-10 19:00:59
2568,1,121134,control,2026-04-16 13:18:23
2569,1,121139,control,2026-04-18 05:42:58
2570,1,121174,control,2026-04-14 07:47:46
2571,1,121183,treatment,2026-04-12 15:21:29
2572,1,121198,control,2026-04-14 12:52:21
2573,1,121200,treatment,2026-04-03 06:13:08
2574,1,121201,treatment,2026-04-11 14:10:30
2575,1,121212,control,2026-04-18 10:42:46
2576,1,121213,control,2026-04-16 15:55:29
2577,1,121214,control,2026-04-19 01:05:52
2578,1,121221,treatment,2026-04-21 09:21:11
2579,1,121223,treatment,2026-04-21 16:24:15
2580,1,121231,control,2026-04-06 07:32:22
2581,1,121236,control,2026-04-12 00:05:22
2582,1,121240,control,2026-04-13 09:05:33
2583,1,121242,treatment,2026-04-07 16:01:12
2584,1,121243,control,2026-04-21 19:30:29
2585,1,121260,control,2026-04-02 07:47:54
2586,1,121262,control,2026-04-17 01:34:10
2587,1,121274,control,2026-04-16 21:35:01
2588,1,121278,treatment,2026-04-07 04:49:17
2589,1,121285,control,2026-04-19 10:09:38
2590,1,121286,control,2026-04-04 03:57:27
2591,1,121305,treatment,2026-04-10 22:09:52
2592,1,121310,treatment,2026-04-16 06:00:22
2593,1,121318,treatment,2026-04-01 07:38:26
2594,1,121324,treatment,2026-04-08 17:54:28
2595,1,121325,control,2026-04-03 07:36:03
2596,1,121336,treatment,2026-04-12 18:59:55
2597,1,121344,control,2026-04-18 23:20:02
2598,1,121349,treatment,2026-04-16 05:51:45
2599,1,121364,treatment,2026-04-08 16:02:57
2600,1,121365,treatment,2026-04-12 01:21:31
2601,1,121368,control,2026-04-06 18:05:37
2602,1,121369,control,2026-04-13 23:30:17
2603,1,121382,treatment,2026-04-17 22:54:11
2604,1,121392,control,2026-04-09 02:54:40
2605,1,121408,treatment,2026-04-17 11:06:51
2606,1,121414,treatment,2026-04-01 08:37:04
2607,1,121415,treatment,2026-04-10 08:57:21
2608,1,121432,control,2026-04-20 14:50:54
2609,1,121436,control,2026-04-12 12:02:17
2610,1,121458,treatment,2026-04-06 22:36:26
2611,1,121464,treatment,2026-04-07 03:31:20
2612,1,121472,treatment,2026-04-16 13:57:39
2613,1,121481,treatment,2026-04-21 14:46:47
2614,1,121484,treatment,2026-04-09 20:02:34
2615,1,121488,control,2026-04-12 04:20:30
2616,1,121499,treatment,2026-04-12 21:23:25
2617,1,121515,treatment,2026-04-19 05:09:39
2618,1,121516,treatment,2026-04-14 22:44:48
2619,1,121537,control,2026-04-02 00:21:55
2620,1,121543,treatment,2026-04-08 07:00:44
2621,1,121557,control,2026-04-14 10:39:47
2622,1,121561,treatment,2026-04-06 17:09:12
2623,1,121562,control,2026-04-02 18:15:13
2624,1,121563,treatment,2026-04-12 16:50:10
2625,1,121568,control,2026-04-08 06:35:10
2626,1,121570,treatment,2026-04-20 23:12:13
2627,1,121575,treatment,2026-04-12 20:05:00
2628,1,121582,treatment,2026-04-20 00:29:58
2629,1,121598,control,2026-04-12 20:25:03
2630,1,121604,treatment,2026-04-18 09:41:19
2631,1,121607,treatment,2026-04-02 14:11:47
2632,1,121609,control,2026-04-17 08:21:35
2633,1,121620,treatment,2026-04-17 08:12:14
2634,1,121635,control,2026-04-21 13:00:57
2635,1,121642,treatment,2026-04-16 17:02:58
2636,1,121657,treatment,2026-04-16 13:17:13
2637,1,121660,treatment,2026-04-01 02:06:53
2638,1,121665,control,2026-04-20 18:07:18
2639,1,121672,control,2026-04-03 19:48:44
2640,1,121681,control,2026-04-05 23:22:57
2641,1,121691,control,2026-04-05 20:18:49
2642,1,121695,treatment,2026-04-20 15:56:35
2643,1,121699,control,2026-04-19 00:44:22
2644,1,121702,control,2026-04-09 00:11:28
2645,1,121724,treatment,2026-04-01 15:43:12
2646,1,121752,control,2026-04-04 15:15:02
2647,1,121764,control,2026-04-16 22:10:59
2648,1,121773,treatment,2026-04-14 16:43:52
2649,1,121784,control,2026-04-15 09:55:53
2650,1,121785,treatment,2026-04-18 08:55:21
2651,1,121791,control,2026-04-02 16:49:06
2652,1,121800,control,2026-04-18 15:34:03
2653,1,121803,control,2026-04-08 01:26:15
2654,1,121804,control,2026-04-19 11:22:32
2655,1,121814,control,2026-04-17 12:50:54
2656,1,121824,control,2026-04-19 23:07:32
2657,1,121825,treatment,2026-04-18 10:31:53
2658,1,121836,control,2026-04-03 18:53:50
2659,1,121844,treatment,2026-04-17 12:07:02
2660,1,121856,treatment,2026-04-01 13:03:10
2661,1,121864,control,2026-04-17 17:58:24
2662,1,121865,control,2026-04-07 13:55:13
2663,1,121879,control,2026-04-04 07:36:19
2664,1,121884,treatment,2026-04-09 13:35:49
2665,1,121887,control,2026-04-15 21:40:26
2666,1,121891,treatment,2026-04-06 21:24:22
2667,1,121899,control,2026-04-16 19:15:45
2668,1,121907,treatment,2026-04-03 11:25:41
2669,1,121909,control,2026-04-11 14:43:50
2670,1,121930,control,2026-04-06 04:29:49
2671,1,121931,treatment,2026-04-16 23:57:37
2672,1,121934,treatment,2026-04-15 04:48:25
2673,1,121935,control,2026-04-08 14:23:50
2674,1,121936,treatment,2026-04-03 18:49:28
2675,1,121942,control,2026-04-09 11:21:55
2676,1,121947,treatment,2026-04-05 11:44:10
2677,1,121952,treatment,2026-04-10 21:18:14
2678,1,121964,treatment,2026-04-13 01:51:22
2679,1,121970,treatment,2026-04-17 17:33:08
2680,1,121971,treatment,2026-04-09 09:48:23
2681,1,121972,treatment,2026-04-10 18:00:14
2682,1,121981,treatment,2026-04-10 08:31:09
2683,1,121990,treatment,2026-04-11 13:43:40
2684,1,121998,treatment,2026-04-07 07:59:12
2685,1,122002,control,2026-04-01 19:44:45
2686,1,122014,control,2026-04-21 10:26:59
2687,1,122017,treatment,2026-04-03 08:06:38
2688,1,122023,treatment,2026-04-01 05:07:31
2689,1,122027,treatment,2026-04-07 04:51:06
2690,1,122039,control,2026-04-17 07:20:23
2691,1,122040,control,2026-04-08 05:27:40
2692,1,122073,treatment,2026-04-11 08:30:46
2693,1,122076,treatment,2026-04-07 17:10:29
2694,1,122088,control,2026-04-16 18:34:38
2695,1,122098,control,2026-04-18 18:36:19
2696,1,122105,treatment,2026-04-01 11:41:41
2697,1,122116,control,2026-04-21 22:10:56
2698,1,122125,control,2026-04-13 17:33:30
2699,1,122129,treatment,2026-04-13 12:57:56
2700,1,122131,treatment,2026-04-07 04:17:00
2701,1,122146,control,2026-04-02 19:34:25
2702,1,122152,control,2026-04-06 09:48:33
2703,1,122157,control,2026-04-17 14:17:45
2704,1,122173,control,2026-04-01 11:21:05
2705,1,122190,treatment,2026-04-21 19:01:48
2706,1,122193,control,2026-04-06 18:22:05
2707,1,122214,control,2026-04-08 04:20:33
2708,1,122266,control,2026-04-03 04:12:41
2709,1,122278,control,2026-04-07 15:12:51
2710,1,122281,control,2026-04-13 09:09:47
2711,1,122298,treatment,2026-04-12 00:02:40
2712,1,122308,treatment,2026-04-15 08:34:37
2713,1,122314,treatment,2026-04-18 17:24:58
2714,1,122317,treatment,2026-04-01 21:11:26
2715,1,122325,treatment,2026-04-04 03:14:49
2716,1,122327,control,2026-04-09 19:36:25
2717,1,122331,control,2026-04-12 14:07:40
2718,1,122336,treatment,2026-04-14 00:52:41
2719,1,122340,control,2026-04-17 06:39:56
2720,1,122370,control,2026-04-18 05:11:45
2721,1,122386,control,2026-04-02 01:30:13
2722,1,122389,control,2026-04-02 04:41:33
2723,1,122412,control,2026-04-07 17:10:59
2724,1,122416,treatment,2026-04-05 14:29:26
2725,1,122419,treatment,2026-04-13 23:11:50
2726,1,122432,treatment,2026-04-12 02:21:37
2727,1,122444,control,2026-04-01 17:18:48
2728,1,122447,treatment,2026-04-02 23:57:25
2729,1,122448,control,2026-04-11 00:40:31
2730,1,122469,control,2026-04-08 13:13:04
2731,1,122473,control,2026-04-05 14:36:21
2732,1,122481,control,2026-04-08 15:38:37
2733,1,122502,control,2026-04-01 18:18:44
2734,1,122511,control,2026-04-16 03:34:16
2735,1,122535,control,2026-04-06 23:30:49
2736,1,122538,control,2026-04-01 16:40:30
2737,1,122552,control,2026-04-07 10:54:28
2738,1,122559,control,2026-04-11 11:53:19
2739,1,122564,control,2026-04-10 22:03:45
2740,1,122571,control,2026-04-12 23:47:32
2741,1,122573,treatment,2026-04-08 14:13:55
2742,1,122609,treatment,2026-04-16 17:29:34
2743,1,122612,treatment,2026-04-21 12:57:30
2744,1,122618,treatment,2026-04-09 17:39:59
2745,1,122622,control,2026-04-03 04:33:40
2746,1,122629,treatment,2026-04-17 15:04:35
2747,1,122644,control,2026-04-09 21:53:32
2748,1,122650,treatment,2026-04-13 05:21:26
2749,1,122661,control,2026-04-01 06:19:21
2750,1,122672,control,2026-04-19 06:17:16
2751,1,122677,control,2026-04-20 04:34:25
2752,1,122685,treatment,2026-04-20 21:12:50
2753,1,122686,control,2026-04-08 22:29:44
2754,1,122705,treatment,2026-04-14 21:09:20
2755,1,122715,treatment,2026-04-03 19:51:47
2756,1,122738,control,2026-04-02 03:49:46
2757,1,122751,control,2026-04-10 15:41:09
2758,1,122757,control,2026-04-17 21:26:49
2759,1,122762,control,2026-04-09 19:35:05
2760,1,122775,control,2026-04-07 15:17:34
2761,1,122782,treatment,2026-04-20 11:19:46
2762,1,122792,control,2026-04-05 00:25:44
2763,1,122808,treatment,2026-04-15 16:23:11
2764,1,122819,control,2026-04-04 22:43:40
2765,1,122832,treatment,2026-04-12 21:26:33
2766,1,122847,control,2026-04-05 12:21:16
2767,1,122850,treatment,2026-04-20 21:09:12
2768,1,122856,control,2026-04-19 07:23:34
2769,1,122862,control,2026-04-12 07:33:14
2770,1,122874,treatment,2026-04-17 21:07:55
2771,1,122908,treatment,2026-04-07 15:16:32
2772,1,122909,treatment,2026-04-19 12:59:25
2773,1,122911,control,2026-04-19 14:05:15
2774,1,122919,control,2026-04-01 08:24:06
2775,1,122945,control,2026-04-03 19:23:17
2776,1,122949,treatment,2026-04-01 06:43:01
2777,1,122951,treatment,2026-04-01 11:23:54
2778,1,122955,control,2026-04-17 15:40:28
2779,1,122966,control,2026-04-15 13:59:27
2780,1,122973,control,2026-04-12 16:25:29
2781,1,122982,control,2026-04-14 04:12:13
2782,1,122986,treatment,2026-04-07 19:54:34
2783,1,122987,treatment,2026-04-10 03:11:47
2784,1,122994,control,2026-04-21 19:41:13
2785,1,122996,treatment,2026-04-01 03:09:51
2786,1,123006,control,2026-04-02 11:12:02
2787,1,123007,control,2026-04-15 19:14:03
2788,1,123008,treatment,2026-04-02 07:09:07
2789,1,123009,control,2026-04-11 12:21:11
2790,1,123020,treatment,2026-04-01 08:51:18
2791,1,123040,control,2026-04-13 12:41:27
2792,1,123052,treatment,2026-04-11 07:13:40
2793,1,123066,treatment,2026-04-14 04:20:28
2794,1,123070,treatment,2026-04-05 15:12:00
2795,1,123086,treatment,2026-04-14 05:01:58
2796,1,123095,treatment,2026-04-02 02:06:45
2797,1,123105,control,2026-04-07 01:14:12
2798,1,123106,control,2026-04-07 14:55:45
2799,1,123119,control,2026-04-16 16:21:56
2800,1,123121,treatment,2026-04-11 18:01:16
2801,1,123135,control,2026-04-20 14:08:47
2802,1,123155,treatment,2026-04-21 19:39:26
2803,1,123170,control,2026-04-01 22:56:37
2804,1,123185,control,2026-04-14 01:50:02
2805,1,123207,control,2026-04-15 00:18:37
2806,1,123234,control,2026-04-16 22:21:31
2807,1,123236,treatment,2026-04-13 16:39:16
2808,1,123240,treatment,2026-04-12 10:22:37
2809,1,123247,control,2026-04-11 13:39:38
2810,1,123250,treatment,2026-04-02 18:24:19
2811,1,123252,control,2026-04-08 22:33:25
2812,1,123254,treatment,2026-04-08 23:04:28
2813,1,123258,treatment,2026-04-15 07:19:02
2814,1,123281,treatment,2026-04-21 10:23:44
2815,1,123285,control,2026-04-08 23:25:39
2816,1,123324,control,2026-04-14 17:06:04
2817,1,123333,treatment,2026-04-15 15:13:44
2818,1,123337,treatment,2026-04-01 22:29:28
2819,1,123342,treatment,2026-04-03 08:08:32
2820,1,123349,control,2026-04-21 05:09:22
2821,1,123360,control,2026-04-01 13:02:50
2822,1,123361,treatment,2026-04-15 07:41:58
2823,1,123368,control,2026-04-17 20:25:56
2824,1,123373,control,2026-04-19 08:14:31
2825,1,123384,control,2026-04-11 11:10:59
2826,1,123385,control,2026-04-03 06:10:01
2827,1,123390,control,2026-04-06 07:56:59
2828,1,123391,control,2026-04-06 20:00:07
2829,1,123392,treatment,2026-04-14 02:26:13
2830,1,123413,treatment,2026-04-09 09:13:07
2831,1,123428,control,2026-04-11 19:21:04
2832,1,123443,control,2026-04-15 03:51:35
2833,1,123445,control,2026-04-19 10:05:07
2834,1,123452,treatment,2026-04-19 04:16:19
2835,1,123454,treatment,2026-04-09 16:59:24
2836,1,123466,treatment,2026-04-12 03:11:48
2837,1,123477,control,2026-04-01 09:35:23
2838,1,123480,control,2026-04-13 16:26:52
2839,1,123485,treatment,2026-04-18 14:40:47
2840,1,123497,treatment,2026-04-09 22:49:22
2841,1,123510,control,2026-04-03 05:33:06
2842,1,123512,treatment,2026-04-11 12:56:54
2843,1,123520,control,2026-04-20 22:38:15
2844,1,123521,treatment,2026-04-21 12:28:11
2845,1,123530,control,2026-04-19 20:04:06
2846,1,123555,treatment,2026-04-06 20:12:00
2847,1,123560,treatment,2026-04-17 06:44:06
2848,1,123562,treatment,2026-04-01 04:55:48
2849,1,123567,treatment,2026-04-04 17:42:58
2850,1,123605,treatment,2026-04-19 22:39:06
2851,1,123612,treatment,2026-04-11 23:03:29
2852,1,123617,control,2026-04-16 02:46:09
2853,1,123620,control,2026-04-02 09:01:00
2854,1,123624,control,2026-04-21 11:36:49
2855,1,123627,treatment,2026-04-15 23:50:49
2856,1,123632,control,2026-04-21 12:53:33
2857,1,123633,treatment,2026-04-20 12:46:41
2858,1,123634,treatment,2026-04-04 01:12:51
2859,1,123637,treatment,2026-04-01 21:29:07
2860,1,123661,control,2026-04-05 23:01:04
2861,1,123663,control,2026-04-18 08:57:14
2862,1,123665,treatment,2026-04-03 14:09:52
2863,1,123677,treatment,2026-04-11 21:10:33
2864,1,123689,treatment,2026-04-16 22:55:55
2865,1,123690,treatment,2026-04-05 13:03:03
2866,1,123694,treatment,2026-04-18 11:26:07
2867,1,123705,treatment,2026-04-18 21:59:35
2868,1,123707,control,2026-04-13 22:41:01
2869,1,123711,control,2026-04-14 01:18:23
2870,1,123712,control,2026-04-11 09:13:05
2871,1,123731,treatment,2026-04-15 04:50:47
2872,1,123732,control,2026-04-05 17:33:00
2873,1,123759,control,2026-04-18 12:06:57
2874,1,123765,treatment,2026-04-16 13:37:30
2875,1,123778,control,2026-04-07 04:56:51
2876,1,123780,control,2026-04-20 01:50:03
2877,1,123784,control,2026-04-11 04:38:23
2878,1,123801,control,2026-04-05 01:36:18
2879,1,123808,control,2026-04-14 17:02:14
2880,1,123809,treatment,2026-04-13 08:35:20
2881,1,123812,control,2026-04-21 13:39:40
2882,1,123826,control,2026-04-04 22:52:02
2883,1,123836,control,2026-04-20 21:04:30
2884,1,123841,treatment,2026-04-12 14:01:07
2885,1,123842,control,2026-04-02 01:26:22
2886,1,123857,control,2026-04-09 08:35:07
2887,1,123882,treatment,2026-04-01 04:20:14
2888,1,123909,control,2026-04-14 20:27:50
2889,1,123920,control,2026-04-20 16:33:46
2890,1,123936,treatment,2026-04-07 03:39:19
2891,1,123943,control,2026-04-18 09:21:51
2892,1,123945,control,2026-04-01 03:26:32
2893,1,123946,control,2026-04-17 20:31:36
2894,1,123956,control,2026-04-02 09:35:51
2895,1,123970,treatment,2026-04-09 07:40:49
2896,1,123980,treatment,2026-04-01 01:12:27
2897,1,123981,treatment,2026-04-12 18:07:13
2898,1,123988,control,2026-04-15 16:01:05
2899,1,123994,control,2026-04-04 00:17:45
2900,1,123995,control,2026-04-17 17:40:29
2901,1,124000,control,2026-04-08 19:42:09
2902,1,124004,treatment,2026-04-14 02:54:14
2903,1,124007,control,2026-04-19 20:15:23
2904,1,124019,control,2026-04-03 12:56:59
2905,1,124023,control,2026-04-11 13:16:49
2906,1,124028,control,2026-04-07 02:51:06
2907,1,124032,treatment,2026-04-21 04:01:12
2908,1,124037,control,2026-04-16 04:16:59
2909,1,124040,control,2026-04-17 07:52:15
2910,1,124041,treatment,2026-04-04 19:54:08
2911,1,124042,treatment,2026-04-11 22:09:47
2912,1,124046,treatment,2026-04-13 20:37:12
2913,1,124055,treatment,2026-04-08 01:17:08
2914,1,124076,control,2026-04-08 18:50:31
2915,1,124093,treatment,2026-04-07 20:23:45
2916,1,124096,treatment,2026-04-14 06:38:32
2917,1,124117,treatment,2026-04-20 08:30:59
2918,1,124127,treatment,2026-04-16 09:08:24
2919,1,124135,treatment,2026-04-19 07:04:16
2920,1,124142,control,2026-04-16 23:49:38
2921,1,124150,treatment,2026-04-15 12:11:34
2922,1,124152,control,2026-04-16 22:38:22
2923,1,124172,control,2026-04-20 21:07:15
2924,1,124181,treatment,2026-04-13 06:25:00
2925,1,124183,control,2026-04-17 23:45:56
2926,1,124185,treatment,2026-04-04 12:16:37
2927,1,124214,control,2026-04-01 10:19:23
2928,1,124225,treatment,2026-04-10 12:20:03
2929,1,124233,control,2026-04-11 23:15:52
2930,1,124242,control,2026-04-05 06:55:14
2931,1,124243,treatment,2026-04-06 03:56:42
2932,1,124250,treatment,2026-04-02 05:55:58
2933,1,124253,control,2026-04-21 22:10:21
2934,1,124259,control,2026-04-01 13:31:04
2935,1,124266,treatment,2026-04-20 08:39:40
2936,1,124279,treatment,2026-04-20 05:52:01
2937,1,124282,treatment,2026-04-17 13:55:03
2938,1,124284,control,2026-04-01 05:40:11
2939,1,124290,control,2026-04-07 13:26:51
2940,1,124301,treatment,2026-04-06 06:06:22
2941,1,124310,treatment,2026-04-20 19:28:08
2942,1,124311,control,2026-04-08 12:12:35
2943,1,124312,treatment,2026-04-19 12:16:45
2944,1,124327,control,2026-04-10 14:26:55
2945,1,124335,control,2026-04-08 02:14:18
2946,1,124339,control,2026-04-09 09:15:50
2947,1,124340,control,2026-04-04 09:53:04
2948,1,124341,treatment,2026-04-21 05:09:31
2949,1,124343,treatment,2026-04-08 13:03:30
2950,1,124348,control,2026-04-20 07:25:06
2951,1,124352,control,2026-04-01 10:25:15
2952,1,124354,treatment,2026-04-21 04:53:53
2953,1,124391,treatment,2026-04-16 00:59:10
2954,1,124402,treatment,2026-04-17 01:29:59
2955,1,124407,treatment,2026-04-16 03:20:34
2956,1,124425,treatment,2026-04-07 11:12:22
2957,1,124434,treatment,2026-04-08 16:31:55
2958,1,124436,treatment,2026-04-01 23:11:13
2959,1,124437,treatment,2026-04-03 02:45:20
2960,1,124440,treatment,2026-04-02 21:58:01
2961,1,124443,control,2026-04-02 05:53:36
2962,1,124464,treatment,2026-04-17 10:00:17
2963,1,124466,control,2026-04-20 07:50:50
2964,1,124499,treatment,2026-04-03 11:04:52
2965,1,124508,treatment,2026-04-09 18:52:38
2966,1,124510,control,2026-04-16 11:52:26
2967,1,124511,treatment,2026-04-20 07:45:42
2968,1,124515,treatment,2026-04-06 06:14:31
2969,1,124526,treatment,2026-04-07 01:51:47
2970,1,124529,treatment,2026-04-20 10:50:17
2971,1,124542,treatment,2026-04-04 04:56:48
2972,1,124544,treatment,2026-04-19 10:14:45
2973,1,124548,treatment,2026-04-15 10:30:14
2974,1,124560,control,2026-04-21 11:43:19
2975,1,124570,treatment,2026-04-07 08:55:17
2976,1,124577,control,2026-04-03 18:24:33
2977,1,124580,control,2026-04-18 18:08:11
2978,1,124595,treatment,2026-04-13 06:44:58
2979,1,124601,control,2026-04-08 15:07:12
2980,1,124621,control,2026-04-18 22:29:49
2981,1,124626,treatment,2026-04-06 01:48:53
2982,1,124628,treatment,2026-04-18 10:31:30
2983,1,124630,treatment,2026-04-11 19:13:31
2984,1,124632,treatment,2026-04-04 03:39:28
2985,1,124649,treatment,2026-04-18 19:04:44
2986,1,124665,treatment,2026-04-03 11:02:21
2987,1,124669,control,2026-04-19 04:16:43
2988,1,124670,treatment,2026-04-16 07:40:49
2989,1,124679,treatment,2026-04-05 08:43:35
2990,1,124696,control,2026-04-07 11:28:24
2991,1,124700,treatment,2026-04-05 13:59:09
2992,1,124711,control,2026-04-09 05:59:45
2993,1,124717,control,2026-04-12 21:36:10
2994,1,124722,control,2026-04-14 00:15:07
2995,1,124725,control,2026-04-01 06:08:25
2996,1,124736,treatment,2026-04-05 18:58:23
2997,1,124741,treatment,2026-04-14 00:13:31
2998,1,124754,treatment,2026-04-04 16:56:00
2999,1,124755,treatment,2026-04-02 19:35:48
3000,1,124760,treatment,2026-04-18 04:57:17
3001,1,124761,treatment,2026-04-13 23:01:29
3002,1,124771,control,2026-04-20 15:39:16
3003,1,124774,control,2026-04-06 13:52:48
3004,1,124779,control,2026-04-21 22:41:25
3005,1,124780,control,2026-04-10 19:52:16
3006,1,124799,treatment,2026-04-15 07:35:43
3007,1,124818,treatment,2026-04-05 17:57:59
3008,1,124836,treatment,2026-04-16 09:31:28
3009,1,124837,control,2026-04-02 21:00:17
3010,1,124850,treatment,2026-04-02 21:16:52
3011,1,124859,control,2026-04-15 18:34:12
3012,1,124869,control,2026-04-21 16:13:48
3013,1,124871,treatment,2026-04-18 18:12:03
3014,1,124883,control,2026-04-04 14:03:43
3015,1,124889,treatment,2026-04-13 16:23:54
3016,1,124890,treatment,2026-04-14 20:29:09
3017,1,124896,control,2026-04-09 22:28:12
3018,1,124910,treatment,2026-04-12 16:24:23
3019,1,124925,control,2026-04-19 15:37:39
3020,1,124939,treatment,2026-04-11 21:54:22
3021,1,124950,treatment,2026-04-11 09:13:16
3022,1,124953,control,2026-04-18 18:18:52
3023,1,124984,control,2026-04-06 22:52:23
3024,1,125003,control,2026-04-10 07:57:09
3025,1,125004,treatment,2026-04-08 05:59:53
3026,1,125011,treatment,2026-04-04 13:43:22
3027,1,125016,treatment,2026-04-05 07:35:24
3028,1,125024,control,2026-04-07 02:58:32
3029,1,125028,treatment,2026-04-05 22:47:11
3030,1,125042,treatment,2026-04-03 22:36:43
3031,1,125046,control,2026-04-20 08:52:17
3032,1,125047,control,2026-04-10 20:55:22
3033,1,125058,control,2026-04-16 10:12:45
3034,1,125071,control,2026-04-03 07:12:12
3035,1,125086,control,2026-04-20 10:57:40
3036,1,125090,control,2026-04-16 16:32:40
3037,1,125106,treatment,2026-04-16 00:09:03
3038,1,125110,control,2026-04-21 17:51:23
3039,1,125130,control,2026-04-21 00:09:23
3040,1,125137,treatment,2026-04-08 19:07:59
3041,1,125153,control,2026-04-11 02:28:51
3042,1,125154,control,2026-04-20 19:05:50
3043,1,125161,control,2026-04-04 23:15:20
3044,1,125174,control,2026-04-07 22:25:43
3045,1,125181,control,2026-04-16 16:59:15
3046,1,125188,treatment,2026-04-12 14:50:56
3047,1,125192,treatment,2026-04-12 14:02:18
3048,1,125194,control,2026-04-01 11:42:37
3049,1,125211,treatment,2026-04-10 20:12:06
3050,1,125218,treatment,2026-04-02 11:07:38
3051,1,125222,control,2026-04-10 01:59:25
3052,1,125223,treatment,2026-04-10 23:27:51
3053,1,125225,treatment,2026-04-07 01:14:23
3054,1,125227,control,2026-04-16 06:19:18
3055,1,125233,treatment,2026-04-21 04:31:56
3056,1,125263,treatment,2026-04-13 14:40:28
3057,1,125266,treatment,2026-04-08 01:34:11
3058,1,125275,control,2026-04-14 07:06:11
3059,1,125288,control,2026-04-16 14:41:31
3060,1,125299,treatment,2026-04-01 22:27:01
3061,1,125300,control,2026-04-10 16:04:22
3062,1,125324,control,2026-04-11 01:54:40
3063,1,125340,treatment,2026-04-04 22:41:21
3064,1,125342,treatment,2026-04-04 06:35:43
3065,1,125374,treatment,2026-04-01 18:43:51
3066,1,125379,control,2026-04-14 16:41:44
3067,1,125403,treatment,2026-04-12 01:16:15
3068,1,125427,control,2026-04-20 03:37:16
3069,1,125428,treatment,2026-04-12 02:04:59
3070,1,125445,control,2026-04-11 21:05:12
3071,1,125446,control,2026-04-10 22:10:12
3072,1,125447,control,2026-04-08 15:10:56
3073,1,125457,treatment,2026-04-01 21:36:11
3074,1,125459,treatment,2026-04-17 21:05:44
3075,1,125463,treatment,2026-04-07 10:00:30
3076,1,125464,control,2026-04-09 05:29:28
3077,1,125471,treatment,2026-04-08 04:58:34
3078,1,125475,treatment,2026-04-21 03:26:09
3079,1,125478,treatment,2026-04-15 21:35:10
3080,1,125481,treatment,2026-04-07 23:53:43
3081,1,125482,treatment,2026-04-06 17:21:37
3082,1,125499,control,2026-04-19 22:34:59
3083,1,125501,treatment,2026-04-01 22:52:05
3084,1,125506,control,2026-04-12 15:35:57
3085,1,125510,treatment,2026-04-15 07:26:31
3086,1,125511,treatment,2026-04-14 21:29:07
3087,1,125532,treatment,2026-04-20 22:07:18
3088,1,125538,treatment,2026-04-08 04:30:59
3089,1,125540,treatment,2026-04-21 19:10:20
3090,1,125545,control,2026-04-03 06:36:55
3091,1,125547,treatment,2026-04-16 05:47:41
3092,1,125549,control,2026-04-04 21:18:16
3093,1,125550,control,2026-04-21 14:57:03
3094,1,125557,treatment,2026-04-03 21:54:21
3095,1,125561,treatment,2026-04-08 09:35:49
3096,1,125571,treatment,2026-04-05 05:58:09
3097,1,125580,control,2026-04-03 05:24:42
3098,1,125587,treatment,2026-04-21 10:57:18
3099,1,125589,treatment,2026-04-02 07:14:46
3100,1,125611,treatment,2026-04-21 09:39:02
3101,1,125622,treatment,2026-04-09 14:17:59
3102,1,125632,treatment,2026-04-04 03:40:53
3103,1,125640,treatment,2026-04-18 11:37:22
3104,1,125652,treatment,2026-04-20 17:30:21
3105,1,125660,treatment,2026-04-09 17:46:24
3106,1,125662,treatment,2026-04-09 09:10:30
3107,1,125670,treatment,2026-04-17 19:15:13
3108,1,125681,treatment,2026-04-04 04:21:06
3109,1,125697,treatment,2026-04-05 01:20:56
3110,1,125709,treatment,2026-04-16 02:45:37
3111,1,125719,control,2026-04-10 09:30:03
3112,1,125730,control,2026-04-19 17:16:47
3113,1,125732,treatment,2026-04-13 16:38:34
3114,1,125736,treatment,2026-04-12 17:44:06
3115,1,125747,treatment,2026-04-09 08:25:40
3116,1,125755,treatment,2026-04-20 08:55:42
3117,1,125759,treatment,2026-04-07 13:02:20
3118,1,125774,control,2026-04-14 18:03:46
3119,1,125779,control,2026-04-21 07:15:09
3120,1,125781,control,2026-04-07 20:18:47
3121,1,125793,control,2026-04-21 10:26:02
3122,1,125794,control,2026-04-10 07:28:01
3123,1,125798,treatment,2026-04-17 05:03:45
3124,1,125799,control,2026-04-14 21:41:35
3125,1,125801,treatment,2026-04-06 22:30:45
3126,1,125803,treatment,2026-04-10 16:57:26
3127,1,125825,control,2026-04-16 18:11:32
3128,1,125830,treatment,2026-04-10 13:40:28
3129,1,125844,treatment,2026-04-05 22:46:21
3130,1,125847,control,2026-04-04 00:24:43
3131,1,125863,control,2026-04-17 19:02:01
3132,1,125873,control,2026-04-12 13:03:27
3133,1,125886,treatment,2026-04-14 23:22:53
3134,1,125900,treatment,2026-04-03 20:13:06
3135,1,125907,treatment,2026-04-16 19:32:02
3136,1,125917,treatment,2026-04-20 05:11:21
3137,1,125939,treatment,2026-04-05 17:41:29
3138,1,125951,treatment,2026-04-11 11:18:05
3139,1,125953,control,2026-04-12 19:38:32
3140,1,125958,control,2026-04-17 13:17:22
3141,1,125963,control,2026-04-16 07:48:32
3142,1,125974,treatment,2026-04-01 15:51:35
3143,1,125976,control,2026-04-21 21:12:59
3144,1,125985,treatment,2026-04-16 17:43:38
3145,1,125986,treatment,2026-04-15 05:45:48
3146,1,125988,control,2026-04-04 15:50:27
3147,1,126015,treatment,2026-04-19 03:34:27
3148,1,126033,treatment,2026-04-19 14:40:16
3149,1,126035,control,2026-04-17 06:50:02
3150,1,126048,control,2026-04-16 00:08:39
3151,1,126055,control,2026-04-09 12:39:54
3152,1,126059,treatment,2026-04-06 23:26:26
3153,1,126065,treatment,2026-04-13 21:27:57
3154,1,126066,treatment,2026-04-05 02:32:02
3155,1,126079,control,2026-04-19 19:32:30
3156,1,126085,control,2026-04-07 03:20:33
3157,1,126107,treatment,2026-04-19 18:36:53
3158,1,126120,treatment,2026-04-07 01:09:39
3159,1,126128,treatment,2026-04-02 08:48:02
3160,1,126131,control,2026-04-04 04:49:46
3161,1,126136,control,2026-04-03 12:05:21
3162,1,126172,control,2026-04-13 16:02:18
3163,1,126173,control,2026-04-05 14:23:44
3164,1,126177,treatment,2026-04-04 14:41:21
3165,1,126179,control,2026-04-20 09:29:54
3166,1,126183,control,2026-04-05 01:27:58
3167,1,126193,control,2026-04-18 21:39:59
3168,1,126197,treatment,2026-04-08 21:08:47
3169,1,126210,control,2026-04-14 05:03:02
3170,1,126271,control,2026-04-20 10:59:27
3171,1,126274,treatment,2026-04-02 05:34:39
3172,1,126288,control,2026-04-04 12:07:55
3173,1,126309,treatment,2026-04-14 17:00:41
3174,1,126316,treatment,2026-04-17 17:00:16
3175,1,126344,treatment,2026-04-03 00:13:03
3176,1,126345,control,2026-04-03 20:28:43
3177,1,126354,treatment,2026-04-08 12:58:30
3178,1,126357,treatment,2026-04-04 08:16:19
3179,1,126374,treatment,2026-04-17 00:31:13
3180,1,126375,control,2026-04-11 23:51:09
3181,1,126377,control,2026-04-17 10:42:04
3182,1,126378,treatment,2026-04-17 00:06:54
3183,1,126381,control,2026-04-07 11:34:38
3184,1,126389,control,2026-04-12 08:16:12
3185,1,126393,control,2026-04-21 20:14:18
3186,1,126395,control,2026-04-06 07:45:25
3187,1,126403,treatment,2026-04-06 22:49:11
3188,1,126420,control,2026-04-19 19:50:53
3189,1,126438,treatment,2026-04-07 09:01:43
3190,1,126442,control,2026-04-08 17:08:14
3191,1,126462,control,2026-04-20 00:54:28
3192,1,126466,control,2026-04-03 16:07:02
3193,1,126473,treatment,2026-04-21 03:07:22
3194,1,126482,control,2026-04-15 08:10:57
3195,1,126483,control,2026-04-19 08:40:57
3196,1,126489,treatment,2026-04-18 20:42:19
3197,1,126492,treatment,2026-04-17 01:56:05
3198,1,126493,treatment,2026-04-03 04:25:29
3199,1,126499,control,2026-04-09 04:29:28
3200,1,126517,treatment,2026-04-09 19:15:17
3201,1,126520,control,2026-04-11 23:35:18
3202,1,126522,treatment,2026-04-13 18:34:36
3203,1,126523,treatment,2026-04-02 03:26:58
3204,1,126549,treatment,2026-04-18 21:51:02
3205,1,126556,treatment,2026-04-15 15:09:21
3206,1,126558,control,2026-04-09 13:53:10
3207,1,126561,treatment,2026-04-10 19:22:36
3208,1,126566,control,2026-04-14 16:41:57
3209,1,126578,control,2026-04-17 19:48:50
3210,1,126586,treatment,2026-04-19 09:01:48
3211,1,126591,control,2026-04-13 16:25:16
3212,1,126632,control,2026-04-20 12:34:03
3213,1,126637,treatment,2026-04-17 23:00:51
3214,1,126651,treatment,2026-04-07 19:20:16
3215,1,126660,control,2026-04-16 14:00:58
3216,1,126668,treatment,2026-04-02 09:39:48
3217,1,126678,treatment,2026-04-11 10:46:53
3218,1,126679,treatment,2026-04-21 09:31:59
3219,1,126704,control,2026-04-20 20:20:44
3220,1,126712,treatment,2026-04-16 10:54:18
3221,1,126724,treatment,2026-04-02 21:29:36
3222,1,126737,treatment,2026-04-17 02:59:18
3223,1,126752,control,2026-04-13 23:20:32
3224,1,126755,treatment,2026-04-16 13:41:01
3225,1,126779,treatment,2026-04-04 09:00:23
3226,1,126780,control,2026-04-15 11:22:56
3227,1,126787,treatment,2026-04-02 14:58:29
3228,1,126808,treatment,2026-04-13 13:25:25
3229,1,126842,control,2026-04-08 01:57:29
3230,1,126843,control,2026-04-20 22:04:01
3231,1,126847,treatment,2026-04-04 00:30:59
3232,1,126851,control,2026-04-10 00:17:17
3233,1,126857,control,2026-04-12 13:54:24
3234,1,126865,control,2026-04-09 01:27:57
3235,1,126876,treatment,2026-04-03 12:54:23
3236,1,126891,treatment,2026-04-14 03:30:42
3237,1,126896,control,2026-04-01 10:40:48
3238,1,126902,control,2026-04-06 09:50:16
3239,1,126910,control,2026-04-16 16:20:08
3240,1,126917,control,2026-04-01 22:30:53
3241,1,126924,treatment,2026-04-01 14:36:26
3242,1,126929,control,2026-04-18 19:14:48
3243,1,126930,control,2026-04-21 11:51:09
3244,1,126934,control,2026-04-01 17:59:31
3245,1,126942,treatment,2026-04-18 16:07:11
3246,1,126945,treatment,2026-04-09 13:36:25
3247,1,126974,treatment,2026-04-13 14:47:20
3248,1,126979,control,2026-04-10 20:51:51
3249,1,126980,control,2026-04-11 15:39:38
3250,1,126981,control,2026-04-17 02:52:52
3251,1,126985,control,2026-04-05 04:54:53
3252,1,126986,control,2026-04-06 02:43:45
3253,1,126992,treatment,2026-04-15 17:04:19
3254,1,126997,control,2026-04-16 09:52:24
3255,1,126999,treatment,2026-04-14 20:51:08
3256,1,127009,control,2026-04-10 13:39:39
3257,1,127053,control,2026-04-03 03:17:29
3258,1,127056,control,2026-04-15 22:25:17
3259,1,127089,treatment,2026-04-05 02:37:04
3260,1,127109,treatment,2026-04-01 21:59:04
3261,1,127119,treatment,2026-04-01 03:56:25
3262,1,127121,control,2026-04-13 16:42:10
3263,1,127123,treatment,2026-04-04 09:28:31
3264,1,127127,control,2026-04-10 07:15:59
3265,1,127137,control,2026-04-07 16:50:20
3266,1,127138,treatment,2026-04-19 04:50:56
3267,1,127140,treatment,2026-04-18 12:24:43
3268,1,127151,treatment,2026-04-15 08:52:33
3269,1,127157,control,2026-04-15 10:44:30
3270,1,127164,treatment,2026-04-17 21:25:20
3271,1,127180,treatment,2026-04-17 07:48:32
3272,1,127181,control,2026-04-17 12:47:25
3273,1,127182,control,2026-04-07 03:27:11
3274,1,127190,treatment,2026-04-17 22:16:45
3275,1,127193,control,2026-04-10 21:12:54
3276,1,127197,control,2026-04-03 16:14:46
3277,1,127232,control,2026-04-19 10:46:13
3278,1,127239,control,2026-04-05 11:33:05
3279,1,127249,control,2026-04-14 22:20:33
3280,1,127251,control,2026-04-13 17:03:32
3281,1,127256,treatment,2026-04-16 19:19:36
3282,1,127260,control,2026-04-17 03:30:23
3283,1,127262,treatment,2026-04-07 15:01:39
3284,1,127269,control,2026-04-08 10:57:16
3285,1,127272,control,2026-04-11 17:39:17
3286,1,127273,control,2026-04-02 04:03:07
3287,1,127276,treatment,2026-04-19 18:17:52
3288,1,127279,control,2026-04-06 05:09:56
3289,1,127283,control,2026-04-11 03:56:06
3290,1,127288,treatment,2026-04-06 18:47:17
3291,1,127293,treatment,2026-04-17 17:10:11
3292,1,127296,treatment,2026-04-04 11:36:11
3293,1,127321,control,2026-04-10 13:05:40
3294,1,127325,treatment,2026-04-07 03:14:32
3295,1,127335,control,2026-04-02 16:58:25
3296,1,127343,treatment,2026-04-11 18:54:15
3297,1,127345,treatment,2026-04-15 12:24:10
3298,1,127346,control,2026-04-01 17:53:38
3299,1,127353,control,2026-04-07 19:23:12
3300,1,127357,control,2026-04-04 18:40:40
3301,1,127362,treatment,2026-04-15 11:32:29
3302,1,127376,control,2026-04-17 17:05:20
3303,1,127379,control,2026-04-21 22:12:42
3304,1,127380,treatment,2026-04-02 08:16:14
3305,1,127400,treatment,2026-04-18 03:20:36
3306,1,127405,treatment,2026-04-20 07:42:06
3307,1,127418,treatment,2026-04-21 08:25:01
3308,1,127420,treatment,2026-04-05 14:17:47
3309,1,127422,control,2026-04-15 02:34:47
3310,1,127424,treatment,2026-04-20 14:19:21
3311,1,127428,control,2026-04-07 06:05:57
3312,1,127438,treatment,2026-04-11 08:06:51
3313,1,127440,control,2026-04-19 00:12:29
3314,1,127441,control,2026-04-02 11:20:59
3315,1,127442,treatment,2026-04-02 01:37:59
3316,1,127443,control,2026-04-07 13:10:44
3317,1,127447,treatment,2026-04-03 15:19:14
3318,1,127459,control,2026-04-20 11:40:40
3319,1,127462,treatment,2026-04-01 09:43:18
3320,1,127470,control,2026-04-19 04:36:44
3321,1,127484,control,2026-04-16 11:12:31
3322,1,127486,control,2026-04-01 23:23:35
3323,1,127493,control,2026-04-11 01:55:32
3324,1,127498,treatment,2026-04-14 09:46:26
3325,1,127505,treatment,2026-04-01 12:46:53
3326,1,127512,treatment,2026-04-08 14:34:22
3327,1,127513,treatment,2026-04-11 11:30:06
3328,1,127518,treatment,2026-04-20 08:11:47
3329,1,127521,control,2026-04-15 17:59:51
3330,1,127526,treatment,2026-04-21 22:17:00
3331,1,127529,control,2026-04-13 23:51:18
3332,1,127530,control,2026-04-21 17:15:36
3333,1,127535,control,2026-04-21 03:29:48
3334,1,127538,treatment,2026-04-16 10:22:49
3335,1,127546,treatment,2026-04-07 18:44:44
3336,1,127548,treatment,2026-04-14 07:11:55
3337,1,127556,treatment,2026-04-16 23:29:56
3338,1,127622,control,2026-04-15 01:50:29
3339,1,127626,control,2026-04-17 07:24:05
3340,1,127641,treatment,2026-04-12 11:46:16
3341,1,127643,treatment,2026-04-15 21:22:36
3342,1,127647,treatment,2026-04-02 02:29:41
3343,1,127650,control,2026-04-10 04:44:25
3344,1,127669,treatment,2026-04-16 05:47:05
3345,1,127672,control,2026-04-17 09:36:37
3346,1,127688,control,2026-04-02 07:48:38
3347,1,127691,control,2026-04-12 14:37:31
3348,1,127707,treatment,2026-04-01 23:55:07
3349,1,127710,control,2026-04-10 04:05:29
3350,1,127711,treatment,2026-04-09 19:22:43
3351,1,127719,treatment,2026-04-09 15:56:40
3352,1,127721,treatment,2026-04-07 17:51:58
3353,1,127725,control,2026-04-20 10:02:59
3354,1,127738,control,2026-04-08 06:40:43
3355,1,127743,treatment,2026-04-08 10:37:24
3356,1,127745,control,2026-04-05 14:08:07
3357,1,127753,control,2026-04-05 01:37:43
3358,1,127770,control,2026-04-20 06:52:23
3359,1,127774,control,2026-04-08 20:44:13
3360,1,127775,treatment,2026-04-06 15:50:32
3361,1,127779,control,2026-04-17 21:57:50
3362,1,127793,control,2026-04-06 14:28:30
3363,1,127798,treatment,2026-04-13 07:00:35
3364,1,127799,treatment,2026-04-14 06:36:31
3365,1,127802,treatment,2026-04-07 07:40:10
3366,1,127804,treatment,2026-04-12 07:48:57
3367,1,127807,treatment,2026-04-09 06:12:08
3368,1,127815,treatment,2026-04-14 19:56:40
3369,1,127823,treatment,2026-04-08 22:19:28
3370,1,127825,control,2026-04-01 05:05:23
3371,1,127845,control,2026-04-01 16:07:59
3372,1,127850,treatment,2026-04-20 11:07:32
3373,1,127861,control,2026-04-14 11:20:26
3374,1,127863,treatment,2026-04-16 00:35:22
3375,1,127867,control,2026-04-17 18:17:45
3376,1,127869,control,2026-04-09 05:38:46
3377,1,127900,treatment,2026-04-15 07:59:24
3378,1,127924,control,2026-04-08 01:24:38
3379,1,127931,control,2026-04-16 16:00:21
3380,1,127940,control,2026-04-11 11:00:14
3381,1,127958,treatment,2026-04-21 06:48:26
3382,1,127963,control,2026-04-14 09:47:19
3383,1,127969,control,2026-04-10 14:34:13
3384,1,127973,control,2026-04-18 22:26:39
3385,1,127988,control,2026-04-08 01:15:28
3386,1,127992,control,2026-04-01 18:19:27
3387,1,127995,treatment,2026-04-01 04:11:38
3388,1,128008,treatment,2026-04-12 11:03:16
3389,1,128009,treatment,2026-04-18 20:41:26
3390,1,128020,control,2026-04-07 00:46:25
3391,1,128025,treatment,2026-04-04 16:41:34
3392,1,128045,treatment,2026-04-06 02:37:11
3393,1,128052,control,2026-04-01 01:25:33
3394,1,128065,treatment,2026-04-10 05:19:36
3395,1,128067,control,2026-04-09 01:56:23
3396,1,128070,control,2026-04-15 02:50:25
3397,1,128077,treatment,2026-04-08 08:23:35
3398,1,128086,treatment,2026-04-09 15:09:12
3399,1,128093,control,2026-04-03 02:54:26
3400,1,128098,control,2026-04-11 19:29:18
3401,1,128099,control,2026-04-10 11:41:44
3402,1,128105,control,2026-04-17 15:04:16
3403,1,128122,control,2026-04-10 21:52:53
3404,1,128127,control,2026-04-07 12:50:49
3405,1,128129,control,2026-04-19 07:42:57
3406,1,128138,control,2026-04-03 01:08:55
3407,1,128145,treatment,2026-04-14 17:20:16
3408,1,128171,treatment,2026-04-02 04:49:00
3409,1,128173,treatment,2026-04-05 01:29:03
3410,1,128186,treatment,2026-04-06 03:20:40
3411,1,128194,treatment,2026-04-12 18:21:53
3412,1,128205,control,2026-04-05 17:05:36
3413,1,128206,control,2026-04-10 03:44:14
3414,1,128212,control,2026-04-14 22:08:24
3415,1,128228,control,2026-04-09 23:07:27
3416,1,128239,control,2026-04-08 14:21:32
3417,1,128251,control,2026-04-15 04:58:05
3418,1,128262,treatment,2026-04-19 15:02:03
3419,1,128265,control,2026-04-03 14:24:50
3420,1,128272,control,2026-04-07 03:37:09
3421,1,128273,control,2026-04-15 21:38:40
3422,1,128276,control,2026-04-05 13:56:17
3423,1,128284,control,2026-04-18 04:49:33
3424,1,128285,control,2026-04-05 08:08:06
3425,1,128286,treatment,2026-04-07 22:29:34
3426,1,128292,control,2026-04-06 10:49:16
3427,1,128304,control,2026-04-10 09:33:45
3428,1,128309,control,2026-04-06 00:18:55
3429,1,128331,treatment,2026-04-02 04:00:52
3430,1,128338,treatment,2026-04-15 01:58:18
3431,1,128339,treatment,2026-04-10 08:13:09
3432,1,128340,treatment,2026-04-04 17:51:53
3433,1,128341,control,2026-04-20 04:12:57
3434,1,128361,control,2026-04-16 15:36:39
3435,1,128362,treatment,2026-04-01 11:43:01
3436,1,128367,control,2026-04-19 08:02:38
3437,1,128371,control,2026-04-08 06:31:36
3438,1,128381,control,2026-04-04 04:44:30
3439,1,128389,treatment,2026-04-17 00:48:32
3440,1,128401,control,2026-04-16 00:44:41
3441,1,128405,control,2026-04-15 02:50:03
3442,1,128411,control,2026-04-05 06:27:41
3443,1,128414,control,2026-04-12 20:51:35
3444,1,128416,treatment,2026-04-21 11:53:50
3445,1,128423,treatment,2026-04-14 01:29:40
3446,1,128430,control,2026-04-17 03:09:46
3447,1,128432,treatment,2026-04-12 14:35:35
3448,1,128445,control,2026-04-07 23:39:52
3449,1,128460,control,2026-04-05 02:03:12
3450,1,128462,treatment,2026-04-17 09:03:43
3451,1,128470,treatment,2026-04-18 23:56:34
3452,1,128476,treatment,2026-04-20 19:12:11
3453,1,128478,control,2026-04-04 16:11:49
3454,1,128483,control,2026-04-08 05:11:03
3455,1,128493,treatment,2026-04-15 14:06:25
3456,1,128496,treatment,2026-04-21 18:13:37
3457,1,128508,control,2026-04-03 14:50:37
3458,1,128512,control,2026-04-07 21:28:02
3459,1,128524,control,2026-04-15 03:12:36
3460,1,128538,treatment,2026-04-08 14:26:31
3461,1,128544,treatment,2026-04-19 22:29:30
3462,1,128545,control,2026-04-12 16:19:51
3463,1,128549,treatment,2026-04-04 14:43:03
3464,1,128572,control,2026-04-18 04:10:47
3465,1,128576,control,2026-04-19 02:03:38
3466,1,128577,treatment,2026-04-19 17:15:46
3467,1,128578,control,2026-04-03 04:46:07
3468,1,128580,control,2026-04-11 14:58:25
3469,1,128590,treatment,2026-04-21 15:33:30
3470,1,128602,control,2026-04-18 15:37:59
3471,1,128613,control,2026-04-04 22:38:54
3472,1,128620,treatment,2026-04-15 10:38:54
3473,1,128623,control,2026-04-13 14:32:25
3474,1,128631,control,2026-04-19 23:03:21
3475,1,128643,treatment,2026-04-13 23:44:02
3476,1,128644,control,2026-04-10 17:15:58
3477,1,128649,control,2026-04-16 11:37:21
3478,1,128651,treatment,2026-04-02 07:36:33
3479,1,128653,treatment,2026-04-01 22:34:57
3480,1,128659,control,2026-04-20 09:48:53
3481,1,128666,treatment,2026-04-10 13:11:05
3482,1,128685,control,2026-04-21 12:37:18
3483,1,128689,treatment,2026-04-03 18:18:45
3484,1,128694,control,2026-04-18 03:18:00
3485,1,128700,treatment,2026-04-07 08:57:48
3486,1,128712,control,2026-04-04 01:39:10
3487,1,128725,treatment,2026-04-14 07:06:07
3488,1,128731,control,2026-04-13 07:17:46
3489,1,128754,control,2026-04-21 00:48:29
3490,1,128770,control,2026-04-15 07:11:20
3491,1,128782,treatment,2026-04-09 13:17:06
3492,1,128827,control,2026-04-17 21:59:34
3493,1,128832,control,2026-04-15 11:07:59
3494,1,128835,treatment,2026-04-19 03:56:36
3495,1,128844,control,2026-04-03 23:54:56
3496,1,128845,control,2026-04-10 10:47:19
3497,1,128848,treatment,2026-04-05 14:35:36
3498,1,128850,control,2026-04-18 21:38:02
3499,1,128855,control,2026-04-10 14:03:44
3500,1,128861,treatment,2026-04-17 04:21:39
3501,1,128874,treatment,2026-04-19 05:59:08
3502,1,128890,treatment,2026-04-11 13:43:58
3503,1,128940,treatment,2026-04-01 08:12:42
3504,1,128947,treatment,2026-04-19 02:50:49
3505,1,128955,control,2026-04-20 05:33:38
3506,1,128965,treatment,2026-04-21 04:36:21
3507,1,128967,control,2026-04-07 03:05:38
3508,1,128969,control,2026-04-16 17:08:34
3509,1,128971,treatment,2026-04-17 12:12:16
3510,1,128974,treatment,2026-04-21 22:13:57
3511,1,128977,control,2026-04-18 18:41:00
3512,1,128982,treatment,2026-04-11 01:43:57
3513,1,128984,control,2026-04-02 17:17:50
3514,1,128988,treatment,2026-04-03 12:51:26
3515,1,128989,control,2026-04-20 05:31:02
3516,1,128990,treatment,2026-04-18 09:54:59
3517,1,129003,treatment,2026-04-12 10:06:12
3518,1,129009,treatment,2026-04-17 17:35:27
3519,1,129012,control,2026-04-15 08:43:39
3520,1,129014,control,2026-04-12 09:43:49
3521,1,129023,control,2026-04-15 11:30:18
3522,1,129029,treatment,2026-04-07 09:45:54
3523,1,129032,control,2026-04-01 00:28:49
3524,1,129046,control,2026-04-05 18:24:33
3525,1,129047,control,2026-04-17 19:21:11
3526,1,129069,treatment,2026-04-02 19:36:05
3527,1,129080,control,2026-04-13 05:45:51
3528,1,129094,control,2026-04-20 17:47:23
3529,1,129122,treatment,2026-04-16 17:43:01
3530,1,129130,control,2026-04-20 07:54:55
3531,1,129134,treatment,2026-04-17 02:42:05
3532,1,129135,control,2026-04-01 23:18:35
3533,1,129136,control,2026-04-14 01:33:59
3534,1,129143,control,2026-04-08 07:31:54
3535,1,129153,treatment,2026-04-03 11:19:36
3536,1,129162,control,2026-04-21 05:44:35
3537,1,129172,control,2026-04-17 12:18:26
3538,1,129174,treatment,2026-04-06 11:27:24
3539,1,129178,control,2026-04-17 06:55:11
3540,1,129180,control,2026-04-01 22:25:13
3541,1,129192,control,2026-04-06 23:38:28
3542,1,129197,control,2026-04-21 22:39:42
3543,1,129207,control,2026-04-05 18:29:09
3544,1,129211,treatment,2026-04-14 10:04:03
3545,1,129212,treatment,2026-04-08 00:38:31
3546,1,129238,control,2026-04-15 02:30:14
3547,1,129244,treatment,2026-04-17 10:13:37
3548,1,129257,treatment,2026-04-06 05:51:04
3549,1,129282,control,2026-04-04 19:46:57
3550,1,129285,treatment,2026-04-13 17:02:40
3551,1,129290,treatment,2026-04-11 08:25:58
3552,1,129296,control,2026-04-21 17:51:57
3553,1,129300,treatment,2026-04-10 06:35:36
3554,1,129311,control,2026-04-12 13:32:26
3555,1,129335,treatment,2026-04-05 15:08:35
3556,1,129341,treatment,2026-04-13 09:50:22
3557,1,129344,treatment,2026-04-16 12:45:36
3558,1,129346,control,2026-04-17 19:52:01
3559,1,129353,control,2026-04-03 06:39:30
3560,1,129359,treatment,2026-04-15 16:30:31
3561,1,129368,control,2026-04-20 07:08:28
3562,1,129369,treatment,2026-04-03 10:04:21
3563,1,129376,control,2026-04-07 06:45:56
3564,1,129383,control,2026-04-17 12:42:25
3565,1,129389,treatment,2026-04-03 13:58:12
3566,1,129414,treatment,2026-04-09 08:02:15
3567,1,129417,control,2026-04-18 07:41:05
3568,1,129423,treatment,2026-04-05 19:12:11
3569,1,129424,control,2026-04-18 19:44:15
3570,1,129435,treatment,2026-04-16 17:06:30
3571,1,129451,treatment,2026-04-10 08:19:06
3572,1,129458,control,2026-04-04 03:09:38
3573,1,129460,treatment,2026-04-08 13:14:05
3574,1,129496,treatment,2026-04-07 20:37:33
3575,1,129498,treatment,2026-04-19 06:34:42
3576,1,129500,control,2026-04-11 10:48:22
3577,1,129514,treatment,2026-04-08 02:04:11
3578,1,129519,treatment,2026-04-09 15:10:52
3579,1,129534,treatment,2026-04-15 16:57:52
3580,1,129544,treatment,2026-04-16 13:06:55
3581,1,129548,treatment,2026-04-01 00:10:45
3582,1,129552,control,2026-04-11 09:03:44
3583,1,129559,treatment,2026-04-18 20:06:38
3584,1,129561,control,2026-04-13 04:29:56
3585,1,129567,treatment,2026-04-04 04:12:09
3586,1,129572,treatment,2026-04-01 16:05:31
3587,1,129577,treatment,2026-04-12 13:34:14
3588,1,129578,treatment,2026-04-10 04:01:14
3589,1,129597,treatment,2026-04-09 08:05:03
3590,1,129604,control,2026-04-13 23:49:22
3591,1,129607,treatment,2026-04-14 04:30:25
3592,1,129611,treatment,2026-04-02 17:14:57
3593,1,129621,treatment,2026-04-18 03:32:47
3594,1,129635,control,2026-04-14 23:28:03
3595,1,129644,treatment,2026-04-16 19:34:50
3596,1,129645,control,2026-04-17 10:58:09
3597,1,129647,control,2026-04-17 22:50:53
3598,1,129654,control,2026-04-18 22:25:18
3599,1,129662,control,2026-04-11 12:01:07
3600,1,129666,control,2026-04-10 21:00:21
3601,1,129671,treatment,2026-04-05 08:56:48
3602,1,129675,control,2026-04-07 03:09:05
3603,1,129676,treatment,2026-04-11 17:24:00
3604,1,129681,control,2026-04-11 07:10:15
3605,1,129698,control,2026-04-11 22:56:06
3606,1,129707,control,2026-04-08 18:30:26
3607,1,129712,control,2026-04-08 22:50:53
3608,1,129733,control,2026-04-15 17:59:51
3609,1,129734,treatment,2026-04-16 23:57:48
3610,1,129759,treatment,2026-04-17 18:47:24
3611,1,129762,control,2026-04-14 20:39:22
3612,1,129772,treatment,2026-04-21 15:06:31
3613,1,129790,treatment,2026-04-03 17:42:43
3614,1,129802,control,2026-04-17 04:25:22
3615,1,129804,control,2026-04-02 19:00:06
3616,1,129807,control,2026-04-01 20:55:32
3617,1,129815,treatment,2026-04-09 11:17:33
3618,1,129836,treatment,2026-04-07 20:57:28
3619,1,129860,treatment,2026-04-05 01:49:15
3620,1,129863,control,2026-04-04 09:34:48
3621,1,129878,treatment,2026-04-14 16:58:46
3622,1,129888,treatment,2026-04-09 11:30:25
3623,1,129892,treatment,2026-04-16 06:33:42
3624,1,129919,control,2026-04-01 14:27:23
3625,1,129926,control,2026-04-11 23:04:58
3626,1,129939,control,2026-04-15 22:40:38
3627,1,129941,treatment,2026-04-08 21:17:05
3628,1,129992,treatment,2026-04-13 06:39:51
3629,1,130022,treatment,2026-04-12 08:24:41
3630,1,130039,control,2026-04-02 00:08:17
3631,1,130040,control,2026-04-09 04:30:47
3632,1,130058,control,2026-04-05 18:59:06
3633,1,130073,treatment,2026-04-21 02:31:00
3634,1,130080,control,2026-04-19 17:28:36
3635,1,130082,control,2026-04-10 06:54:08
3636,1,130084,control,2026-04-19 20:12:39
3637,1,130086,control,2026-04-09 00:49:40
3638,1,130090,control,2026-04-19 22:38:06
3639,1,130095,control,2026-04-06 06:46:51
3640,1,130096,control,2026-04-06 02:34:27
3641,1,130101,control,2026-04-21 08:54:29
3642,1,130112,control,2026-04-02 20:59:30
3643,1,130116,control,2026-04-21 21:30:30
3644,1,130121,control,2026-04-07 22:25:44
3645,1,130122,treatment,2026-04-10 19:17:10
3646,1,130128,treatment,2026-04-16 16:29:01
3647,1,130134,control,2026-04-21 02:19:57
3648,1,130139,control,2026-04-01 00:44:34
3649,1,130159,control,2026-04-17 10:49:43
3650,1,130161,control,2026-04-03 19:09:59
3651,1,130164,control,2026-04-03 06:39:58
3652,1,130176,control,2026-04-09 23:23:17
3653,1,130181,treatment,2026-04-10 16:40:40
3654,1,130183,treatment,2026-04-13 23:51:58
3655,1,130184,control,2026-04-09 13:32:56
3656,1,130201,control,2026-04-18 03:24:16
3657,1,130202,control,2026-04-08 17:55:26
3658,1,130204,control,2026-04-09 04:52:32
3659,1,130213,control,2026-04-19 15:11:15
3660,1,130214,control,2026-04-08 12:43:08
3661,1,130215,control,2026-04-18 23:38:47
3662,1,130233,control,2026-04-08 23:48:28
3663,1,130241,treatment,2026-04-08 06:06:48
3664,1,130242,control,2026-04-15 07:42:32
3665,1,130250,treatment,2026-04-20 10:35:25
3666,1,130290,control,2026-04-08 20:36:03
3667,1,130300,control,2026-04-15 11:12:37
3668,1,130303,treatment,2026-04-09 10:31:09
3669,1,130321,treatment,2026-04-02 06:35:42
3670,1,130322,treatment,2026-04-14 05:10:25
3671,1,130332,control,2026-04-13 15:10:56
3672,1,130338,control,2026-04-19 16:07:48
3673,1,130358,control,2026-04-19 01:57:18
3674,1,130369,control,2026-04-05 10:17:50
3675,1,130371,control,2026-04-21 00:03:11
3676,1,130373,control,2026-04-10 23:32:42
3677,1,130382,treatment,2026-04-05 07:30:55
3678,1,130405,treatment,2026-04-17 22:48:03
3679,1,130408,treatment,2026-04-19 09:07:37
3680,1,130414,control,2026-04-16 01:43:13
3681,1,130430,treatment,2026-04-12 04:34:32
3682,1,130459,treatment,2026-04-09 12:12:19
3683,1,130482,treatment,2026-04-18 23:23:08
3684,1,130517,control,2026-04-03 07:17:53
3685,1,130525,control,2026-04-01 17:36:25
3686,1,130529,control,2026-04-16 15:59:14
3687,1,130537,control,2026-04-13 13:23:17
3688,1,130543,treatment,2026-04-20 23:00:22
3689,1,130545,treatment,2026-04-01 15:34:01
3690,1,130554,treatment,2026-04-15 00:55:39
3691,1,130557,control,2026-04-01 20:12:53
3692,1,130564,treatment,2026-04-05 11:52:28
3693,1,130576,control,2026-04-16 18:11:56
3694,1,130590,treatment,2026-04-11 11:01:37
3695,1,130600,treatment,2026-04-09 10:15:25
3696,1,130606,treatment,2026-04-18 18:28:38
3697,1,130607,control,2026-04-08 23:23:21
3698,1,130611,control,2026-04-06 20:15:48
3699,1,130612,control,2026-04-10 18:26:16
3700,1,130618,control,2026-04-06 01:56:23
3701,1,130622,control,2026-04-01 00:00:11
3702,1,130636,control,2026-04-11 17:36:07
3703,1,130668,treatment,2026-04-09 16:03:37
3704,1,130671,control,2026-04-02 22:29:05
3705,1,130691,control,2026-04-04 06:03:05
3706,1,130704,control,2026-04-11 22:49:52
3707,1,130709,control,2026-04-11 17:07:28
3708,1,130710,control,2026-04-18 01:55:37
3709,1,130720,treatment,2026-04-07 11:34:04
3710,1,130733,treatment,2026-04-13 20:26:10
3711,1,130739,treatment,2026-04-14 14:58:00
3712,1,130742,control,2026-04-07 23:26:26
3713,1,130745,control,2026-04-09 21:58:35
3714,1,130777,control,2026-04-13 19:46:39
3715,1,130778,treatment,2026-04-05 10:52:46
3716,1,130801,treatment,2026-04-16 00:04:35
3717,1,130811,treatment,2026-04-18 02:44:19
3718,1,130834,treatment,2026-04-07 14:08:34
3719,1,130848,control,2026-04-17 16:53:28
3720,1,130855,control,2026-04-08 14:54:27
3721,1,130864,control,2026-04-14 22:08:34
3722,1,130872,control,2026-04-21 20:09:55
3723,1,130874,treatment,2026-04-06 09:46:21
3724,1,130878,treatment,2026-04-14 03:58:12
3725,1,130881,control,2026-04-02 06:19:25
3726,1,130883,control,2026-04-03 15:40:37
3727,1,130897,control,2026-04-13 01:37:58
3728,1,130902,treatment,2026-04-05 23:38:29
3729,1,130907,treatment,2026-04-16 19:13:50
3730,1,130933,control,2026-04-14 06:13:13
3731,1,130946,control,2026-04-08 06:51:18
3732,1,130950,treatment,2026-04-02 19:47:53
3733,1,130955,treatment,2026-04-15 16:54:00
3734,1,130965,treatment,2026-04-10 07:40:08
3735,1,130967,control,2026-04-09 23:59:03
3736,1,130970,control,2026-04-08 19:25:44
3737,1,130972,control,2026-04-17 03:22:10
3738,1,130974,treatment,2026-04-08 19:11:49
3739,1,130975,control,2026-04-19 09:48:58
3740,1,130981,control,2026-04-21 09:11:26
3741,1,131004,control,2026-04-13 22:24:01
3742,1,131005,control,2026-04-01 08:42:08
3743,1,131009,treatment,2026-04-13 11:04:01
3744,1,131012,control,2026-04-09 23:15:28
3745,1,131016,control,2026-04-18 17:20:32
3746,1,131019,treatment,2026-04-05 02:59:29
3747,1,131025,control,2026-04-07 07:21:38
3748,1,131030,treatment,2026-04-21 06:41:29
3749,1,131037,treatment,2026-04-15 06:35:25
3750,1,131043,treatment,2026-04-11 02:16:13
3751,1,131044,control,2026-04-19 10:56:54
3752,1,131052,treatment,2026-04-17 18:53:42
3753,1,131057,treatment,2026-04-17 12:54:06
3754,1,131061,treatment,2026-04-09 07:14:51
3755,1,131067,control,2026-04-02 08:52:05
3756,1,131084,treatment,2026-04-10 17:58:27
3757,1,131088,treatment,2026-04-12 06:45:14
3758,1,131102,treatment,2026-04-19 18:15:16
3759,1,131103,treatment,2026-04-11 15:01:06
3760,1,131105,treatment,2026-04-07 03:21:31
3761,1,131112,control,2026-04-03 17:38:21
3762,1,131116,treatment,2026-04-05 11:09:56
3763,1,131129,treatment,2026-04-07 03:36:32
3764,1,131133,treatment,2026-04-19 16:34:59
3765,1,131139,treatment,2026-04-12 21:28:49
3766,1,131140,treatment,2026-04-07 21:07:37
3767,1,131146,control,2026-04-01 12:45:53
3768,1,131150,control,2026-04-09 04:36:25
3769,1,131151,treatment,2026-04-07 00:20:19
3770,1,131160,control,2026-04-17 06:21:18
3771,1,131177,control,2026-04-14 15:20:54
3772,1,131181,treatment,2026-04-06 11:50:57
3773,1,131185,control,2026-04-19 17:24:28
3774,1,131190,control,2026-04-12 07:09:47
3775,1,131191,treatment,2026-04-21 17:40:41
3776,1,131192,control,2026-04-10 10:52:46
3777,1,131193,treatment,2026-04-02 05:35:47
3778,1,131227,control,2026-04-16 04:18:51
3779,1,131228,control,2026-04-07 17:54:09
3780,1,131231,treatment,2026-04-18 13:38:58
3781,1,131234,control,2026-04-18 23:16:29
3782,1,131241,treatment,2026-04-16 18:47:30
3783,1,131242,treatment,2026-04-04 01:00:21
3784,1,131248,treatment,2026-04-03 06:10:32
3785,1,131253,treatment,2026-04-12 17:04:11
3786,1,131264,treatment,2026-04-10 09:38:44
3787,1,131275,treatment,2026-04-21 04:14:31
3788,1,131277,control,2026-04-04 04:08:52
3789,1,131282,control,2026-04-12 09:55:27
3790,1,131294,control,2026-04-04 09:49:26
3791,1,131300,treatment,2026-04-14 00:25:07
3792,1,131320,treatment,2026-04-17 10:53:52
3793,1,131324,control,2026-04-08 13:13:48
3794,1,131327,control,2026-04-18 19:03:33
3795,1,131339,control,2026-04-20 16:01:50
3796,1,131343,control,2026-04-15 21:09:35
3797,1,131346,control,2026-04-10 11:50:48
3798,1,131350,control,2026-04-14 02:52:34
3799,1,131359,control,2026-04-16 03:54:48
3800,1,131368,control,2026-04-17 17:25:33
3801,1,131384,control,2026-04-01 11:24:34
3802,1,131393,treatment,2026-04-04 19:49:23
3803,1,131396,treatment,2026-04-01 08:53:15
3804,1,131410,control,2026-04-21 11:05:56
3805,1,131411,control,2026-04-07 11:59:51
3806,1,131413,control,2026-04-04 08:28:54
3807,1,131417,control,2026-04-17 01:43:11
3808,1,131418,treatment,2026-04-08 00:05:43
3809,1,131423,control,2026-04-03 14:37:48
3810,1,131437,control,2026-04-04 17:59:00
3811,1,131442,control,2026-04-08 01:46:23
3812,1,131458,control,2026-04-07 05:16:34
3813,1,131486,control,2026-04-12 01:34:13
3814,1,131489,control,2026-04-07 00:30:06
3815,1,131492,control,2026-04-13 02:34:23
3816,1,131495,treatment,2026-04-16 00:38:10
3817,1,131529,treatment,2026-04-20 00:15:54
3818,1,131532,treatment,2026-04-09 09:31:28
3819,1,131535,control,2026-04-05 19:06:46
3820,1,131552,control,2026-04-19 13:36:42
3821,1,131571,treatment,2026-04-01 17:22:25
3822,1,131576,control,2026-04-16 12:30:08
3823,1,131577,control,2026-04-20 11:38:36
3824,1,131580,treatment,2026-04-18 02:40:13
3825,1,131589,treatment,2026-04-13 23:20:30
3826,1,131596,control,2026-04-15 23:40:42
3827,1,131610,treatment,2026-04-03 17:16:36
3828,1,131612,treatment,2026-04-15 18:12:54
3829,1,131617,control,2026-04-14 15:14:30
3830,1,131635,treatment,2026-04-07 06:44:20
3831,1,131637,treatment,2026-04-13 08:15:07
3832,1,131696,treatment,2026-04-02 10:00:27
3833,1,131699,control,2026-04-17 21:47:37
3834,1,131711,control,2026-04-20 16:01:22
3835,1,131714,control,2026-04-16 18:24:11
3836,1,131730,control,2026-04-17 10:11:47
3837,1,131741,treatment,2026-04-09 20:04:09
3838,1,131751,treatment,2026-04-21 06:29:34
3839,1,131754,treatment,2026-04-08 02:51:17
3840,1,131775,control,2026-04-18 12:44:54
3841,1,131777,treatment,2026-04-19 00:51:55
3842,1,131789,control,2026-04-21 14:36:42
3843,1,131790,treatment,2026-04-06 17:35:05
3844,1,131798,control,2026-04-20 16:26:22
3845,1,131803,treatment,2026-04-11 09:45:52
3846,1,131829,control,2026-04-10 03:06:30
3847,1,131833,control,2026-04-09 20:30:01
3848,1,131834,control,2026-04-17 09:26:15
3849,1,131851,control,2026-04-09 19:30:36
3850,1,131853,treatment,2026-04-19 08:38:47
3851,1,131854,control,2026-04-20 04:15:27
3852,1,131856,treatment,2026-04-20 18:05:51
3853,1,131861,control,2026-04-08 06:12:13
3854,1,131867,control,2026-04-18 04:27:41
3855,1,131877,treatment,2026-04-04 07:59:39
3856,1,131879,treatment,2026-04-20 00:27:34
3857,1,131888,control,2026-04-01 11:21:33
3858,1,131903,treatment,2026-04-11 17:37:33
3859,1,131915,treatment,2026-04-15 01:28:42
3860,1,131916,control,2026-04-20 15:13:34
3861,1,131919,treatment,2026-04-11 14:04:51
3862,1,131926,control,2026-04-02 09:04:30
3863,1,131945,control,2026-04-03 01:43:07
3864,1,131952,treatment,2026-04-15 19:56:28
3865,1,131957,control,2026-04-02 14:00:50
3866,1,131978,treatment,2026-04-10 04:44:30
3867,1,131985,control,2026-04-19 21:26:34
3868,1,131998,control,2026-04-06 16:35:43
3869,1,132005,control,2026-04-01 06:27:41
3870,1,132019,control,2026-04-21 07:36:39
3871,1,132026,treatment,2026-04-16 03:04:45
3872,1,132034,treatment,2026-04-08 03:02:13
3873,1,132036,treatment,2026-04-14 11:26:33
3874,1,132053,treatment,2026-04-14 14:22:28
3875,1,132068,treatment,2026-04-08 11:36:33
3876,1,132099,control,2026-04-04 04:13:47
3877,1,132118,control,2026-04-13 09:46:31
3878,1,132122,control,2026-04-05 06:57:59
3879,1,132124,control,2026-04-02 21:55:54
3880,1,132130,treatment,2026-04-13 19:27:41
3881,1,132137,treatment,2026-04-17 08:29:19
3882,1,132144,control,2026-04-12 22:34:54
3883,1,132151,control,2026-04-03 07:47:03
3884,1,132168,control,2026-04-09 02:09:23
3885,1,132177,control,2026-04-18 08:03:53
3886,1,132190,control,2026-04-16 20:22:26
3887,1,132196,treatment,2026-04-21 05:41:28
3888,1,132209,treatment,2026-04-06 20:31:45
3889,1,132224,treatment,2026-04-16 22:53:26
3890,1,132226,control,2026-04-21 05:32:35
3891,1,132230,control,2026-04-02 02:00:10
3892,1,132234,control,2026-04-16 05:17:29
3893,1,132236,treatment,2026-04-14 13:58:21
3894,1,132253,treatment,2026-04-19 13:07:24
3895,1,132256,control,2026-04-21 11:34:35
3896,1,132261,treatment,2026-04-16 11:16:51
3897,1,132264,treatment,2026-04-02 06:19:42
3898,1,132272,treatment,2026-04-10 15:01:44
3899,1,132288,control,2026-04-09 23:09:53
3900,1,132300,control,2026-04-02 00:37:57
3901,1,132301,control,2026-04-14 15:54:48
3902,1,132310,treatment,2026-04-15 21:48:51
3903,1,132316,treatment,2026-04-14 18:05:42
3904,1,132319,treatment,2026-04-11 03:33:39
3905,1,132321,control,2026-04-08 19:38:25
3906,1,132326,control,2026-04-15 02:10:07
3907,1,132330,control,2026-04-09 23:13:25
3908,1,132331,control,2026-04-08 00:14:14
3909,1,132332,control,2026-04-18 11:11:45
3910,1,132334,treatment,2026-04-11 17:20:12
3911,1,132337,treatment,2026-04-09 19:42:58
3912,1,132339,control,2026-04-03 14:44:00
3913,1,132340,treatment,2026-04-04 10:19:29
3914,1,132345,control,2026-04-21 12:53:13
3915,1,132364,control,2026-04-15 18:44:09
3916,1,132366,treatment,2026-04-10 14:59:00
3917,1,132367,treatment,2026-04-10 09:53:38
3918,1,132371,treatment,2026-04-01 06:22:31
3919,1,132376,treatment,2026-04-05 23:19:05
3920,1,132394,control,2026-04-13 01:26:21
3921,1,132398,treatment,2026-04-15 23:50:04
3922,1,132409,treatment,2026-04-06 13:35:24
3923,1,132412,treatment,2026-04-08 09:09:24
3924,1,132421,treatment,2026-04-04 01:35:32
3925,1,132424,treatment,2026-04-07 03:33:19
3926,1,132438,control,2026-04-02 20:19:24
3927,1,132441,control,2026-04-18 19:56:30
3928,1,132444,treatment,2026-04-01 00:43:13
3929,1,132455,treatment,2026-04-10 02:12:52
3930,1,132483,treatment,2026-04-20 08:53:37
3931,1,132507,treatment,2026-04-01 13:08:53
3932,1,132515,control,2026-04-07 21:20:38
3933,1,132540,treatment,2026-04-01 10:59:53
3934,1,132541,control,2026-04-11 05:50:10
3935,1,132551,control,2026-04-12 23:50:56
3936,1,132561,treatment,2026-04-19 19:22:30
3937,1,132562,control,2026-04-14 03:18:09
3938,1,132574,treatment,2026-04-17 02:59:18
3939,1,132580,control,2026-04-12 12:31:08
3940,1,132582,control,2026-04-21 14:37:00
3941,1,132590,control,2026-04-16 14:57:23
3942,1,132608,treatment,2026-04-04 02:01:45
3943,1,132609,control,2026-04-20 17:48:06
3944,1,132616,treatment,2026-04-19 03:49:50
3945,1,132623,control,2026-04-15 01:10:59
3946,1,132637,treatment,2026-04-03 19:24:29
3947,1,132644,control,2026-04-01 18:53:05
3948,1,132647,control,2026-04-05 19:06:45
3949,1,132657,treatment,2026-04-19 15:08:24
3950,1,132679,treatment,2026-04-04 02:03:35
3951,1,132697,control,2026-04-10 15:05:41
3952,1,132701,control,2026-04-17 22:34:18
3953,1,132705,treatment,2026-04-17 17:26:43
3954,1,132722,treatment,2026-04-12 09:21:41
3955,1,132724,treatment,2026-04-05 23:48:09
3956,1,132726,control,2026-04-09 19:52:15
3957,1,132727,control,2026-04-18 22:57:07
3958,1,132734,control,2026-04-08 02:12:37
3959,1,132739,control,2026-04-13 07:50:59
3960,1,132743,treatment,2026-04-05 03:56:05
3961,1,132756,control,2026-04-03 02:49:59
3962,1,132757,control,2026-04-21 09:45:54
3963,1,132772,treatment,2026-04-16 21:37:17
3964,1,132777,treatment,2026-04-02 02:20:22
3965,1,132805,treatment,2026-04-11 22:41:10
3966,1,132831,treatment,2026-04-05 07:08:46
3967,1,132854,treatment,2026-04-17 20:17:15
3968,1,132870,control,2026-04-15 08:17:30
3969,1,132890,control,2026-04-09 12:28:31
3970,1,132897,treatment,2026-04-18 20:22:14
3971,1,132900,control,2026-04-06 17:53:55
3972,1,132909,treatment,2026-04-06 13:07:58
3973,1,132932,control,2026-04-03 04:06:56
3974,1,132941,control,2026-04-06 11:47:00
3975,1,132942,control,2026-04-15 00:45:58
3976,1,132946,treatment,2026-04-15 01:46:41
3977,1,132952,treatment,2026-04-06 18:04:08
3978,1,132955,treatment,2026-04-17 11:09:52
3979,1,132956,control,2026-04-04 05:52:11
3980,1,132957,treatment,2026-04-12 17:58:59
3981,1,132959,control,2026-04-04 15:14:00
3982,1,132964,treatment,2026-04-09 14:56:29
3983,1,132985,control,2026-04-10 19:19:28
3984,1,133024,control,2026-04-09 03:13:11
3985,1,133027,control,2026-04-19 06:19:07
3986,1,133039,control,2026-04-03 12:20:42
3987,1,133042,treatment,2026-04-19 09:49:49
3988,1,133054,control,2026-04-08 04:22:44
3989,1,133062,treatment,2026-04-10 22:25:31
3990,1,133064,treatment,2026-04-19 22:51:55
3991,1,133065,control,2026-04-21 23:50:31
3992,1,133066,control,2026-04-14 21:28:44
3993,1,133068,control,2026-04-07 22:52:38
3994,1,133116,treatment,2026-04-15 06:14:35
3995,1,133133,treatment,2026-04-19 19:59:48
3996,1,133138,treatment,2026-04-13 13:36:06
3997,1,133144,treatment,2026-04-15 04:46:43
3998,1,133150,treatment,2026-04-16 15:44:53
3999,1,133157,treatment,2026-04-20 17:27:43
4000,1,133161,treatment,2026-04-19 07:48:55
4001,1,133174,treatment,2026-04-12 02:09:03
4002,1,133179,control,2026-04-05 06:39:07
4003,1,133190,treatment,2026-04-20 14:21:01
4004,1,133193,control,2026-04-08 07:06:32
4005,1,133198,control,2026-04-14 02:23:36
4006,1,133216,control,2026-04-17 06:53:24
4007,1,133241,control,2026-04-20 00:53:28
4008,1,133257,treatment,2026-04-01 16:20:08
4009,1,133262,treatment,2026-04-02 22:18:21
4010,1,133286,treatment,2026-04-17 02:54:41
4011,1,133287,control,2026-04-01 05:38:09
4012,1,133290,control,2026-04-19 07:10:26
4013,1,133308,treatment,2026-04-12 10:29:27
4014,1,133315,control,2026-04-13 04:28:16
4015,1,133317,control,2026-04-13 23:22:28
4016,1,133341,control,2026-04-07 17:11:04
4017,1,133342,control,2026-04-05 03:47:49
4018,1,133349,treatment,2026-04-15 07:12:36
4019,1,133350,treatment,2026-04-05 22:59:55
4020,1,133353,control,2026-04-01 01:08:43
4021,1,133356,control,2026-04-03 06:17:58
4022,1,133360,control,2026-04-20 10:50:10
4023,1,133373,control,2026-04-06 08:32:50
4024,1,133381,control,2026-04-21 02:39:30
4025,1,133385,control,2026-04-17 13:14:32
4026,1,133386,treatment,2026-04-03 12:18:04
4027,1,133393,control,2026-04-17 20:47:26
4028,1,133409,control,2026-04-21 10:18:21
4029,1,133410,control,2026-04-17 17:35:57
4030,1,133414,control,2026-04-12 08:47:06
4031,1,133422,treatment,2026-04-07 16:22:43
4032,1,133423,control,2026-04-06 01:17:42
4033,1,133425,control,2026-04-09 14:03:04
4034,1,133432,treatment,2026-04-16 04:00:55
4035,1,133435,control,2026-04-08 17:58:36
4036,1,133438,control,2026-04-02 11:30:11
4037,1,133449,control,2026-04-09 14:12:42
4038,1,133461,treatment,2026-04-10 14:52:19
4039,1,133465,treatment,2026-04-14 20:30:15
4040,1,133469,treatment,2026-04-04 09:08:05
4041,1,133479,treatment,2026-04-17 00:34:22
4042,1,133484,treatment,2026-04-17 09:41:44
4043,1,133487,treatment,2026-04-20 23:24:54
4044,1,133492,control,2026-04-01 03:07:36
4045,1,133494,control,2026-04-08 14:35:13
4046,1,133505,control,2026-04-14 06:21:09
4047,1,133506,treatment,2026-04-08 06:59:48
4048,1,133510,treatment,2026-04-13 17:02:56
4049,1,133514,treatment,2026-04-10 13:41:32
4050,1,133515,control,2026-04-10 01:21:01
4051,1,133516,treatment,2026-04-08 00:13:34
4052,1,133536,treatment,2026-04-19 17:21:27
4053,1,133537,control,2026-04-13 01:52:24
4054,1,133539,treatment,2026-04-02 09:32:53
4055,1,133543,control,2026-04-12 20:38:06
4056,1,133550,treatment,2026-04-09 19:20:13
4057,1,133563,treatment,2026-04-17 05:10:08
4058,1,133574,treatment,2026-04-07 02:33:54
4059,1,133575,treatment,2026-04-11 13:03:09
4060,1,133591,control,2026-04-15 05:35:29
4061,1,133625,treatment,2026-04-18 15:02:25
4062,1,133626,treatment,2026-04-05 05:47:47
4063,1,133630,control,2026-04-19 18:21:44
4064,1,133647,control,2026-04-20 00:13:16
4065,1,133658,control,2026-04-10 18:04:26
4066,1,133661,treatment,2026-04-17 03:33:25
4067,1,133673,control,2026-04-05 01:44:22
4068,1,133682,control,2026-04-18 03:05:39
4069,1,133688,control,2026-04-18 12:34:28
4070,1,133692,control,2026-04-03 17:39:30
4071,1,133695,treatment,2026-04-13 16:50:12
4072,1,133711,treatment,2026-04-05 10:59:42
4073,1,133728,control,2026-04-03 11:37:02
4074,1,133729,treatment,2026-04-08 23:50:54
4075,1,133745,treatment,2026-04-06 17:34:46
4076,1,133759,control,2026-04-06 04:50:20
4077,1,133765,control,2026-04-04 15:46:24
4078,1,133771,control,2026-04-03 04:01:01
4079,1,133775,treatment,2026-04-13 04:05:51
4080,1,133790,treatment,2026-04-03 06:43:37
4081,1,133792,control,2026-04-17 17:46:09
4082,1,133793,control,2026-04-10 23:56:51
4083,1,133794,treatment,2026-04-14 15:46:46
4084,1,133798,control,2026-04-10 11:23:27
4085,1,133806,treatment,2026-04-13 15:51:11
4086,1,133807,control,2026-04-05 01:38:14
4087,1,133810,control,2026-04-14 15:22:36
4088,1,133814,control,2026-04-18 20:27:13
4089,1,133831,treatment,2026-04-21 00:45:36
4090,1,133851,control,2026-04-15 03:52:49
4091,1,133858,treatment,2026-04-10 16:23:26
4092,1,133861,treatment,2026-04-04 14:16:43
4093,1,133891,control,2026-04-12 06:18:10
4094,1,133892,treatment,2026-04-04 18:30:53
4095,1,133898,treatment,2026-04-14 12:22:30
4096,1,133899,control,2026-04-09 17:08:35
4097,1,133918,control,2026-04-16 02:06:00
4098,1,133921,treatment,2026-04-09 10:13:11
4099,1,133923,treatment,2026-04-14 12:30:03
4100,1,133949,control,2026-04-19 12:06:19
4101,1,133960,treatment,2026-04-02 12:31:43
4102,1,133963,treatment,2026-04-19 00:44:53
4103,1,133979,treatment,2026-04-12 08:01:40
4104,1,133980,treatment,2026-04-01 21:00:57
4105,1,133987,control,2026-04-08 14:31:18
4106,1,133989,treatment,2026-04-05 06:32:52
4107,1,134006,treatment,2026-04-20 23:19:32
4108,1,134008,treatment,2026-04-13 14:27:29
4109,1,134030,treatment,2026-04-19 14:13:37
4110,1,134034,control,2026-04-07 22:51:11
4111,1,134049,treatment,2026-04-09 16:57:19
4112,1,134073,control,2026-04-06 07:33:34
4113,1,134086,treatment,2026-04-17 06:06:20
4114,1,134088,control,2026-04-21 21:04:55
4115,1,134092,control,2026-04-03 15:14:46
4116,1,134100,control,2026-04-08 10:40:09
4117,1,134117,treatment,2026-04-01 17:30:16
4118,1,134120,control,2026-04-14 01:44:07
4119,1,134136,control,2026-04-12 11:20:45
4120,1,134141,treatment,2026-04-12 15:36:49
4121,1,134143,treatment,2026-04-02 14:37:24
4122,1,134146,treatment,2026-04-21 03:28:39
4123,1,134148,treatment,2026-04-03 16:25:20
4124,1,134152,control,2026-04-01 22:05:44
4125,1,134154,control,2026-04-12 13:46:51
4126,1,134160,treatment,2026-04-15 13:01:23
4127,1,134164,treatment,2026-04-01 23:17:42
4128,1,134167,treatment,2026-04-13 11:30:45
4129,1,134180,treatment,2026-04-10 01:01:52
4130,1,134199,control,2026-04-14 00:34:54
4131,1,134207,treatment,2026-04-03 04:21:05
4132,1,134226,control,2026-04-14 19:30:42
4133,1,134227,treatment,2026-04-20 09:59:26
4134,1,134235,treatment,2026-04-06 11:45:03
4135,1,134241,control,2026-04-12 13:15:57
4136,1,134245,treatment,2026-04-21 10:47:09
4137,1,134254,control,2026-04-14 16:13:02
4138,1,134260,control,2026-04-13 07:37:41
4139,1,134262,treatment,2026-04-06 13:37:09
4140,1,134274,treatment,2026-04-02 10:18:11
4141,1,134275,treatment,2026-04-16 14:54:52
4142,1,134290,treatment,2026-04-12 07:01:01
4143,1,134291,control,2026-04-06 21:42:17
4144,1,134293,treatment,2026-04-06 11:15:39
4145,1,134310,control,2026-04-17 20:26:44
4146,1,134314,control,2026-04-13 14:46:07
4147,1,134315,control,2026-04-10 02:18:38
4148,1,134328,treatment,2026-04-05 23:12:48
4149,1,134346,control,2026-04-08 01:15:20
4150,1,134350,treatment,2026-04-04 07:02:20
4151,1,134377,treatment,2026-04-05 22:42:35
4152,1,134392,control,2026-04-15 17:20:44
4153,1,134397,treatment,2026-04-01 04:35:48
4154,1,134405,control,2026-04-16 09:21:43
4155,1,134423,control,2026-04-21 08:44:52
4156,1,134442,control,2026-04-18 13:58:14
4157,1,134443,treatment,2026-04-19 00:28:22
4158,1,134449,treatment,2026-04-11 14:44:08
4159,1,134453,treatment,2026-04-08 04:48:16
4160,1,134473,control,2026-04-19 03:01:48
4161,1,134474,treatment,2026-04-12 18:02:59
4162,1,134480,control,2026-04-10 05:09:49
4163,1,134492,treatment,2026-04-12 20:08:26
4164,1,134495,control,2026-04-08 16:14:02
4165,1,134496,treatment,2026-04-21 12:39:34
4166,1,134501,control,2026-04-03 01:03:15
4167,1,134503,control,2026-04-20 04:36:58
4168,1,134506,control,2026-04-05 07:11:44
4169,1,134527,control,2026-04-01 12:53:41
4170,1,134528,control,2026-04-20 03:46:09
4171,1,134573,control,2026-04-06 04:19:36
4172,1,134586,control,2026-04-05 18:54:51
4173,1,134590,treatment,2026-04-08 19:53:31
4174,1,134597,control,2026-04-20 15:20:37
4175,1,134599,treatment,2026-04-19 19:27:47
4176,1,134603,treatment,2026-04-09 21:17:41
4177,1,134609,treatment,2026-04-12 11:59:03
4178,1,134625,treatment,2026-04-06 12:52:17
4179,1,134627,treatment,2026-04-04 00:15:44
4180,1,134631,control,2026-04-17 18:47:57
4181,1,134635,control,2026-04-12 18:24:15
4182,1,134637,control,2026-04-02 19:25:01
4183,1,134639,control,2026-04-19 08:06:57
4184,1,134650,control,2026-04-04 00:37:11
4185,1,134654,control,2026-04-07 07:49:51
4186,1,134659,control,2026-04-15 20:14:07
4187,1,134672,control,2026-04-18 10:25:33
4188,1,134699,treatment,2026-04-15 18:19:23
4189,1,134703,control,2026-04-05 21:36:11
4190,1,134707,treatment,2026-04-09 07:17:50
4191,1,134711,control,2026-04-11 19:00:26
4192,1,134712,control,2026-04-10 20:03:28
4193,1,134733,treatment,2026-04-17 12:51:36
4194,1,134736,treatment,2026-04-13 06:08:19
4195,1,134746,treatment,2026-04-09 14:58:33
4196,1,134748,treatment,2026-04-18 23:16:12
4197,1,134750,treatment,2026-04-03 23:42:30
4198,1,134761,treatment,2026-04-05 15:07:20
4199,1,134763,control,2026-04-08 20:51:03
4200,1,134765,control,2026-04-21 15:46:28
4201,1,134779,treatment,2026-04-12 01:43:04
4202,1,134807,treatment,2026-04-19 03:16:05
4203,1,134819,control,2026-04-09 20:21:48
4204,1,134830,control,2026-04-09 00:33:08
4205,1,134837,treatment,2026-04-11 14:18:42
4206,1,134840,control,2026-04-11 17:51:43
4207,1,134851,control,2026-04-19 19:31:18
4208,1,134853,control,2026-04-05 21:16:30
4209,1,134854,control,2026-04-07 00:30:49
4210,1,134856,control,2026-04-15 22:35:46
4211,1,134867,treatment,2026-04-20 01:11:22
4212,1,134868,control,2026-04-17 06:44:00
4213,1,134869,treatment,2026-04-18 16:23:19
4214,1,134877,control,2026-04-18 16:57:23
4215,1,134879,treatment,2026-04-08 10:32:15
4216,1,134880,treatment,2026-04-03 04:18:15
4217,1,134881,treatment,2026-04-16 13:16:33
4218,1,134882,treatment,2026-04-08 10:32:52
4219,1,134889,treatment,2026-04-16 13:35:45
4220,1,134895,treatment,2026-04-05 15:53:27
4221,1,134899,treatment,2026-04-08 17:49:33
4222,1,134929,treatment,2026-04-09 19:51:09
4223,1,134930,control,2026-04-18 12:20:26
4224,1,134947,control,2026-04-13 14:04:59
4225,1,134948,treatment,2026-04-20 15:15:04
4226,1,134954,treatment,2026-04-09 23:59:32
4227,1,134966,control,2026-04-19 03:42:17
4228,1,134967,treatment,2026-04-15 14:45:13
4229,1,134987,control,2026-04-05 14:08:37
4230,1,134997,control,2026-04-11 21:39:03
4231,1,134998,treatment,2026-04-04 09:59:20
4232,1,135007,treatment,2026-04-19 20:14:47
4233,1,135010,treatment,2026-04-19 17:54:19
4234,1,135013,treatment,2026-04-03 07:09:57
4235,1,135017,control,2026-04-02 23:59:51
4236,1,135018,control,2026-04-05 07:36:57
4237,1,135047,treatment,2026-04-03 18:08:22
4238,1,135048,control,2026-04-18 06:59:05
4239,1,135050,control,2026-04-17 16:32:13
4240,1,135065,control,2026-04-13 08:48:01
4241,1,135069,treatment,2026-04-13 10:49:35
4242,1,135071,control,2026-04-03 03:51:57
4243,1,135077,treatment,2026-04-18 07:32:17
4244,1,135096,control,2026-04-06 23:00:44
4245,1,135097,treatment,2026-04-09 10:35:17
4246,1,135100,control,2026-04-09 08:19:13
4247,1,135106,treatment,2026-04-11 23:01:12
4248,1,135107,control,2026-04-07 22:11:39
4249,1,135121,control,2026-04-05 18:34:18
4250,1,135138,control,2026-04-18 19:48:27
4251,1,135143,control,2026-04-04 06:13:13
4252,1,135147,control,2026-04-16 07:32:27
4253,1,135154,treatment,2026-04-07 11:37:47
4254,1,135166,treatment,2026-04-17 10:43:11
4255,1,135181,treatment,2026-04-07 20:31:36
4256,1,135184,control,2026-04-01 22:30:27
4257,1,135224,treatment,2026-04-07 22:54:25
4258,1,135233,control,2026-04-13 23:41:18
4259,1,135244,control,2026-04-13 20:59:51
4260,1,135261,treatment,2026-04-13 09:40:05
4261,1,135270,control,2026-04-02 20:46:43
4262,1,135275,treatment,2026-04-12 23:48:51
4263,1,135277,control,2026-04-21 07:21:04
4264,1,135289,treatment,2026-04-16 06:05:28
4265,1,135294,treatment,2026-04-09 05:10:02
4266,1,135307,control,2026-04-08 09:52:59
4267,1,135310,treatment,2026-04-15 15:05:19
4268,1,135318,control,2026-04-16 22:55:09
4269,1,135333,treatment,2026-04-05 17:25:29
4270,1,135349,treatment,2026-04-19 03:03:31
4271,1,135355,control,2026-04-08 22:10:12
4272,1,135366,treatment,2026-04-20 20:20:40
4273,1,135370,control,2026-04-06 07:18:10
4274,1,135376,treatment,2026-04-20 17:04:14
4275,1,135394,control,2026-04-09 02:28:21
4276,1,135399,control,2026-04-05 03:49:30
4277,1,135406,control,2026-04-08 05:53:12
4278,1,135411,treatment,2026-04-21 11:12:33
4279,1,135414,treatment,2026-04-07 06:42:30
4280,1,135416,treatment,2026-04-02 22:45:27
4281,1,135417,control,2026-04-05 02:34:50
4282,1,135441,treatment,2026-04-20 09:39:52
4283,1,135446,control,2026-04-16 00:30:24
4284,1,135448,treatment,2026-04-13 01:50:16
4285,1,135455,control,2026-04-12 11:09:30
4286,1,135459,control,2026-04-06 18:06:30
4287,1,135464,control,2026-04-03 19:27:47
4288,1,135473,treatment,2026-04-11 21:15:23
4289,1,135504,treatment,2026-04-05 01:55:54
4290,1,135506,treatment,2026-04-13 05:05:54
4291,1,135521,control,2026-04-11 19:59:40
4292,1,135522,treatment,2026-04-12 00:18:50
4293,1,135524,control,2026-04-18 22:18:53
4294,1,135526,control,2026-04-06 13:41:14
4295,1,135544,treatment,2026-04-14 16:55:02
4296,1,135546,control,2026-04-21 17:45:24
4297,1,135548,control,2026-04-16 12:17:49
4298,1,135551,treatment,2026-04-11 19:56:49
4299,1,135553,treatment,2026-04-19 02:27:07
4300,1,135560,treatment,2026-04-16 14:09:27
4301,1,135564,treatment,2026-04-08 15:38:55
4302,1,135569,control,2026-04-06 01:57:25
4303,1,135580,treatment,2026-04-16 07:13:54
4304,1,135585,control,2026-04-01 09:00:57
4305,1,135589,control,2026-04-20 11:31:43
4306,1,135592,control,2026-04-09 09:17:22
4307,1,135594,control,2026-04-11 06:13:38
4308,1,135598,treatment,2026-04-08 16:54:16
4309,1,135607,control,2026-04-03 14:14:08
4310,1,135614,treatment,2026-04-07 07:22:53
4311,1,135619,treatment,2026-04-02 22:57:25
4312,1,135647,treatment,2026-04-04 21:50:42
4313,1,135651,control,2026-04-15 04:16:42
4314,1,135652,treatment,2026-04-20 20:07:41
4315,1,135666,control,2026-04-19 22:54:17
4316,1,135667,treatment,2026-04-16 01:47:24
4317,1,135674,treatment,2026-04-19 06:08:08
4318,1,135680,control,2026-04-14 05:52:31
4319,1,135682,control,2026-04-03 14:05:59
4320,1,135685,treatment,2026-04-04 13:33:47
4321,1,135694,control,2026-04-05 09:47:33
4322,1,135726,treatment,2026-04-06 04:28:57
4323,1,135728,treatment,2026-04-21 09:29:27
4324,1,135733,treatment,2026-04-20 09:04:32
4325,1,135738,control,2026-04-11 18:43:14
4326,1,135757,control,2026-04-14 07:01:49
4327,1,135777,control,2026-04-21 03:03:41
4328,1,135796,control,2026-04-19 11:27:49
4329,1,135798,control,2026-04-17 16:04:53
4330,1,135801,control,2026-04-02 22:30:33
4331,1,135806,treatment,2026-04-08 02:38:03
4332,1,135815,control,2026-04-04 06:01:23
4333,1,135820,treatment,2026-04-05 21:44:35
4334,1,135828,control,2026-04-18 14:09:56
4335,1,135839,control,2026-04-16 22:36:00
4336,1,135855,control,2026-04-06 19:29:05
4337,1,135863,treatment,2026-04-19 05:30:48
4338,1,135870,treatment,2026-04-20 07:56:17
4339,1,135873,control,2026-04-15 15:56:19
4340,1,135883,control,2026-04-06 11:48:55
4341,1,135888,control,2026-04-20 18:56:31
4342,1,135913,treatment,2026-04-21 23:46:57
4343,1,135915,control,2026-04-14 12:08:04
4344,1,135924,control,2026-04-16 20:11:39
4345,1,135930,control,2026-04-20 18:20:18
4346,1,135938,control,2026-04-18 04:23:57
4347,1,135951,treatment,2026-04-15 03:45:18
4348,1,135959,control,2026-04-05 07:25:27
4349,1,135962,control,2026-04-15 05:12:47
4350,1,135972,treatment,2026-04-11 16:20:13
4351,1,135973,treatment,2026-04-13 15:32:08
4352,1,135977,control,2026-04-08 03:10:37
4353,1,135993,treatment,2026-04-05 12:46:30
4354,1,135995,treatment,2026-04-20 07:43:18
4355,1,135999,control,2026-04-05 01:23:31
4356,1,136005,treatment,2026-04-09 08:55:17
4357,1,136008,treatment,2026-04-05 23:37:36
4358,1,136015,control,2026-04-04 02:11:52
4359,1,136017,treatment,2026-04-19 17:30:59
4360,1,136018,treatment,2026-04-04 13:42:54
4361,1,136020,treatment,2026-04-14 00:08:36
4362,1,136028,control,2026-04-03 03:35:14
4363,1,136036,treatment,2026-04-07 00:49:01
4364,1,136050,control,2026-04-19 09:53:20
4365,1,136083,control,2026-04-15 10:39:43
4366,1,136086,treatment,2026-04-16 06:37:14
4367,1,136103,control,2026-04-20 16:14:23
4368,1,136115,treatment,2026-04-04 12:43:35
4369,1,136124,control,2026-04-04 02:47:15
4370,1,136128,control,2026-04-11 16:19:04
4371,1,136134,control,2026-04-14 12:43:13
4372,1,136137,control,2026-04-14 17:39:22
4373,1,136140,treatment,2026-04-02 09:08:18
4374,1,136152,control,2026-04-05 15:17:01
4375,1,136171,control,2026-04-05 10:23:01
4376,1,136178,treatment,2026-04-04 11:01:40
4377,1,136180,control,2026-04-08 19:13:55
4378,1,136200,control,2026-04-21 09:04:58
4379,1,136207,control,2026-04-05 16:25:28
4380,1,136245,treatment,2026-04-20 19:15:01
4381,1,136251,control,2026-04-11 23:53:50
4382,1,136263,treatment,2026-04-15 23:20:29
4383,1,136288,control,2026-04-21 18:00:28
4384,1,136294,control,2026-04-07 15:27:31
4385,1,136296,treatment,2026-04-04 15:47:02
4386,1,136321,control,2026-04-11 03:24:31
4387,1,136341,treatment,2026-04-08 23:45:35
4388,1,136343,control,2026-04-12 18:18:33
4389,1,136345,control,2026-04-15 16:53:51
4390,1,136365,treatment,2026-04-13 07:50:59
4391,1,136389,control,2026-04-10 15:58:54
4392,1,136414,treatment,2026-04-08 08:38:13
4393,1,136424,control,2026-04-05 17:34:49
4394,1,136431,control,2026-04-07 18:21:40
4395,1,136434,control,2026-04-03 03:14:13
4396,1,136439,control,2026-04-10 07:09:03
4397,1,136444,treatment,2026-04-16 10:19:25
4398,1,136449,treatment,2026-04-16 06:30:25
4399,1,136484,treatment,2026-04-05 02:13:49
4400,1,136512,treatment,2026-04-10 10:00:45
4401,1,136531,treatment,2026-04-16 22:51:33
4402,1,136543,treatment,2026-04-15 04:47:16
4403,1,136561,control,2026-04-15 08:47:01
4404,1,136564,treatment,2026-04-16 19:43:31
4405,1,136568,control,2026-04-11 02:30:56
4406,1,136573,control,2026-04-07 18:43:37
4407,1,136574,treatment,2026-04-12 12:21:33
4408,1,136588,control,2026-04-21 10:44:51
4409,1,136605,control,2026-04-15 07:22:17
4410,1,136623,treatment,2026-04-09 17:54:05
4411,1,136639,control,2026-04-15 21:02:26
4412,1,136641,control,2026-04-16 08:22:53
4413,1,136645,control,2026-04-14 08:16:24
4414,1,136646,control,2026-04-02 01:55:25
4415,1,136653,control,2026-04-01 19:53:39
4416,1,136664,control,2026-04-21 17:33:01
4417,1,136669,control,2026-04-05 01:24:15
4418,1,136685,control,2026-04-16 19:33:43
4419,1,136687,treatment,2026-04-15 16:15:43
4420,1,136690,control,2026-04-17 23:58:19
4421,1,136696,control,2026-04-03 11:24:41
4422,1,136728,control,2026-04-05 05:31:59
4423,1,136737,treatment,2026-04-19 09:48:18
4424,1,136741,treatment,2026-04-19 16:40:38
4425,1,136742,control,2026-04-19 00:17:09
4426,1,136746,control,2026-04-11 01:01:39
4427,1,136772,treatment,2026-04-17 05:35:11
4428,1,136775,treatment,2026-04-01 09:01:04
4429,1,136779,control,2026-04-21 10:57:32
4430,1,136781,control,2026-04-11 22:22:04
4431,1,136783,control,2026-04-05 13:51:01
4432,1,136784,control,2026-04-08 01:09:52
4433,1,136785,treatment,2026-04-13 12:27:44
4434,1,136789,treatment,2026-04-17 07:48:53
4435,1,136805,control,2026-04-08 18:56:31
4436,1,136806,control,2026-04-04 22:37:57
4437,1,136820,control,2026-04-01 16:38:36
4438,1,136823,treatment,2026-04-21 11:17:16
4439,1,136834,control,2026-04-10 10:04:09
4440,1,136837,treatment,2026-04-01 12:17:01
4441,1,136840,control,2026-04-11 10:24:06
4442,1,136854,treatment,2026-04-10 23:20:10
4443,1,136867,treatment,2026-04-21 00:46:05
4444,1,136873,control,2026-04-09 19:38:21
4445,1,136879,treatment,2026-04-21 19:46:54
4446,1,136882,treatment,2026-04-03 13:56:39
4447,1,136895,control,2026-04-08 22:39:46
4448,1,136900,control,2026-04-02 06:27:11
4449,1,136906,treatment,2026-04-15 09:14:04
4450,1,136912,treatment,2026-04-14 08:25:34
4451,1,136914,treatment,2026-04-10 03:26:59
4452,1,136917,control,2026-04-07 14:31:23
4453,1,136939,treatment,2026-04-10 18:45:21
4454,1,136944,control,2026-04-05 02:14:21
4455,1,136946,control,2026-04-10 20:42:27
4456,1,136967,control,2026-04-05 22:51:31
4457,1,136975,treatment,2026-04-21 05:47:03
4458,1,136984,treatment,2026-04-05 22:03:36
4459,1,137005,control,2026-04-05 01:46:56
4460,1,137030,treatment,2026-04-15 16:40:24
4461,1,137031,control,2026-04-20 00:17:03
4462,1,137038,treatment,2026-04-02 05:38:07
4463,1,137047,control,2026-04-16 00:10:28
4464,1,137049,control,2026-04-15 13:25:36
4465,1,137051,control,2026-04-20 04:40:06
4466,1,137061,treatment,2026-04-17 07:55:34
4467,1,137067,treatment,2026-04-11 01:06:19
4468,1,137074,treatment,2026-04-15 21:42:47
4469,1,137092,treatment,2026-04-17 19:11:28
4470,1,137094,control,2026-04-19 01:10:03
4471,1,137116,control,2026-04-17 06:09:43
4472,1,137132,control,2026-04-04 03:54:04
4473,1,137139,treatment,2026-04-12 15:49:15
4474,1,137147,treatment,2026-04-07 04:31:46
4475,1,137153,control,2026-04-13 01:00:51
4476,1,137155,control,2026-04-02 10:12:42
4477,1,137160,control,2026-04-01 16:48:42
4478,1,137165,treatment,2026-04-13 04:37:14
4479,1,137176,treatment,2026-04-10 07:12:30
4480,1,137195,treatment,2026-04-12 08:44:32
4481,1,137207,treatment,2026-04-16 19:58:54
4482,1,137228,control,2026-04-15 04:34:44
4483,1,137229,treatment,2026-04-17 01:29:00
4484,1,137237,treatment,2026-04-02 07:49:55
4485,1,137239,control,2026-04-11 09:22:21
4486,1,137243,control,2026-04-04 17:26:12
4487,1,137255,treatment,2026-04-15 06:17:12
4488,1,137257,control,2026-04-06 22:07:11
4489,1,137271,control,2026-04-20 00:38:38
4490,1,137274,control,2026-04-04 15:54:26
4491,1,137308,control,2026-04-13 21:20:47
4492,1,137319,treatment,2026-04-07 17:26:54
4493,1,137331,control,2026-04-06 03:05:09
4494,1,137345,treatment,2026-04-04 10:03:05
4495,1,137346,treatment,2026-04-03 16:05:01
4496,1,137347,control,2026-04-14 15:50:23
4497,1,137352,treatment,2026-04-03 10:51:02
4498,1,137400,control,2026-04-08 04:14:07
4499,1,137412,control,2026-04-10 06:00:28
4500,1,137439,control,2026-04-02 10:16:58
4501,1,137440,control,2026-04-06 10:34:39
4502,1,137449,control,2026-04-02 16:58:11
4503,1,137465,control,2026-04-05 19:15:12
4504,1,137466,control,2026-04-11 17:30:59
4505,1,137467,control,2026-04-14 05:03:03
4506,1,137479,control,2026-04-12 01:14:58
4507,1,137480,control,2026-04-21 08:23:33
4508,1,137482,control,2026-04-07 16:52:58
4509,1,137492,control,2026-04-19 02:46:06
4510,1,137496,control,2026-04-03 00:28:26
4511,1,137500,control,2026-04-11 06:40:01
4512,1,137503,control,2026-04-20 06:46:32
4513,1,137520,treatment,2026-04-05 04:08:36
4514,1,137529,treatment,2026-04-05 09:16:33
4515,1,137537,treatment,2026-04-11 10:35:35
4516,1,137547,control,2026-04-10 10:38:52
4517,1,137548,treatment,2026-04-07 09:44:49
4518,1,137555,control,2026-04-17 19:54:53
4519,1,137561,control,2026-04-21 01:17:30
4520,1,137565,control,2026-04-02 03:40:06
4521,1,137569,control,2026-04-06 15:28:21
4522,1,137571,control,2026-04-13 07:30:15
4523,1,137582,treatment,2026-04-08 23:05:05
4524,1,137585,control,2026-04-02 12:53:46
4525,1,137588,control,2026-04-11 18:22:20
4526,1,137593,control,2026-04-01 01:23:34
4527,1,137597,control,2026-04-02 22:40:35
4528,1,137630,control,2026-04-20 17:37:40
4529,1,137631,treatment,2026-04-07 20:17:45
4530,1,137636,treatment,2026-04-03 00:40:55
4531,1,137665,treatment,2026-04-04 23:54:15
4532,1,137669,treatment,2026-04-05 14:00:05
4533,1,137681,control,2026-04-19 04:31:03
4534,1,137685,control,2026-04-13 03:08:50
4535,1,137691,treatment,2026-04-11 19:05:55
4536,1,137692,control,2026-04-19 10:31:54
4537,1,137698,control,2026-04-02 11:58:39
4538,1,137701,control,2026-04-17 03:11:43
4539,1,137712,treatment,2026-04-16 08:37:16
4540,1,137717,treatment,2026-04-12 14:28:15
4541,1,137737,control,2026-04-02 17:02:01
4542,1,137773,treatment,2026-04-16 01:14:20
4543,1,137781,treatment,2026-04-12 06:10:10
4544,1,137783,control,2026-04-15 08:54:38
4545,1,137796,control,2026-04-06 12:58:51
4546,1,137805,treatment,2026-04-10 19:04:44
4547,1,137812,control,2026-04-12 07:26:42
4548,1,137815,treatment,2026-04-04 18:15:05
4549,1,137834,treatment,2026-04-08 08:34:06
4550,1,137844,treatment,2026-04-16 21:56:49
4551,1,137846,treatment,2026-04-10 03:44:56
4552,1,137853,control,2026-04-06 05:04:50
4553,1,137855,control,2026-04-02 22:04:40
4554,1,137867,treatment,2026-04-16 13:12:29
4555,1,137872,control,2026-04-07 16:05:07
4556,1,137881,control,2026-04-11 18:14:13
4557,1,137899,treatment,2026-04-06 01:30:26
4558,1,137901,treatment,2026-04-03 00:03:46
4559,1,137903,control,2026-04-15 21:26:22
4560,1,137917,treatment,2026-04-18 10:46:06
4561,1,137920,treatment,2026-04-15 21:41:15
4562,1,137927,treatment,2026-04-08 04:38:38
4563,1,137928,control,2026-04-18 22:54:25
4564,1,137930,treatment,2026-04-01 15:44:39
4565,1,137933,control,2026-04-12 22:44:46
4566,1,137934,treatment,2026-04-06 22:35:16
4567,1,137943,treatment,2026-04-13 05:05:51
4568,1,137950,treatment,2026-04-11 03:40:46
4569,1,137951,control,2026-04-18 12:35:15
4570,1,137964,treatment,2026-04-14 10:43:12
4571,1,137968,control,2026-04-12 04:10:27
4572,1,137976,control,2026-04-10 10:04:12
4573,1,137989,treatment,2026-04-19 00:28:51
4574,1,137994,control,2026-04-13 14:47:14
4575,1,137998,control,2026-04-08 17:07:24
4576,1,138001,treatment,2026-04-06 02:53:40
4577,1,138010,control,2026-04-11 07:32:32
4578,1,138016,treatment,2026-04-10 11:16:24
4579,1,138022,control,2026-04-17 05:19:20
4580,1,138028,treatment,2026-04-04 09:57:58
4581,1,138029,control,2026-04-16 13:06:18
4582,1,138030,control,2026-04-11 10:13:34
4583,1,138047,control,2026-04-09 10:34:21
4584,1,138050,treatment,2026-04-06 12:28:50
4585,1,138069,treatment,2026-04-16 18:26:16
4586,1,138078,treatment,2026-04-12 04:10:29
4587,1,138090,treatment,2026-04-15 03:57:21
4588,1,138092,treatment,2026-04-05 16:23:13
4589,1,138100,treatment,2026-04-06 09:53:08
4590,1,138109,treatment,2026-04-05 05:16:59
4591,1,138122,control,2026-04-19 02:42:07
4592,1,138132,treatment,2026-04-03 10:14:22
4593,1,138142,control,2026-04-21 20:23:32
4594,1,138143,control,2026-04-06 10:52:39
4595,1,138173,control,2026-04-21 03:10:19
4596,1,138175,treatment,2026-04-12 02:45:11
4597,1,138179,treatment,2026-04-18 04:11:52
4598,1,138184,control,2026-04-03 09:52:44
4599,1,138211,treatment,2026-04-14 20:59:04
4600,1,138231,control,2026-04-05 18:51:58
4601,1,138238,treatment,2026-04-03 13:15:58
4602,1,138255,control,2026-04-10 21:54:06
4603,1,138278,control,2026-04-14 08:49:01
4604,1,138280,treatment,2026-04-09 04:16:50
4605,1,138295,control,2026-04-13 04:12:33
4606,1,138296,control,2026-04-08 23:55:54
4607,1,138300,treatment,2026-04-02 16:48:29
4608,1,138312,control,2026-04-16 20:33:53
4609,1,138317,treatment,2026-04-17 03:06:06
4610,1,138320,control,2026-04-03 09:40:13
4611,1,138321,treatment,2026-04-08 07:09:31
4612,1,138324,control,2026-04-20 12:52:50
4613,1,138335,control,2026-04-01 08:57:01
4614,1,138345,control,2026-04-06 23:24:18
4615,1,138346,treatment,2026-04-01 23:43:47
4616,1,138364,control,2026-04-15 20:35:48
4617,1,138368,control,2026-04-11 20:29:39
4618,1,138373,treatment,2026-04-12 06:56:20
4619,1,138375,treatment,2026-04-17 22:26:12
4620,1,138382,control,2026-04-09 23:08:53
4621,1,138391,control,2026-04-09 23:38:40
4622,1,138396,treatment,2026-04-19 10:17:32
4623,1,138399,control,2026-04-21 10:09:13
4624,1,138403,control,2026-04-13 00:04:42
4625,1,138406,treatment,2026-04-15 05:43:16
4626,1,138409,control,2026-04-11 02:31:26
4627,1,138412,control,2026-04-03 04:22:26
4628,1,138422,treatment,2026-04-09 16:10:50
4629,1,138425,control,2026-04-10 10:41:12
4630,1,138435,control,2026-04-08 15:32:20
4631,1,138437,treatment,2026-04-02 04:45:27
4632,1,138440,control,2026-04-09 13:41:22
4633,1,138443,treatment,2026-04-10 11:58:18
4634,1,138447,control,2026-04-06 09:29:50
4635,1,138454,control,2026-04-12 00:28:51
4636,1,138467,treatment,2026-04-13 22:47:56
4637,1,138471,treatment,2026-04-16 21:20:23
4638,1,138474,treatment,2026-04-05 06:02:49
4639,1,138476,treatment,2026-04-11 18:09:04
4640,1,138502,control,2026-04-14 05:58:40
4641,1,138512,treatment,2026-04-06 10:04:50
4642,1,138519,treatment,2026-04-13 11:00:58
4643,1,138530,treatment,2026-04-10 20:02:08
4644,1,138533,control,2026-04-20 06:53:50
4645,1,138543,control,2026-04-20 08:30:25
4646,1,138553,treatment,2026-04-16 06:23:29
4647,1,138561,treatment,2026-04-12 01:03:23
4648,1,138586,treatment,2026-04-11 21:30:15
4649,1,138594,treatment,2026-04-09 12:41:27
4650,1,138599,control,2026-04-01 16:04:51
4651,1,138604,control,2026-04-20 07:37:57
4652,1,138635,treatment,2026-04-11 16:37:56
4653,1,138641,control,2026-04-17 03:50:22
4654,1,138655,control,2026-04-20 05:43:52
4655,1,138657,control,2026-04-16 02:17:11
4656,1,138672,treatment,2026-04-17 21:32:04
4657,1,138675,treatment,2026-04-15 07:10:25
4658,1,138707,control,2026-04-11 15:57:34
4659,1,138722,control,2026-04-04 18:01:26
4660,1,138724,control,2026-04-05 20:00:46
4661,1,138732,treatment,2026-04-20 00:16:06
4662,1,138733,control,2026-04-17 19:41:18
4663,1,138735,control,2026-04-21 23:35:18
4664,1,138742,treatment,2026-04-01 04:08:29
4665,1,138745,treatment,2026-04-13 20:32:51
4666,1,138761,control,2026-04-07 12:52:11
4667,1,138770,treatment,2026-04-21 05:12:42
4668,1,138771,control,2026-04-15 17:44:37
4669,1,138779,treatment,2026-04-03 05:36:30
4670,1,138780,treatment,2026-04-14 02:37:57
4671,1,138787,control,2026-04-10 12:46:23
4672,1,138790,treatment,2026-04-17 22:30:57
4673,1,138802,treatment,2026-04-05 02:04:01
4674,1,138806,treatment,2026-04-08 00:25:17
4675,1,138819,treatment,2026-04-17 19:26:52
4676,1,138823,control,2026-04-18 10:10:59
4677,1,138824,treatment,2026-04-10 01:04:05
4678,1,138829,treatment,2026-04-02 09:38:26
4679,1,138875,treatment,2026-04-21 11:05:25
4680,1,138879,control,2026-04-12 02:23:53
4681,1,138883,control,2026-04-11 22:50:39
4682,1,138891,control,2026-04-06 05:02:28
4683,1,138913,control,2026-04-07 01:16:56
4684,1,138920,control,2026-04-12 08:13:28
4685,1,138926,treatment,2026-04-02 09:24:57
4686,1,138930,treatment,2026-04-16 03:23:53
4687,1,138957,treatment,2026-04-05 12:06:36
4688,1,138969,control,2026-04-16 02:23:40
4689,1,138972,treatment,2026-04-19 06:40:38
4690,1,138980,treatment,2026-04-08 07:22:33
4691,1,138994,treatment,2026-04-10 23:42:54
4692,1,139001,control,2026-04-10 04:59:10
4693,1,139002,control,2026-04-08 22:43:02
4694,1,139008,treatment,2026-04-14 16:34:01
4695,1,139009,control,2026-04-05 07:15:10
4696,1,139012,treatment,2026-04-09 18:15:47
4697,1,139020,control,2026-04-11 15:20:56
4698,1,139021,treatment,2026-04-12 14:03:31
4699,1,139033,control,2026-04-04 03:35:19
4700,1,139039,treatment,2026-04-18 09:12:58
4701,1,139045,treatment,2026-04-13 22:39:22
4702,1,139052,control,2026-04-14 10:58:49
4703,1,139061,treatment,2026-04-14 11:02:23
4704,1,139069,treatment,2026-04-20 09:32:58
4705,1,139080,treatment,2026-04-16 02:41:44
4706,1,139085,treatment,2026-04-15 08:48:37
4707,1,139086,treatment,2026-04-13 14:57:14
4708,1,139092,control,2026-04-11 13:13:25
4709,1,139100,treatment,2026-04-03 18:21:17
4710,1,139103,treatment,2026-04-07 13:08:22
4711,1,139108,treatment,2026-04-10 02:10:03
4712,1,139111,control,2026-04-09 11:05:45
4713,1,139121,treatment,2026-04-08 18:40:38
4714,1,139125,treatment,2026-04-09 15:26:52
4715,1,139130,treatment,2026-04-09 18:55:44
4716,1,139146,control,2026-04-19 15:02:17
4717,1,139155,treatment,2026-04-21 13:39:29
4718,1,139168,treatment,2026-04-14 23:51:22
4719,1,139186,control,2026-04-17 07:15:56
4720,1,139208,control,2026-04-14 07:22:02
4721,1,139219,treatment,2026-04-10 21:51:33
4722,1,139244,control,2026-04-20 06:25:57
4723,1,139248,control,2026-04-06 01:42:06
4724,1,139252,control,2026-04-16 13:25:52
4725,1,139264,control,2026-04-17 20:04:39
4726,1,139267,treatment,2026-04-17 15:13:42
4727,1,139269,control,2026-04-13 02:35:40
4728,1,139271,treatment,2026-04-19 05:15:15
4729,1,139279,treatment,2026-04-10 01:59:52
4730,1,139310,treatment,2026-04-09 22:13:48
4731,1,139312,treatment,2026-04-18 21:02:49
4732,1,139313,control,2026-04-19 14:55:59
4733,1,139319,treatment,2026-04-21 19:04:53
4734,1,139320,treatment,2026-04-06 15:23:51
4735,1,139325,treatment,2026-04-17 15:53:49
4736,1,139332,control,2026-04-01 23:26:04
4737,1,139339,treatment,2026-04-17 03:23:04
4738,1,139344,control,2026-04-21 19:31:12
4739,1,139365,control,2026-04-10 14:12:21
4740,1,139374,treatment,2026-04-05 23:29:19
4741,1,139375,treatment,2026-04-18 06:54:37
4742,1,139378,control,2026-04-15 07:09:51
4743,1,139383,treatment,2026-04-20 15:43:48
4744,1,139385,control,2026-04-14 14:42:54
4745,1,139402,treatment,2026-04-07 03:45:27
4746,1,139405,treatment,2026-04-21 17:30:43
4747,1,139433,treatment,2026-04-06 18:17:03
4748,1,139434,control,2026-04-06 18:55:12
4749,1,139437,treatment,2026-04-09 00:46:05
4750,1,139439,treatment,2026-04-10 01:31:37
4751,1,139458,treatment,2026-04-13 13:13:33
4752,1,139461,control,2026-04-20 06:49:28
4753,1,139492,control,2026-04-12 14:34:44
4754,1,139511,control,2026-04-15 09:39:23
4755,1,139515,treatment,2026-04-05 06:07:51
4756,1,139517,control,2026-04-15 10:15:33
4757,1,139519,treatment,2026-04-18 14:56:27
4758,1,139526,control,2026-04-20 02:53:12
4759,1,139528,control,2026-04-07 08:28:14
4760,1,139530,control,2026-04-19 11:52:40
4761,1,139539,control,2026-04-20 18:15:32
4762,1,139546,control,2026-04-14 01:52:54
4763,1,139556,treatment,2026-04-01 02:17:41
4764,1,139565,control,2026-04-12 09:52:54
4765,1,139579,treatment,2026-04-20 22:03:35
4766,1,139601,treatment,2026-04-03 03:48:13
4767,1,139609,control,2026-04-21 11:12:33
4768,1,139612,treatment,2026-04-09 17:58:15
4769,1,139614,control,2026-04-21 18:59:26
4770,1,139615,control,2026-04-21 15:13:13
4771,1,139622,control,2026-04-20 11:41:11
4772,1,139626,treatment,2026-04-13 19:54:30
4773,1,139640,control,2026-04-14 08:22:09
4774,1,139642,control,2026-04-07 06:00:32
4775,1,139653,treatment,2026-04-09 15:08:55
4776,1,139657,treatment,2026-04-12 04:56:00
4777,1,139669,treatment,2026-04-21 20:01:13
4778,1,139672,treatment,2026-04-05 11:18:07
4779,1,139684,treatment,2026-04-03 05:40:35
4780,1,139695,treatment,2026-04-05 19:04:27
4781,1,139696,control,2026-04-19 15:01:36
4782,1,139709,control,2026-04-02 17:53:07
4783,1,139710,treatment,2026-04-17 16:22:05
4784,1,139712,treatment,2026-04-16 06:01:05
4785,1,139723,control,2026-04-05 05:31:59
4786,1,139727,treatment,2026-04-18 16:05:09
4787,1,139761,control,2026-04-14 10:18:50
4788,1,139765,treatment,2026-04-19 01:53:32
4789,1,139767,control,2026-04-18 12:07:35
4790,1,139769,control,2026-04-07 22:51:23
4791,1,139771,treatment,2026-04-20 21:15:02
4792,1,139774,treatment,2026-04-18 11:17:11
4793,1,139777,treatment,2026-04-01 13:35:25
4794,1,139806,control,2026-04-08 18:42:44
4795,1,139812,control,2026-04-09 22:07:29
4796,1,139816,treatment,2026-04-10 21:54:42
4797,1,139825,control,2026-04-02 04:31:34
4798,1,139876,control,2026-04-01 03:51:07
4799,1,139881,control,2026-04-09 17:09:18
4800,1,139890,treatment,2026-04-10 23:33:26
4801,1,139891,control,2026-04-10 08:17:16
4802,1,139894,control,2026-04-04 05:11:53
4803,1,139901,control,2026-04-10 09:59:55
4804,1,139906,control,2026-04-02 20:44:19
4805,1,139922,treatment,2026-04-15 00:09:55
4806,1,139926,treatment,2026-04-21 22:26:04
4807,1,139928,control,2026-04-13 00:49:28
4808,1,139935,treatment,2026-04-01 05:29:04
4809,1,139952,treatment,2026-04-17 11:12:38
4810,1,139983,treatment,2026-04-15 23:14:03
4811,1,139997,control,2026-04-18 15:03:39
4812,1,140004,treatment,2026-04-16 11:56:04
4813,1,140012,treatment,2026-04-20 08:06:25
4814,1,140025,treatment,2026-04-16 01:50:12
4815,1,140027,control,2026-04-07 19:39:57
4816,1,140033,control,2026-04-01 16:19:01
4817,1,140044,control,2026-04-19 11:14:44
4818,1,140061,treatment,2026-04-19 22:56:20
4819,1,140067,control,2026-04-04 19:53:13
4820,1,140076,treatment,2026-04-21 12:27:44
4821,1,140084,control,2026-04-08 03:46:28
4822,1,140124,control,2026-04-09 12:03:46
4823,1,140129,control,2026-04-21 00:25:27
4824,1,140137,treatment,2026-04-12 10:36:11
4825,1,140168,control,2026-04-09 17:00:25
4826,1,140171,control,2026-04-08 00:26:13
4827,1,140177,treatment,2026-04-19 14:38:59
4828,1,140190,control,2026-04-12 21:17:34
4829,1,140195,treatment,2026-04-08 02:05:39
4830,1,140198,control,2026-04-09 20:00:40
4831,1,140206,control,2026-04-21 09:50:59
4832,1,140249,treatment,2026-04-14 12:49:02
4833,1,140250,control,2026-04-09 01:37:36
4834,1,140253,treatment,2026-04-14 16:50:32
4835,1,140262,control,2026-04-05 08:54:43
4836,1,140277,control,2026-04-14 09:21:21
4837,1,140300,treatment,2026-04-12 10:09:35
4838,1,140302,control,2026-04-02 22:43:05
4839,1,140305,control,2026-04-16 17:06:06
4840,1,140310,control,2026-04-04 12:24:36
4841,1,140321,treatment,2026-04-12 12:43:49
4842,1,140322,control,2026-04-18 14:34:52
4843,1,140328,treatment,2026-04-10 01:13:31
4844,1,140331,control,2026-04-20 16:00:32
4845,1,140353,treatment,2026-04-15 21:34:44
4846,1,140380,control,2026-04-17 14:42:18
4847,1,140384,control,2026-04-18 00:23:26
4848,1,140389,control,2026-04-19 07:34:38
4849,1,140392,treatment,2026-04-02 12:30:16
4850,1,140397,treatment,2026-04-06 03:33:50
4851,1,140400,control,2026-04-20 17:35:51
4852,1,140408,control,2026-04-04 11:37:51
4853,1,140411,treatment,2026-04-17 22:17:18
4854,1,140425,control,2026-04-18 01:16:25
4855,1,140451,treatment,2026-04-16 10:34:20
4856,1,140455,treatment,2026-04-05 19:16:01
4857,1,140469,treatment,2026-04-11 20:24:17
4858,1,140476,control,2026-04-04 06:32:40
4859,1,140482,treatment,2026-04-21 05:11:24
4860,1,140491,control,2026-04-12 20:51:35
4861,1,140496,treatment,2026-04-20 14:48:17
4862,1,140505,treatment,2026-04-03 10:50:42
4863,1,140523,control,2026-04-19 13:34:24
4864,1,140524,treatment,2026-04-14 07:06:04
4865,1,140531,control,2026-04-15 19:48:51
4866,1,140539,treatment,2026-04-10 00:29:47
4867,1,140541,control,2026-04-03 00:47:25
4868,1,140547,control,2026-04-20 03:42:16
4869,1,140548,control,2026-04-14 11:18:44
4870,1,140550,treatment,2026-04-02 04:44:40
4871,1,140555,control,2026-04-18 02:08:22
4872,1,140557,control,2026-04-15 00:42:19
4873,1,140567,control,2026-04-03 05:22:22
4874,1,140568,treatment,2026-04-16 10:21:56
4875,1,140569,treatment,2026-04-12 12:52:13
4876,1,140584,treatment,2026-04-20 09:52:14
4877,1,140590,control,2026-04-13 00:43:52
4878,1,140592,control,2026-04-16 02:35:15
4879,1,140602,control,2026-04-15 16:12:04
4880,1,140605,treatment,2026-04-16 14:20:25
4881,1,140626,treatment,2026-04-06 09:53:52
4882,1,140636,treatment,2026-04-08 01:05:41
4883,1,140642,treatment,2026-04-17 23:37:23
4884,1,140669,treatment,2026-04-06 23:18:20
4885,1,140672,treatment,2026-04-08 09:33:01
4886,1,140673,control,2026-04-18 19:12:34
4887,1,140674,control,2026-04-11 13:09:33
4888,1,140691,treatment,2026-04-02 13:30:32
4889,1,140692,control,2026-04-11 06:16:11
4890,1,140693,treatment,2026-04-04 21:21:02
4891,1,140698,treatment,2026-04-09 10:49:23
4892,1,140699,control,2026-04-19 07:29:15
4893,1,140702,control,2026-04-15 12:08:27
4894,1,140708,control,2026-04-08 08:59:17
4895,1,140711,treatment,2026-04-04 10:18:19
4896,1,140712,control,2026-04-14 09:05:22
4897,1,140715,treatment,2026-04-16 12:17:20
4898,1,140720,control,2026-04-09 03:35:21
4899,1,140725,treatment,2026-04-12 13:14:13
4900,1,140740,treatment,2026-04-07 00:00:17
4901,1,140752,control,2026-04-08 09:01:23
4902,1,140753,control,2026-04-16 18:56:02
4903,1,140758,control,2026-04-03 06:03:25
4904,1,140769,control,2026-04-18 10:02:34
4905,1,140776,treatment,2026-04-13 17:45:59
4906,1,140777,treatment,2026-04-20 02:10:13
4907,1,140794,control,2026-04-20 12:23:01
4908,1,140796,control,2026-04-10 10:11:36
4909,1,140799,control,2026-04-06 01:06:00
4910,1,140830,control,2026-04-09 12:23:02
4911,1,140835,control,2026-04-09 22:21:42
4912,1,140836,treatment,2026-04-04 18:36:54
4913,1,140838,treatment,2026-04-15 05:29:47
4914,1,140844,treatment,2026-04-09 15:46:18
4915,1,140852,treatment,2026-04-06 11:46:05
4916,1,140884,control,2026-04-17 21:55:40
4917,1,140886,control,2026-04-06 21:43:45
4918,1,140888,control,2026-04-12 08:00:28
4919,1,140889,treatment,2026-04-10 10:17:56
4920,1,140891,control,2026-04-11 04:19:27
4921,1,140895,treatment,2026-04-12 04:52:45
4922,1,140906,control,2026-04-06 05:59:53
4923,1,140910,treatment,2026-04-02 04:06:12
4924,1,140920,control,2026-04-12 08:17:56
4925,1,140922,treatment,2026-04-09 12:12:11
4926,1,140932,control,2026-04-03 01:06:54
4927,1,140937,control,2026-04-19 07:44:14
4928,1,140946,control,2026-04-12 11:04:58
4929,1,140948,treatment,2026-04-09 10:24:17
4930,1,140956,treatment,2026-04-12 18:39:59
4931,1,140973,treatment,2026-04-13 12:58:45
4932,1,141000,treatment,2026-04-05 21:50:52
4933,1,141005,control,2026-04-16 04:45:23
4934,1,141008,control,2026-04-16 09:42:09
4935,1,141019,control,2026-04-08 20:29:37
4936,1,141036,control,2026-04-05 01:50:40
4937,1,141037,treatment,2026-04-04 21:06:02
4938,1,141040,control,2026-04-02 23:13:32
4939,1,141045,treatment,2026-04-13 20:16:08
4940,1,141047,treatment,2026-04-12 01:39:41
4941,1,141048,control,2026-04-18 05:54:06
4942,1,141080,control,2026-04-01 16:38:51
4943,1,141087,control,2026-04-14 02:21:36
4944,1,141097,control,2026-04-05 18:19:50
4945,1,141103,control,2026-04-11 05:37:11
4946,1,141106,control,2026-04-13 05:13:22
4947,1,141108,treatment,2026-04-09 14:23:09
4948,1,141111,control,2026-04-06 11:10:22
4949,1,141113,treatment,2026-04-21 20:58:38
4950,1,141123,treatment,2026-04-16 13:50:52
4951,1,141133,control,2026-04-19 13:18:25
4952,1,141139,treatment,2026-04-02 01:25:17
4953,1,141154,treatment,2026-04-17 10:24:29
4954,1,141156,control,2026-04-17 12:47:23
4955,1,141160,treatment,2026-04-04 04:39:56
4956,1,141161,treatment,2026-04-12 13:46:21
4957,1,141171,treatment,2026-04-02 22:25:08
4958,1,141174,treatment,2026-04-04 01:56:55
4959,1,141190,control,2026-04-03 03:00:18
4960,1,141196,control,2026-04-19 08:19:27
4961,1,141198,control,2026-04-03 20:19:42
4962,1,141208,control,2026-04-03 03:21:55
4963,1,141215,control,2026-04-21 04:00:53
4964,1,141255,control,2026-04-15 20:59:23
4965,1,141259,treatment,2026-04-15 04:18:26
4966,1,141260,control,2026-04-03 11:29:06
4967,1,141268,treatment,2026-04-14 20:56:30
4968,1,141272,control,2026-04-13 19:41:15
4969,1,141288,treatment,2026-04-19 04:52:03
4970,1,141290,treatment,2026-04-01 11:02:19
4971,1,141302,control,2026-04-05 11:46:26
4972,1,141309,treatment,2026-04-18 05:02:53
4973,1,141316,treatment,2026-04-06 04:18:19
4974,1,141318,control,2026-04-17 02:53:46
4975,1,141319,control,2026-04-15 16:14:28
4976,1,141331,treatment,2026-04-08 17:21:00
4977,1,141337,control,2026-04-12 19:28:22
4978,1,141351,control,2026-04-10 20:56:45
4979,1,141360,control,2026-04-04 21:07:54
4980,1,141367,control,2026-04-08 23:37:26
4981,1,141371,control,2026-04-17 01:54:53
4982,1,141393,control,2026-04-18 10:56:25
4983,1,141405,control,2026-04-16 23:57:05
4984,1,141412,treatment,2026-04-02 17:00:28
4985,1,141413,control,2026-04-17 20:15:48
4986,1,141418,treatment,2026-04-19 00:32:52
4987,1,141420,control,2026-04-16 12:36:57
4988,1,141426,control,2026-04-07 04:50:02
4989,1,141431,control,2026-04-03 05:59:57
4990,1,141456,control,2026-04-04 20:14:24
4991,1,141463,control,2026-04-08 10:05:36
4992,1,141464,treatment,2026-04-15 06:14:10
4993,1,141466,control,2026-04-14 01:49:05
4994,1,141473,control,2026-04-11 00:29:25
4995,1,141479,control,2026-04-18 17:58:35
4996,1,141488,control,2026-04-14 03:18:45
4997,1,141493,control,2026-04-09 16:11:53
4998,1,141512,control,2026-04-15 14:45:10
4999,1,141523,control,2026-04-20 18:11:18
5000,1,141539,control,2026-04-13 08:13:42
5001,1,141544,control,2026-04-03 23:37:43
5002,1,141552,treatment,2026-04-14 03:11:32
5003,1,141557,control,2026-04-15 15:45:33
5004,1,141578,control,2026-04-16 01:27:49
5005,1,141580,treatment,2026-04-10 18:45:34
5006,1,141585,control,2026-04-06 14:34:47
5007,1,141602,treatment,2026-04-18 15:41:37
5008,1,141605,control,2026-04-16 08:01:02
5009,1,141616,treatment,2026-04-06 23:21:55
5010,1,141628,control,2026-04-19 14:08:18
5011,1,141650,control,2026-04-17 18:20:32
5012,1,141659,treatment,2026-04-08 09:04:42
5013,1,141664,treatment,2026-04-03 23:29:10
5014,1,141691,treatment,2026-04-14 14:47:03
5015,1,141692,control,2026-04-09 05:54:04
5016,1,141701,control,2026-04-18 15:49:02
5017,1,141705,control,2026-04-18 16:41:39
5018,1,141707,control,2026-04-20 02:14:13
5019,1,141711,control,2026-04-03 18:53:24
5020,1,141724,treatment,2026-04-18 10:22:44
5021,1,141746,treatment,2026-04-13 17:50:43
5022,1,141748,treatment,2026-04-17 01:54:33
5023,1,141750,control,2026-04-03 17:50:05
5024,1,141751,treatment,2026-04-14 18:18:29
5025,1,141755,control,2026-04-11 01:49:00
5026,1,141759,treatment,2026-04-20 14:53:18
5027,1,141765,control,2026-04-07 11:55:13
5028,1,141778,control,2026-04-03 17:41:33
5029,1,141787,control,2026-04-12 00:23:37
5030,1,141790,control,2026-04-21 07:22:47
5031,1,141793,control,2026-04-13 01:11:12
5032,1,141798,treatment,2026-04-19 10:57:16
5033,1,141801,treatment,2026-04-06 02:48:37
5034,1,141803,treatment,2026-04-01 00:16:47
5035,1,141819,control,2026-04-14 18:18:33
5036,1,141827,control,2026-04-03 05:27:05
5037,1,141830,control,2026-04-01 03:29:09
5038,1,141834,treatment,2026-04-02 05:28:54
5039,1,141840,control,2026-04-18 14:10:39
5040,1,141842,control,2026-04-15 12:33:35
5041,1,141845,treatment,2026-04-11 13:20:34
5042,1,141857,treatment,2026-04-15 20:19:50
5043,1,141859,control,2026-04-15 00:44:35
5044,1,141864,treatment,2026-04-16 19:44:20
5045,1,141926,treatment,2026-04-07 08:55:15
5046,1,141929,treatment,2026-04-17 12:35:42
5047,1,141930,control,2026-04-15 06:14:28
5048,1,141958,treatment,2026-04-02 16:33:56
5049,1,141961,control,2026-04-17 22:14:05
5050,1,141964,control,2026-04-07 12:59:47
5051,1,141981,control,2026-04-09 09:27:29
5052,1,141982,control,2026-04-16 08:31:22
5053,1,141989,treatment,2026-04-04 06:23:38
5054,1,141990,control,2026-04-05 09:25:21
5055,1,141991,treatment,2026-04-19 08:04:19
5056,1,142004,treatment,2026-04-04 20:51:36
5057,1,142010,treatment,2026-04-03 12:13:56
5058,1,142016,treatment,2026-04-18 05:19:36
5059,1,142025,treatment,2026-04-02 03:39:23
5060,1,142029,control,2026-04-04 22:48:49
5061,1,142036,treatment,2026-04-10 03:36:38
5062,1,142048,control,2026-04-21 13:10:50
5063,1,142067,control,2026-04-04 04:49:30
5064,1,142082,treatment,2026-04-04 22:30:30
5065,1,142094,control,2026-04-04 05:28:09
5066,1,142098,treatment,2026-04-10 13:42:09
5067,1,142132,treatment,2026-04-13 08:30:05
5068,1,142136,control,2026-04-19 14:07:38
5069,1,142137,control,2026-04-21 19:14:07
5070,1,142138,treatment,2026-04-07 16:53:40
5071,1,142154,treatment,2026-04-03 09:48:49
5072,1,142165,control,2026-04-19 14:07:40
5073,1,142173,control,2026-04-03 10:24:45
5074,1,142176,control,2026-04-16 13:18:18
5075,1,142180,treatment,2026-04-02 00:15:44
5076,1,142185,treatment,2026-04-16 02:38:52
5077,1,142206,control,2026-04-17 02:27:45
5078,1,142209,control,2026-04-20 13:11:02
5079,1,142217,control,2026-04-03 00:36:38
5080,1,142218,control,2026-04-02 21:12:54
5081,1,142219,treatment,2026-04-16 01:14:50
5082,1,142248,control,2026-04-04 07:44:57
5083,1,142257,control,2026-04-05 04:12:55
5084,1,142265,control,2026-04-07 22:49:41
5085,1,142267,treatment,2026-04-13 06:12:14
5086,1,142270,treatment,2026-04-12 15:04:46
5087,1,142278,treatment,2026-04-04 22:38:42
5088,1,142283,control,2026-04-11 04:20:48
5089,1,142287,control,2026-04-06 18:26:18
5090,1,142295,control,2026-04-03 19:50:27
5091,1,142306,control,2026-04-17 03:00:54
5092,1,142308,treatment,2026-04-21 04:26:06
5093,1,142316,control,2026-04-05 08:40:17
5094,1,142319,treatment,2026-04-13 08:43:45
5095,1,142320,control,2026-04-04 11:30:39
5096,1,142338,treatment,2026-04-20 03:54:23
5097,1,142359,treatment,2026-04-05 10:59:39
5098,1,142377,control,2026-04-02 01:14:32
5099,1,142380,control,2026-04-01 12:20:37
5100,1,142385,control,2026-04-08 10:12:56
5101,1,142392,control,2026-04-12 22:55:58
5102,1,142398,control,2026-04-06 02:02:28
5103,1,142413,treatment,2026-04-08 04:41:32
5104,1,142418,control,2026-04-07 21:56:20
5105,1,142439,control,2026-04-06 00:53:05
5106,1,142466,control,2026-04-03 11:46:41
5107,1,142470,treatment,2026-04-09 05:50:21
5108,1,142477,control,2026-04-02 21:04:59
5109,1,142479,treatment,2026-04-02 01:17:46
5110,1,142483,treatment,2026-04-02 04:14:26
5111,1,142484,treatment,2026-04-05 11:56:32
5112,1,142488,control,2026-04-05 12:58:32
5113,1,142498,control,2026-04-21 01:53:31
5114,1,142514,treatment,2026-04-04 19:26:33
5115,1,142515,treatment,2026-04-18 18:33:11
5116,1,142517,treatment,2026-04-15 16:50:14
5117,1,142518,treatment,2026-04-14 01:07:04
5118,1,142562,control,2026-04-16 13:07:07
5119,1,142583,treatment,2026-04-03 15:52:34
5120,1,142585,control,2026-04-07 06:19:18
5121,1,142591,control,2026-04-05 00:17:50
5122,1,142596,treatment,2026-04-05 03:34:18
5123,1,142602,control,2026-04-16 20:48:46
5124,1,142612,treatment,2026-04-13 15:45:09
5125,1,142614,treatment,2026-04-17 07:53:29
5126,1,142616,control,2026-04-19 00:03:52
5127,1,142647,control,2026-04-10 22:25:15
5128,1,142650,treatment,2026-04-07 13:15:28
5129,1,142652,control,2026-04-06 03:51:32
5130,1,142653,treatment,2026-04-21 19:26:26
5131,1,142655,treatment,2026-04-08 10:33:02
5132,1,142672,treatment,2026-04-17 19:08:46
5133,1,142699,control,2026-04-01 04:20:54
5134,1,142709,treatment,2026-04-16 02:41:32
5135,1,142710,control,2026-04-09 12:03:17
5136,1,142712,control,2026-04-08 23:06:15
5137,1,142714,treatment,2026-04-03 08:47:24
5138,1,142740,control,2026-04-12 02:59:32
5139,1,142752,treatment,2026-04-13 03:53:15
5140,1,142760,control,2026-04-11 09:59:03
5141,1,142775,treatment,2026-04-05 13:25:45
5142,1,142792,control,2026-04-20 19:02:37
5143,1,142801,treatment,2026-04-19 12:08:50
5144,1,142804,control,2026-04-15 20:23:45
5145,1,142807,control,2026-04-13 05:31:40
5146,1,142814,treatment,2026-04-16 10:13:39
5147,1,142819,control,2026-04-18 05:58:28
5148,1,142827,control,2026-04-16 14:04:56
5149,1,142855,treatment,2026-04-11 08:45:12
5150,1,142858,control,2026-04-15 11:01:54
5151,1,142861,treatment,2026-04-07 13:43:33
5152,1,142878,treatment,2026-04-14 17:30:36
5153,1,142880,control,2026-04-20 16:51:42
5154,1,142881,control,2026-04-06 19:12:35
5155,1,142884,control,2026-04-11 23:18:27
5156,1,142892,control,2026-04-09 08:26:09
5157,1,142895,control,2026-04-02 12:15:10
5158,1,142901,treatment,2026-04-06 14:06:07
5159,1,142902,treatment,2026-04-15 17:19:40
5160,1,142908,control,2026-04-01 21:33:37
5161,1,142911,treatment,2026-04-08 14:32:48
5162,1,142917,treatment,2026-04-06 09:40:45
5163,1,142924,control,2026-04-20 16:50:44
5164,1,142927,treatment,2026-04-09 10:49:41
5165,1,142932,control,2026-04-03 02:37:29
5166,1,142937,treatment,2026-04-16 15:58:31
5167,1,142938,control,2026-04-08 09:06:20
5168,1,142939,treatment,2026-04-05 12:50:07
5169,1,142940,treatment,2026-04-04 20:28:17
5170,1,142968,treatment,2026-04-12 21:17:28
5171,1,143003,treatment,2026-04-17 03:39:22
5172,1,143004,treatment,2026-04-09 21:28:30
5173,1,143007,control,2026-04-11 07:03:18
5174,1,143008,control,2026-04-03 16:36:22
5175,1,143009,control,2026-04-01 17:02:44
5176,1,143020,treatment,2026-04-20 09:17:53
5177,1,143028,treatment,2026-04-18 15:30:48
5178,1,143029,treatment,2026-04-05 13:00:08
5179,1,143033,control,2026-04-02 22:14:04
5180,1,143040,control,2026-04-17 19:39:05
5181,1,143042,treatment,2026-04-15 09:53:46
5182,1,143050,treatment,2026-04-09 23:10:20
5183,1,143066,treatment,2026-04-20 05:06:18
5184,1,143083,control,2026-04-20 17:24:22
5185,1,143088,control,2026-04-04 17:59:29
5186,1,143095,control,2026-04-16 10:26:31
5187,1,143096,control,2026-04-01 06:49:28
5188,1,143103,control,2026-04-15 02:11:10
5189,1,143105,treatment,2026-04-01 00:14:20
5190,1,143106,control,2026-04-10 11:41:11
5191,1,143117,treatment,2026-04-11 04:19:26
5192,1,143122,control,2026-04-13 23:38:10
5193,1,143134,treatment,2026-04-04 23:02:13
5194,1,143135,control,2026-04-02 07:41:48
5195,1,143157,treatment,2026-04-05 23:35:12
5196,1,143166,treatment,2026-04-03 07:27:22
5197,1,143167,treatment,2026-04-01 04:21:40
5198,1,143171,control,2026-04-05 01:02:02
5199,1,143176,treatment,2026-04-15 17:31:07
5200,1,143188,treatment,2026-04-03 09:47:00
5201,1,143194,treatment,2026-04-12 21:43:55
5202,1,143199,control,2026-04-02 12:57:57
5203,1,143201,control,2026-04-21 18:47:30
5204,1,143203,treatment,2026-04-09 16:34:04
5205,1,143209,control,2026-04-13 15:00:57
5206,1,143226,control,2026-04-20 11:31:49
5207,1,143227,treatment,2026-04-16 12:49:10
5208,1,143234,treatment,2026-04-14 16:17:55
5209,1,143236,control,2026-04-16 04:00:58
5210,1,143237,treatment,2026-04-19 19:37:45
5211,1,143242,treatment,2026-04-11 07:59:26
5212,1,143265,control,2026-04-07 11:51:39
5213,1,143277,treatment,2026-04-04 01:30:44
5214,1,143289,treatment,2026-04-21 01:45:48
5215,1,143306,treatment,2026-04-13 00:13:11
5216,1,143313,treatment,2026-04-21 02:53:32
5217,1,143314,treatment,2026-04-03 14:14:51
5218,1,143316,treatment,2026-04-01 13:09:29
5219,1,143327,control,2026-04-10 23:18:01
5220,1,143334,treatment,2026-04-12 05:21:43
5221,1,143335,control,2026-04-21 13:25:14
5222,1,143370,treatment,2026-04-05 14:43:10
5223,1,143377,control,2026-04-12 20:55:45
5224,1,143380,control,2026-04-18 10:03:10
5225,1,143383,treatment,2026-04-19 11:28:40
5226,1,143387,control,2026-04-14 12:22:01
5227,1,143395,control,2026-04-05 23:53:40
5228,1,143402,control,2026-04-01 15:16:04
5229,1,143406,control,2026-04-20 12:39:10
5230,1,143408,control,2026-04-01 13:46:07
5231,1,143415,treatment,2026-04-06 01:57:36
5232,1,143440,control,2026-04-21 17:57:28
5233,1,143447,control,2026-04-10 11:19:18
5234,1,143452,control,2026-04-14 17:07:16
5235,1,143462,treatment,2026-04-08 00:14:58
5236,1,143468,control,2026-04-08 03:31:21
5237,1,143469,treatment,2026-04-01 03:11:25
5238,1,143473,control,2026-04-02 15:56:04
5239,1,143489,control,2026-04-05 11:29:54
5240,1,143494,control,2026-04-07 01:29:20
5241,1,143498,control,2026-04-15 04:18:32
5242,1,143509,treatment,2026-04-07 06:15:39
5243,1,143525,treatment,2026-04-06 00:03:47
5244,1,143532,treatment,2026-04-04 17:52:48
5245,1,143538,treatment,2026-04-14 08:06:44
5246,1,143544,treatment,2026-04-14 01:17:06
5247,1,143551,treatment,2026-04-07 06:09:06
5248,1,143558,control,2026-04-10 15:59:28
5249,1,143580,treatment,2026-04-01 18:13:57
5250,1,143581,treatment,2026-04-10 04:01:06
5251,1,143582,control,2026-04-04 10:02:48
5252,1,143585,control,2026-04-13 15:25:24
5253,1,143593,control,2026-04-06 19:55:42
5254,1,143602,treatment,2026-04-21 21:26:28
5255,1,143604,treatment,2026-04-08 19:01:21
5256,1,143614,treatment,2026-04-09 20:57:21
5257,1,143636,control,2026-04-09 19:07:48
5258,1,143679,treatment,2026-04-13 03:52:22
5259,1,143682,treatment,2026-04-19 00:01:06
5260,1,143683,treatment,2026-04-06 00:26:26
5261,1,143701,treatment,2026-04-09 08:14:29
5262,1,143711,control,2026-04-01 14:13:15
5263,1,143733,treatment,2026-04-16 12:57:00
5264,1,143742,control,2026-04-03 17:57:07
5265,1,143756,treatment,2026-04-04 06:55:10
5266,1,143767,control,2026-04-13 20:34:49
5267,1,143770,control,2026-04-04 12:00:55
5268,1,143779,control,2026-04-11 04:30:39
5269,1,143785,treatment,2026-04-13 10:58:25
5270,1,143786,treatment,2026-04-07 15:17:12
5271,1,143788,control,2026-04-15 09:57:28
5272,1,143790,control,2026-04-03 09:35:03
5273,1,143791,control,2026-04-21 04:44:26
5274,1,143793,control,2026-04-03 01:13:32
5275,1,143801,control,2026-04-05 01:38:28
5276,1,143817,control,2026-04-06 01:34:22
5277,1,143819,control,2026-04-13 05:03:17
5278,1,143820,control,2026-04-03 04:51:49
5279,1,143821,control,2026-04-14 21:41:55
5280,1,143822,control,2026-04-21 10:35:13
5281,1,143828,treatment,2026-04-10 08:56:17
5282,1,143830,control,2026-04-15 14:33:56
5283,1,143832,treatment,2026-04-12 14:03:25
5284,1,143835,control,2026-04-09 19:19:17
5285,1,143839,treatment,2026-04-20 08:55:27
5286,1,143844,treatment,2026-04-05 22:13:21
5287,1,143883,control,2026-04-03 02:50:45
5288,1,143888,treatment,2026-04-14 21:54:35
5289,1,143896,treatment,2026-04-08 14:54:36
5290,1,143900,control,2026-04-17 16:05:38
5291,1,143903,control,2026-04-01 02:35:27
5292,1,143917,control,2026-04-18 09:43:40
5293,1,143926,treatment,2026-04-04 00:07:37
5294,1,143931,control,2026-04-21 03:12:34
5295,1,143932,control,2026-04-01 19:19:02
5296,1,143939,treatment,2026-04-17 08:23:40
5297,1,143963,control,2026-04-21 07:59:57
5298,1,143964,control,2026-04-04 10:53:11
5299,1,143978,control,2026-04-13 23:22:50
5300,1,143993,control,2026-04-03 18:08:20
5301,1,143999,treatment,2026-04-14 10:17:01
5302,1,144023,control,2026-04-19 11:07:47
5303,1,144029,control,2026-04-19 18:19:43
5304,1,144045,treatment,2026-04-21 18:26:14
5305,1,144060,control,2026-04-16 10:00:42
5306,1,144096,treatment,2026-04-11 07:10:05
5307,1,144097,treatment,2026-04-05 10:05:30
5308,1,144112,control,2026-04-19 14:31:02
5309,1,144139,control,2026-04-17 11:42:34
5310,1,144144,control,2026-04-08 02:11:36
5311,1,144146,treatment,2026-04-11 08:22:02
5312,1,144151,treatment,2026-04-01 05:02:15
5313,1,144162,control,2026-04-17 06:02:54
5314,1,144167,control,2026-04-08 01:22:24
5315,1,144175,control,2026-04-09 16:10:19
5316,1,144177,control,2026-04-15 14:40:13
5317,1,144186,treatment,2026-04-04 11:07:45
5318,1,144195,treatment,2026-04-19 04:04:02
5319,1,144202,control,2026-04-04 03:07:35
5320,1,144228,control,2026-04-12 20:33:41
5321,1,144248,control,2026-04-17 13:03:16
5322,1,144264,treatment,2026-04-12 20:37:47
5323,1,144268,treatment,2026-04-09 16:15:42
5324,1,144297,control,2026-04-19 04:04:33
5325,1,144304,treatment,2026-04-18 22:47:47
5326,1,144311,control,2026-04-01 21:01:09
5327,1,144316,treatment,2026-04-06 13:57:01
5328,1,144342,treatment,2026-04-09 00:29:50
5329,1,144344,control,2026-04-16 13:46:52
5330,1,144346,control,2026-04-09 01:06:33
5331,1,144347,treatment,2026-04-21 03:41:10
5332,1,144371,treatment,2026-04-18 13:24:32
5333,1,144373,treatment,2026-04-10 05:16:43
5334,1,144378,treatment,2026-04-03 14:07:36
5335,1,144381,treatment,2026-04-02 07:58:46
5336,1,144382,treatment,2026-04-17 17:17:41
5337,1,144384,treatment,2026-04-15 06:06:26
5338,1,144387,treatment,2026-04-18 05:32:54
5339,1,144392,treatment,2026-04-14 21:54:56
5340,1,144405,treatment,2026-04-11 03:00:49
5341,1,144417,control,2026-04-19 13:51:29
5342,1,144442,treatment,2026-04-06 06:46:40
5343,1,144468,treatment,2026-04-02 23:58:58
5344,1,144469,treatment,2026-04-02 12:12:21
5345,1,144471,control,2026-04-21 09:49:49
5346,1,144478,treatment,2026-04-19 00:51:39
5347,1,144482,control,2026-04-11 05:14:53
5348,1,144488,control,2026-04-05 20:41:43
5349,1,144512,control,2026-04-18 20:44:49
5350,1,144516,treatment,2026-04-08 08:19:16
5351,1,144542,control,2026-04-20 23:49:38
5352,1,144543,control,2026-04-19 10:47:55
5353,1,144553,control,2026-04-19 17:47:10
5354,1,144565,treatment,2026-04-19 07:10:04
5355,1,144568,treatment,2026-04-07 04:21:41
5356,1,144570,treatment,2026-04-04 21:42:11
5357,1,144572,control,2026-04-05 14:37:04
5358,1,144583,treatment,2026-04-17 05:34:00
5359,1,144604,treatment,2026-04-12 09:33:34
5360,1,144605,control,2026-04-06 12:48:47
5361,1,144606,control,2026-04-12 17:29:30
5362,1,144610,treatment,2026-04-16 04:56:28
5363,1,144620,control,2026-04-21 00:14:14
5364,1,144621,control,2026-04-17 19:31:31
5365,1,144639,treatment,2026-04-14 23:28:48
5366,1,144648,control,2026-04-11 18:16:32
5367,1,144661,control,2026-04-18 01:23:25
5368,1,144662,control,2026-04-15 08:57:21
5369,1,144670,control,2026-04-03 09:28:28
5370,1,144675,control,2026-04-03 12:54:33
5371,1,144677,control,2026-04-21 15:47:38
5372,1,144680,treatment,2026-04-04 12:00:10
5373,1,144687,treatment,2026-04-07 03:41:12
5374,1,144694,control,2026-04-14 20:58:13
5375,1,144699,control,2026-04-11 03:24:34
5376,1,144705,treatment,2026-04-02 21:00:48
5377,1,144706,treatment,2026-04-16 04:08:17
5378,1,144709,treatment,2026-04-21 07:16:22
5379,1,144730,control,2026-04-19 23:48:58
5380,1,144743,control,2026-04-16 11:30:04
5381,1,144749,treatment,2026-04-02 22:11:44
5382,1,144759,treatment,2026-04-16 03:04:41
5383,1,144770,control,2026-04-03 08:13:06
5384,1,144798,control,2026-04-08 21:49:52
5385,1,144827,treatment,2026-04-01 06:45:46
5386,1,144841,control,2026-04-06 04:53:37
5387,1,144856,control,2026-04-02 08:53:14
5388,1,144871,control,2026-04-19 01:39:43
5389,1,144877,control,2026-04-13 19:30:10
5390,1,144878,treatment,2026-04-12 06:22:31
5391,1,144888,treatment,2026-04-01 20:38:59
5392,1,144889,treatment,2026-04-16 04:54:15
5393,1,144899,treatment,2026-04-18 04:08:51
5394,1,144903,control,2026-04-03 20:01:03
5395,1,144912,treatment,2026-04-10 02:01:55
5396,1,144934,control,2026-04-20 10:20:40
5397,1,144947,treatment,2026-04-14 11:05:27
5398,1,144952,treatment,2026-04-15 17:26:40
5399,1,144956,control,2026-04-12 16:48:54
5400,1,144959,treatment,2026-04-18 11:25:10
5401,1,144981,treatment,2026-04-01 21:00:57
5402,1,144986,control,2026-04-16 06:16:23
5403,1,144989,treatment,2026-04-15 09:02:14
5404,1,145000,control,2026-04-13 11:27:07
5405,1,145004,treatment,2026-04-15 23:03:44
5406,1,145014,control,2026-04-20 04:18:33
5407,1,145027,treatment,2026-04-05 09:47:59
5408,1,145029,treatment,2026-04-21 13:29:39
5409,1,145030,control,2026-04-18 01:03:02
5410,1,145047,treatment,2026-04-10 05:19:44
5411,1,145052,treatment,2026-04-19 02:06:47
5412,1,145072,control,2026-04-02 13:26:40
5413,1,145076,control,2026-04-05 19:59:17
5414,1,145089,control,2026-04-20 18:03:05
5415,1,145098,control,2026-04-07 19:11:17
5416,1,145104,treatment,2026-04-20 00:38:29
5417,1,145108,treatment,2026-04-20 04:48:30
5418,1,145109,control,2026-04-10 20:12:55
5419,1,145112,treatment,2026-04-08 16:12:15
5420,1,145113,treatment,2026-04-09 05:10:20
5421,1,145119,control,2026-04-21 18:20:20
5422,1,145135,control,2026-04-20 09:00:55
5423,1,145137,treatment,2026-04-06 23:54:52
5424,1,145140,control,2026-04-15 09:45:30
5425,1,145142,treatment,2026-04-11 09:35:12
5426,1,145162,control,2026-04-02 02:23:00
5427,1,145170,treatment,2026-04-05 10:50:26
5428,1,145173,control,2026-04-21 22:28:00
5429,1,145203,control,2026-04-02 23:10:24
5430,1,145208,treatment,2026-04-04 23:36:30
5431,1,145209,control,2026-04-09 21:47:42
5432,1,145218,control,2026-04-01 11:55:55
5433,1,145224,treatment,2026-04-06 14:18:39
5434,1,145234,control,2026-04-02 15:03:13
5435,1,145240,control,2026-04-13 09:47:39
5436,1,145245,control,2026-04-18 08:53:59
5437,1,145251,control,2026-04-15 10:39:22
5438,1,145258,treatment,2026-04-11 06:03:37
5439,1,145259,treatment,2026-04-19 13:35:56
5440,1,145267,treatment,2026-04-11 14:28:10
5441,1,145270,treatment,2026-04-01 17:48:33
5442,1,145271,control,2026-04-07 07:04:46
5443,1,145275,treatment,2026-04-09 08:05:17
5444,1,145291,treatment,2026-04-08 14:39:14
5445,1,145294,treatment,2026-04-02 05:00:05
5446,1,145308,control,2026-04-21 00:01:43
5447,1,145314,treatment,2026-04-08 19:10:39
5448,1,145322,treatment,2026-04-18 14:17:25
5449,1,145331,treatment,2026-04-14 01:03:33
5450,1,145332,treatment,2026-04-10 23:24:29
5451,1,145343,control,2026-04-18 17:36:03
5452,1,145351,treatment,2026-04-08 09:38:11
5453,1,145352,treatment,2026-04-03 12:46:17
5454,1,145357,control,2026-04-18 04:51:37
5455,1,145372,control,2026-04-11 19:33:08
5456,1,145379,control,2026-04-10 22:26:03
5457,1,145382,treatment,2026-04-02 16:08:44
5458,1,145396,treatment,2026-04-09 11:59:05
5459,1,145412,control,2026-04-08 22:24:57
5460,1,145418,treatment,2026-04-02 22:26:37
5461,1,145456,control,2026-04-18 01:33:05
5462,1,145459,treatment,2026-04-21 23:40:08
5463,1,145467,treatment,2026-04-06 06:30:51
5464,1,145472,treatment,2026-04-21 22:14:48
5465,1,145475,control,2026-04-06 17:32:10
5466,1,145480,treatment,2026-04-15 18:35:41
5467,1,145482,control,2026-04-01 04:44:39
5468,1,145493,treatment,2026-04-07 12:39:44
5469,1,145526,treatment,2026-04-21 21:16:47
5470,1,145553,treatment,2026-04-20 21:24:34
5471,1,145554,treatment,2026-04-07 13:58:50
5472,1,145557,treatment,2026-04-21 17:21:37
5473,1,145580,control,2026-04-03 07:27:26
5474,1,145587,control,2026-04-05 19:49:06
5475,1,145600,treatment,2026-04-08 02:43:04
5476,1,145601,treatment,2026-04-11 16:20:55
5477,1,145603,control,2026-04-17 18:37:17
5478,1,145619,treatment,2026-04-21 18:50:28
5479,1,145631,treatment,2026-04-06 17:50:11
5480,1,145636,control,2026-04-21 10:58:34
5481,1,145644,control,2026-04-06 23:05:56
5482,1,145647,control,2026-04-07 11:31:07
5483,1,145655,control,2026-04-18 00:52:40
5484,1,145672,treatment,2026-04-01 22:27:37
5485,1,145681,treatment,2026-04-11 19:32:00
5486,1,145682,treatment,2026-04-03 00:18:46
5487,1,145686,treatment,2026-04-17 19:11:37
5488,1,145687,control,2026-04-20 22:33:51
5489,1,145702,treatment,2026-04-02 11:24:01
5490,1,145711,control,2026-04-07 03:36:49
5491,1,145713,control,2026-04-12 10:25:59
5492,1,145716,control,2026-04-19 13:52:14
5493,1,145721,treatment,2026-04-04 01:25:18
5494,1,145748,treatment,2026-04-17 20:59:06
5495,1,145749,treatment,2026-04-01 04:05:58
5496,1,145759,treatment,2026-04-04 02:06:07
5497,1,145766,treatment,2026-04-04 16:06:20
5498,1,145767,treatment,2026-04-03 02:21:30
5499,1,145768,control,2026-04-19 15:54:53
5500,1,145787,control,2026-04-10 05:08:14
5501,1,145795,control,2026-04-11 08:39:28
5502,1,145797,control,2026-04-14 20:21:06
5503,1,145809,control,2026-04-07 15:00:10
5504,1,145811,control,2026-04-14 13:25:05
5505,1,145816,control,2026-04-21 09:34:13
5506,1,145821,control,2026-04-01 23:03:21
5507,1,145830,control,2026-04-10 18:31:40
5508,1,145831,control,2026-04-05 19:49:10
5509,1,145832,control,2026-04-09 05:13:18
5510,1,145836,control,2026-04-03 06:51:12
5511,1,145851,treatment,2026-04-20 17:00:57
5512,1,145862,control,2026-04-21 23:44:29
5513,1,145867,control,2026-04-19 06:11:37
5514,1,145881,treatment,2026-04-02 10:47:27
5515,1,145884,treatment,2026-04-01 15:00:00
5516,1,145888,treatment,2026-04-16 15:07:26
5517,1,145896,treatment,2026-04-02 13:38:32
5518,1,145902,control,2026-04-06 15:23:01
5519,1,145908,control,2026-04-11 00:26:27
5520,1,145912,control,2026-04-16 05:21:04
5521,1,145916,control,2026-04-17 05:12:42
5522,1,145935,control,2026-04-15 20:30:55
5523,1,145940,treatment,2026-04-17 10:19:27
5524,1,145950,control,2026-04-15 00:57:50
5525,1,145969,treatment,2026-04-05 15:56:37
5526,1,145972,control,2026-04-19 14:48:59
5527,1,145976,treatment,2026-04-15 16:39:57
5528,1,145988,treatment,2026-04-12 09:19:42
5529,1,145994,control,2026-04-06 10:17:33
5530,1,145998,control,2026-04-04 05:59:31
5531,1,146011,treatment,2026-04-12 22:47:44
5532,1,146012,control,2026-04-18 03:10:55
5533,1,146023,control,2026-04-12 05:41:55
5534,1,146031,treatment,2026-04-18 14:54:12
5535,1,146039,treatment,2026-04-20 14:00:30
5536,1,146061,control,2026-04-10 17:37:07
5537,1,146076,control,2026-04-06 08:07:30
5538,1,146080,treatment,2026-04-05 15:04:13
5539,1,146082,control,2026-04-13 09:11:53
5540,1,146097,treatment,2026-04-17 11:23:15
5541,1,146110,treatment,2026-04-09 23:06:02
5542,1,146112,control,2026-04-09 16:02:59
5543,1,146120,control,2026-04-17 05:53:58
5544,1,146132,treatment,2026-04-04 15:46:52
5545,1,146150,treatment,2026-04-05 09:07:42
5546,1,146152,treatment,2026-04-17 18:13:30
5547,1,146168,treatment,2026-04-10 23:51:09
5548,1,146169,control,2026-04-01 19:22:44
5549,1,146182,control,2026-04-13 11:55:01
5550,1,146183,control,2026-04-13 22:16:29
5551,1,146196,treatment,2026-04-19 13:42:27
5552,1,146208,treatment,2026-04-11 00:46:59
5553,1,146214,control,2026-04-09 06:38:53
5554,1,146220,control,2026-04-02 10:04:04
5555,1,146227,control,2026-04-21 07:45:07
5556,1,146243,treatment,2026-04-11 06:22:38
5557,1,146246,treatment,2026-04-20 21:36:49
5558,1,146261,treatment,2026-04-18 07:52:25
5559,1,146276,control,2026-04-06 07:47:15
5560,1,146277,treatment,2026-04-11 06:18:51
5561,1,146300,control,2026-04-13 17:49:29
5562,1,146306,control,2026-04-13 16:06:39
5563,1,146307,control,2026-04-03 10:38:08
5564,1,146311,control,2026-04-12 15:07:16
5565,1,146323,treatment,2026-04-17 10:25:49
5566,1,146325,treatment,2026-04-02 15:15:20
5567,1,146340,control,2026-04-14 08:49:39
5568,1,146348,treatment,2026-04-20 01:36:17
5569,1,146362,treatment,2026-04-21 02:47:15
5570,1,146379,treatment,2026-04-21 22:00:32
5571,1,146404,treatment,2026-04-02 04:18:44
5572,1,146407,treatment,2026-04-18 17:43:37
5573,1,146408,treatment,2026-04-07 04:44:19
5574,1,146425,control,2026-04-11 09:12:38
5575,1,146432,control,2026-04-01 00:29:33
5576,1,146434,treatment,2026-04-04 23:12:33
5577,1,146437,control,2026-04-04 19:04:47
5578,1,146448,treatment,2026-04-02 08:02:46
5579,1,146460,control,2026-04-07 11:04:11
5580,1,146463,treatment,2026-04-03 20:11:22
5581,1,146475,control,2026-04-21 08:06:35
5582,1,146477,treatment,2026-04-12 17:06:20
5583,1,146499,control,2026-04-13 14:45:03
5584,1,146501,control,2026-04-04 12:52:40
5585,1,146505,control,2026-04-05 21:21:34
5586,1,146507,control,2026-04-01 10:16:34
5587,1,146512,control,2026-04-04 13:04:20
5588,1,146514,control,2026-04-12 06:06:26
5589,1,146515,control,2026-04-05 18:49:09
5590,1,146526,treatment,2026-04-12 04:30:09
5591,1,146529,control,2026-04-02 02:12:37
5592,1,146534,treatment,2026-04-11 03:28:57
5593,1,146545,treatment,2026-04-12 19:32:55
5594,1,146550,treatment,2026-04-18 04:56:26
5595,1,146558,treatment,2026-04-08 09:52:57
5596,1,146564,treatment,2026-04-16 20:27:54
5597,1,146565,treatment,2026-04-02 21:36:29
5598,1,146576,control,2026-04-08 14:29:43
5599,1,146580,control,2026-04-04 16:47:35
5600,1,146611,control,2026-04-21 01:37:29
5601,1,146613,treatment,2026-04-12 07:42:55
5602,1,146628,control,2026-04-14 11:47:26
5603,1,146630,treatment,2026-04-03 22:26:21
5604,1,146647,treatment,2026-04-04 11:18:44
5605,1,146649,control,2026-04-04 16:14:41
5606,1,146662,treatment,2026-04-14 16:03:08
5607,1,146670,treatment,2026-04-13 15:26:09
5608,1,146672,control,2026-04-02 14:29:08
5609,1,146689,treatment,2026-04-04 14:59:43
5610,1,146690,control,2026-04-17 09:32:53
5611,1,146693,control,2026-04-18 22:04:24
5612,1,146694,control,2026-04-17 06:59:27
5613,1,146696,control,2026-04-20 12:51:51
5614,1,146708,treatment,2026-04-09 04:12:56
5615,1,146712,treatment,2026-04-19 18:27:13
5616,1,146715,control,2026-04-18 07:06:31
5617,1,146733,control,2026-04-05 02:05:58
5618,1,146740,treatment,2026-04-16 23:28:45
5619,1,146746,control,2026-04-19 12:52:45
5620,1,146762,treatment,2026-04-01 06:43:41
5621,1,146765,control,2026-04-05 02:36:21
5622,1,146766,treatment,2026-04-09 03:53:17
5623,1,146775,control,2026-04-01 13:20:04
5624,1,146777,treatment,2026-04-11 03:17:46
5625,1,146795,control,2026-04-19 12:37:42
5626,1,146797,control,2026-04-15 22:44:44
5627,1,146837,control,2026-04-12 23:15:19
5628,1,146854,treatment,2026-04-01 14:19:05
5629,1,146868,treatment,2026-04-08 10:57:18
5630,1,146869,treatment,2026-04-03 02:28:31
5631,1,146875,control,2026-04-11 22:04:29
5632,1,146878,treatment,2026-04-05 18:31:55
5633,1,146880,control,2026-04-17 19:14:18
5634,1,146882,treatment,2026-04-19 00:32:33
5635,1,146886,treatment,2026-04-20 12:22:54
5636,1,146900,control,2026-04-01 23:36:12
5637,1,146901,control,2026-04-08 07:46:37
5638,1,146924,control,2026-04-04 11:55:19
5639,1,146937,treatment,2026-04-14 23:20:01
5640,1,146939,control,2026-04-14 16:23:43
5641,1,146941,treatment,2026-04-07 14:55:20
5642,1,146942,control,2026-04-05 00:44:11
5643,1,146945,treatment,2026-04-01 08:07:58
5644,1,146946,treatment,2026-04-13 03:05:11
5645,1,146955,control,2026-04-19 09:50:00
5646,1,146962,control,2026-04-19 14:26:56
5647,1,146966,treatment,2026-04-17 02:10:08
5648,1,146976,treatment,2026-04-12 19:10:55
5649,1,146995,control,2026-04-16 04:19:26
5650,1,147000,control,2026-04-01 03:20:29
5651,1,147002,control,2026-04-21 15:17:06
5652,1,147007,control,2026-04-19 08:48:23
5653,1,147012,treatment,2026-04-20 20:25:14
5654,1,147026,treatment,2026-04-01 15:26:23
5655,1,147060,control,2026-04-20 11:44:22
5656,1,147069,treatment,2026-04-09 09:17:18
5657,1,147073,treatment,2026-04-14 22:07:05
5658,1,147078,control,2026-04-08 13:37:44
5659,1,147079,treatment,2026-04-19 12:16:46
5660,1,147085,treatment,2026-04-04 02:28:16
5661,1,147091,control,2026-04-03 13:35:04
5662,1,147103,control,2026-04-08 16:20:10
5663,1,147104,control,2026-04-08 11:50:33
5664,1,147107,treatment,2026-04-14 19:05:27
5665,1,147130,treatment,2026-04-15 18:45:52
5666,1,147135,treatment,2026-04-15 07:42:51
5667,1,147146,treatment,2026-04-02 17:05:43
5668,1,147175,treatment,2026-04-12 12:39:00
5669,1,147188,control,2026-04-15 23:17:35
5670,1,147192,treatment,2026-04-15 23:30:04
5671,1,147201,control,2026-04-11 23:00:42
5672,1,147204,control,2026-04-13 20:14:01
5673,1,147205,treatment,2026-04-19 05:06:30
5674,1,147212,control,2026-04-21 21:50:58
5675,1,147217,control,2026-04-12 19:01:30
5676,1,147229,control,2026-04-04 17:32:49
5677,1,147234,treatment,2026-04-02 05:14:45
5678,1,147235,control,2026-04-16 18:30:41
5679,1,147236,control,2026-04-17 02:59:38
5680,1,147238,control,2026-04-19 07:16:14
5681,1,147247,treatment,2026-04-02 08:29:37
5682,1,147250,treatment,2026-04-21 01:00:18
5683,1,147258,treatment,2026-04-21 23:40:56
5684,1,147260,treatment,2026-04-08 06:25:02
5685,1,147263,treatment,2026-04-05 03:55:14
5686,1,147270,treatment,2026-04-13 01:34:41
5687,1,147274,control,2026-04-03 20:47:34
5688,1,147277,treatment,2026-04-13 12:30:02
5689,1,147278,treatment,2026-04-06 03:35:10
5690,1,147282,control,2026-04-05 17:15:35
5691,1,147283,treatment,2026-04-07 05:35:53
5692,1,147288,treatment,2026-04-13 01:56:44
5693,1,147289,control,2026-04-11 19:57:59
5694,1,147290,treatment,2026-04-11 08:16:13
5695,1,147291,treatment,2026-04-09 10:08:00
5696,1,147296,control,2026-04-02 14:29:54
5697,1,147303,control,2026-04-11 01:48:26
5698,1,147314,treatment,2026-04-08 07:21:04
5699,1,147322,control,2026-04-03 16:34:59
5700,1,147323,control,2026-04-18 10:24:48
5701,1,147339,treatment,2026-04-04 00:21:35
5702,1,147345,treatment,2026-04-01 17:19:48
5703,1,147351,control,2026-04-15 00:46:08
5704,1,147380,control,2026-04-13 09:17:11
5705,1,147387,treatment,2026-04-02 14:37:10
5706,1,147390,treatment,2026-04-21 15:33:36
5707,1,147404,control,2026-04-10 23:22:10
5708,1,147411,control,2026-04-07 23:57:16
5709,1,147419,treatment,2026-04-07 04:52:34
5710,1,147423,control,2026-04-12 11:52:04
5711,1,147424,treatment,2026-04-09 18:20:41
5712,1,147428,control,2026-04-18 17:26:37
5713,1,147446,treatment,2026-04-08 05:44:18
5714,1,147448,control,2026-04-07 11:55:06
5715,1,147454,treatment,2026-04-08 03:45:57
5716,1,147467,treatment,2026-04-14 20:54:44
5717,1,147470,treatment,2026-04-06 03:06:29
5718,1,147482,control,2026-04-03 05:04:52
5719,1,147483,treatment,2026-04-08 17:04:55
5720,1,147484,control,2026-04-09 00:35:05
5721,1,147491,control,2026-04-06 05:38:05
5722,1,147493,control,2026-04-08 09:59:05
5723,1,147496,control,2026-04-11 04:39:38
5724,1,147503,treatment,2026-04-14 13:54:11
5725,1,147535,treatment,2026-04-05 03:55:10
5726,1,147539,treatment,2026-04-13 20:29:28
5727,1,147540,treatment,2026-04-14 04:41:59
5728,1,147542,treatment,2026-04-21 13:07:45
5729,1,147549,control,2026-04-13 23:54:20
5730,1,147551,control,2026-04-20 21:17:32
5731,1,147567,control,2026-04-06 00:09:16
5732,1,147575,treatment,2026-04-15 07:37:41
5733,1,147589,treatment,2026-04-15 07:06:37
5734,1,147594,control,2026-04-12 00:31:59
5735,1,147612,control,2026-04-06 14:46:17
5736,1,147620,control,2026-04-12 20:10:11
5737,1,147624,control,2026-04-21 03:09:36
5738,1,147625,control,2026-04-19 20:54:34
5739,1,147626,control,2026-04-21 17:33:41
5740,1,147637,treatment,2026-04-12 13:59:21
5741,1,147639,treatment,2026-04-01 21:30:42
5742,1,147646,control,2026-04-16 10:08:36
5743,1,147652,control,2026-04-21 19:22:32
5744,1,147655,control,2026-04-18 22:45:49
5745,1,147666,control,2026-04-19 22:20:44
5746,1,147671,treatment,2026-04-17 09:08:10
5747,1,147676,treatment,2026-04-18 23:56:34
5748,1,147679,control,2026-04-01 12:00:10
5749,1,147687,treatment,2026-04-16 04:39:05
5750,1,147698,control,2026-04-18 02:50:19
5751,1,147716,control,2026-04-13 08:47:19
5752,1,147724,control,2026-04-02 09:44:17
5753,1,147730,treatment,2026-04-12 22:09:20
5754,1,147736,control,2026-04-01 04:10:27
5755,1,147740,control,2026-04-18 11:44:20
5756,1,147749,control,2026-04-11 21:10:45
5757,1,147761,treatment,2026-04-02 23:29:52
5758,1,147772,treatment,2026-04-03 20:15:09
5759,1,147776,control,2026-04-20 02:45:20
5760,1,147779,treatment,2026-04-12 21:00:14
5761,1,147787,control,2026-04-08 15:26:10
5762,1,147797,control,2026-04-17 03:30:48
5763,1,147807,treatment,2026-04-05 23:27:33
5764,1,147813,treatment,2026-04-09 23:11:33
5765,1,147814,control,2026-04-11 14:49:59
5766,1,147815,treatment,2026-04-18 18:41:00
5767,1,147822,control,2026-04-02 06:03:27
5768,1,147826,control,2026-04-07 22:27:38
5769,1,147827,control,2026-04-14 03:30:47
5770,1,147833,treatment,2026-04-09 14:37:10
5771,1,147835,treatment,2026-04-21 13:37:44
5772,1,147840,control,2026-04-08 19:39:44
5773,1,147843,control,2026-04-16 05:10:39
5774,1,147845,treatment,2026-04-08 14:32:41
5775,1,147848,control,2026-04-17 01:35:29
5776,1,147861,control,2026-04-17 10:49:13
5777,1,147862,treatment,2026-04-14 20:47:45
5778,1,147875,treatment,2026-04-18 02:37:33
5779,1,147885,treatment,2026-04-07 18:43:35
5780,1,147886,control,2026-04-19 04:47:43
5781,1,147892,treatment,2026-04-21 10:44:50
5782,1,147896,treatment,2026-04-09 06:52:50
5783,1,147901,control,2026-04-04 17:04:03
5784,1,147910,control,2026-04-17 20:32:51
5785,1,147940,treatment,2026-04-17 11:26:55
5786,1,147942,control,2026-04-15 13:11:12
5787,1,147944,control,2026-04-01 02:56:05
5788,1,147953,treatment,2026-04-15 09:17:50
5789,1,147990,control,2026-04-11 04:29:11
5790,1,148004,treatment,2026-04-17 19:40:45
5791,1,148014,treatment,2026-04-04 01:33:50
5792,1,148022,control,2026-04-03 18:49:33
5793,1,148031,control,2026-04-08 06:26:51
5794,1,148034,control,2026-04-12 09:41:39
5795,1,148038,treatment,2026-04-19 09:40:50
5796,1,148039,control,2026-04-15 07:59:24
5797,1,148050,treatment,2026-04-18 16:33:16
5798,1,148052,control,2026-04-21 08:41:59
5799,1,148057,control,2026-04-01 12:21:09
5800,1,148058,treatment,2026-04-04 12:38:47
5801,1,148059,treatment,2026-04-13 21:11:35
5802,1,148062,control,2026-04-12 17:46:28
5803,1,148063,control,2026-04-06 01:49:46
5804,1,148069,control,2026-04-20 07:53:34
5805,1,148076,treatment,2026-04-14 17:17:34
5806,1,148084,treatment,2026-04-15 17:17:50
5807,1,148085,control,2026-04-01 11:43:23
5808,1,148103,control,2026-04-05 23:17:13
5809,1,148109,treatment,2026-04-04 10:13:14
5810,1,148142,treatment,2026-04-06 21:39:12
5811,1,148164,treatment,2026-04-07 09:27:24
5812,1,148179,control,2026-04-10 16:48:27
5813,1,148185,treatment,2026-04-10 18:46:21
5814,1,148189,control,2026-04-17 06:15:52
5815,1,148192,control,2026-04-06 02:11:56
5816,1,148205,control,2026-04-15 16:00:37
5817,1,148207,control,2026-04-09 14:50:01
5818,1,148214,control,2026-04-16 08:22:34
5819,1,148226,control,2026-04-14 22:57:20
5820,1,148236,treatment,2026-04-03 07:51:18
5821,1,148242,treatment,2026-04-08 10:30:38
5822,1,148260,treatment,2026-04-11 09:34:57
5823,1,148271,control,2026-04-09 18:25:04
5824,1,148300,treatment,2026-04-08 20:38:55
5825,1,148305,control,2026-04-01 02:36:29
5826,1,148309,control,2026-04-03 17:29:14
5827,1,148318,control,2026-04-08 11:37:34
5828,1,148326,control,2026-04-06 19:25:25
5829,1,148332,treatment,2026-04-07 19:02:14
5830,1,148337,treatment,2026-04-06 03:24:23
5831,1,148341,treatment,2026-04-08 12:18:15
5832,1,148348,control,2026-04-08 17:07:07
5833,1,148361,control,2026-04-10 14:31:59
5834,1,148365,control,2026-04-17 21:12:20
5835,1,148370,treatment,2026-04-13 04:52:56
5836,1,148377,control,2026-04-09 06:19:17
5837,1,148379,treatment,2026-04-08 22:03:50
5838,1,148388,control,2026-04-21 19:48:28
5839,1,148390,treatment,2026-04-03 09:26:11
5840,1,148394,control,2026-04-09 17:49:50
5841,1,148397,control,2026-04-11 13:05:26
5842,1,148398,control,2026-04-04 08:05:51
5843,1,148399,control,2026-04-03 20:24:01
5844,1,148406,treatment,2026-04-03 01:30:37
5845,1,148407,control,2026-04-13 14:43:56
5846,1,148408,control,2026-04-06 08:41:27
5847,1,148409,control,2026-04-12 05:14:03
5848,1,148432,treatment,2026-04-13 20:29:12
5849,1,148433,treatment,2026-04-03 23:47:07
5850,1,148436,control,2026-04-07 14:55:33
5851,1,148443,treatment,2026-04-17 05:24:49
5852,1,148478,treatment,2026-04-06 03:14:54
5853,1,148479,control,2026-04-01 14:39:41
5854,1,148486,treatment,2026-04-11 18:20:02
5855,1,148488,treatment,2026-04-07 13:10:28
5856,1,148503,control,2026-04-09 16:59:02
5857,1,148516,control,2026-04-11 13:10:29
5858,1,148523,treatment,2026-04-04 19:03:29
5859,1,148524,control,2026-04-01 21:38:54
5860,1,148531,treatment,2026-04-20 04:35:05
5861,1,148539,treatment,2026-04-19 00:53:19
5862,1,148540,treatment,2026-04-06 05:16:00
5863,1,148556,treatment,2026-04-12 23:05:43
5864,1,148565,control,2026-04-14 11:43:33
5865,1,148571,treatment,2026-04-19 03:43:51
5866,1,148572,control,2026-04-11 11:26:45
5867,1,148590,control,2026-04-19 00:18:51
5868,1,148602,control,2026-04-16 06:14:38
5869,1,148604,control,2026-04-08 10:34:59
5870,1,148612,treatment,2026-04-09 03:53:36
5871,1,148615,treatment,2026-04-13 03:13:29
5872,1,148636,control,2026-04-21 07:59:27
5873,1,148643,treatment,2026-04-16 21:35:07
5874,1,148659,treatment,2026-04-15 12:47:13
5875,1,148662,control,2026-04-07 16:58:17
5876,1,148669,treatment,2026-04-07 02:50:44
5877,1,148688,treatment,2026-04-03 20:39:51
5878,1,148689,control,2026-04-06 21:43:41
5879,1,148703,control,2026-04-12 05:15:25
5880,1,148718,control,2026-04-21 19:39:08
5881,1,148723,control,2026-04-20 21:31:15
5882,1,148726,control,2026-04-14 03:58:11
5883,1,148730,control,2026-04-09 12:12:54
5884,1,148733,control,2026-04-16 03:04:34
5885,1,148738,treatment,2026-04-19 09:42:17
5886,1,148747,treatment,2026-04-21 11:59:21
5887,1,148751,control,2026-04-18 23:14:36
5888,1,148755,treatment,2026-04-21 06:09:45
5889,1,148767,control,2026-04-21 02:09:04
5890,1,148782,control,2026-04-03 20:06:05
5891,1,148811,control,2026-04-15 11:21:33
5892,1,148826,control,2026-04-05 03:14:07
5893,1,148841,control,2026-04-03 03:29:30
5894,1,148842,treatment,2026-04-08 05:26:53
5895,1,148846,treatment,2026-04-04 22:36:54
5896,1,148847,control,2026-04-17 15:31:52
5897,1,148848,control,2026-04-08 23:52:09
5898,1,148853,control,2026-04-02 19:35:43
5899,1,148855,control,2026-04-04 05:23:42
5900,1,148870,treatment,2026-04-08 15:22:24
5901,1,148871,control,2026-04-06 01:37:29
5902,1,148873,control,2026-04-07 16:13:21
5903,1,148876,control,2026-04-17 19:58:52
5904,1,148898,control,2026-04-01 01:54:19
5905,1,148899,treatment,2026-04-08 06:13:05
5906,1,148905,treatment,2026-04-18 12:38:02
5907,1,148945,treatment,2026-04-11 16:59:08
5908,1,148950,treatment,2026-04-02 08:30:53
5909,1,148956,treatment,2026-04-09 16:53:55
5910,1,148964,control,2026-04-17 16:58:02
5911,1,148981,treatment,2026-04-05 15:36:06
5912,1,148983,control,2026-04-01 19:58:42
5913,1,148984,treatment,2026-04-09 14:51:17
5914,1,148993,control,2026-04-14 19:05:33
5915,1,148995,treatment,2026-04-10 00:30:50
5916,1,149009,treatment,2026-04-17 18:53:58
5917,1,149015,treatment,2026-04-04 17:41:10
5918,1,149016,treatment,2026-04-04 17:28:27
5919,1,149020,treatment,2026-04-15 12:25:00
5920,1,149025,treatment,2026-04-18 04:29:53
5921,1,149028,treatment,2026-04-14 13:30:38
5922,1,149035,treatment,2026-04-21 19:10:23
5923,1,149036,control,2026-04-20 01:54:24
5924,1,149045,treatment,2026-04-01 19:26:54
5925,1,149057,treatment,2026-04-12 10:34:23
5926,1,149072,treatment,2026-04-02 20:16:18
5927,1,149078,treatment,2026-04-03 16:24:37
5928,1,149079,treatment,2026-04-09 10:46:29
5929,1,149099,control,2026-04-08 19:35:26
5930,1,149104,treatment,2026-04-09 10:33:17
5931,1,149106,control,2026-04-05 03:43:58
5932,1,149124,control,2026-04-06 18:26:00
5933,1,149127,treatment,2026-04-16 11:32:48
5934,1,149132,treatment,2026-04-20 12:38:59
5935,1,149136,treatment,2026-04-14 16:42:15
5936,1,149141,control,2026-04-16 18:27:44
5937,1,149146,treatment,2026-04-08 21:51:02
5938,1,149147,treatment,2026-04-10 18:06:33
5939,1,149151,control,2026-04-17 11:26:02
5940,1,149152,control,2026-04-10 04:16:00
5941,1,149158,treatment,2026-04-09 16:10:06
5942,1,149159,treatment,2026-04-02 04:48:35
5943,1,149170,treatment,2026-04-13 04:35:17
5944,1,149188,treatment,2026-04-09 03:45:35
5945,1,149191,treatment,2026-04-06 17:04:03
5946,1,149214,treatment,2026-04-08 16:05:24
5947,1,149255,control,2026-04-15 02:42:41
5948,1,149265,control,2026-04-04 17:52:39
5949,1,149272,treatment,2026-04-13 05:45:31
5950,1,149311,control,2026-04-01 19:07:43
5951,1,149314,treatment,2026-04-13 11:26:30
5952,1,149320,treatment,2026-04-17 10:23:06
5953,1,149325,treatment,2026-04-13 23:07:16
5954,1,149331,treatment,2026-04-06 07:15:44
5955,1,149336,control,2026-04-04 13:37:48
5956,1,149348,treatment,2026-04-17 10:35:29
5957,1,149351,treatment,2026-04-13 19:25:36
5958,1,149361,treatment,2026-04-09 16:59:05
5959,1,149362,control,2026-04-15 13:17:27
5960,1,149365,treatment,2026-04-05 02:31:35
5961,1,149375,treatment,2026-04-03 22:01:46
5962,1,149376,treatment,2026-04-04 18:48:32
5963,1,149378,treatment,2026-04-20 07:32:32
5964,1,149381,treatment,2026-04-05 14:21:34
5965,1,149389,treatment,2026-04-14 03:37:49
5966,1,149404,treatment,2026-04-14 21:42:25
5967,1,149420,control,2026-04-03 04:22:25
5968,1,149431,control,2026-04-03 01:00:40
5969,1,149432,control,2026-04-07 19:58:41
5970,1,149451,control,2026-04-17 10:05:17
5971,1,149455,treatment,2026-04-13 01:02:06
5972,1,149463,treatment,2026-04-19 08:05:18
5973,1,149485,control,2026-04-20 01:29:05
5974,1,149489,treatment,2026-04-16 19:49:39
5975,1,149507,control,2026-04-13 13:21:06
5976,1,149520,treatment,2026-04-17 15:43:15
5977,1,149536,control,2026-04-10 18:48:25
5978,1,149556,control,2026-04-17 22:07:07
5979,1,149571,control,2026-04-08 21:52:30
5980,1,149579,control,2026-04-03 17:12:40
5981,1,149580,control,2026-04-01 21:55:21
5982,1,149581,control,2026-04-10 11:11:09
5983,1,149590,control,2026-04-01 12:41:42
5984,1,149600,treatment,2026-04-18 05:56:20
5985,1,149611,control,2026-04-13 10:47:25
5986,1,149614,control,2026-04-04 12:57:00
5987,1,149616,control,2026-04-20 17:06:05
5988,1,149620,control,2026-04-14 19:32:12
5989,1,149622,treatment,2026-04-03 13:14:46
5990,1,149630,control,2026-04-11 18:38:28
5991,1,149653,treatment,2026-04-15 00:52:00
5992,1,149684,control,2026-04-19 04:24:11
5993,1,149685,treatment,2026-04-13 14:51:41
5994,1,149690,treatment,2026-04-07 11:33:40
5995,1,149699,control,2026-04-09 01:05:43
5996,1,149707,control,2026-04-16 12:05:54
5997,1,149708,treatment,2026-04-05 04:21:07
5998,1,149711,control,2026-04-04 18:47:45
5999,1,149714,control,2026-04-05 08:33:24
6000,1,149720,treatment,2026-04-15 16:06:35
6001,1,149724,treatment,2026-04-09 02:27:05
6002,1,149738,treatment,2026-04-14 01:05:20
6003,1,149748,treatment,2026-04-10 17:52:18
6004,1,149761,treatment,2026-04-17 08:43:45
6005,1,149763,control,2026-04-21 21:58:38
6006,1,149764,treatment,2026-04-06 10:02:57
6007,1,149773,treatment,2026-04-09 04:51:26
6008,1,149776,treatment,2026-04-02 18:07:26
6009,1,149795,control,2026-04-17 02:08:07
6010,1,149797,treatment,2026-04-21 22:59:40
6011,1,149802,treatment,2026-04-05 08:47:17
6012,1,149804,control,2026-04-16 02:01:01
6013,1,149810,treatment,2026-04-19 04:27:02
6014,1,149815,treatment,2026-04-09 10:42:23
6015,1,149823,control,2026-04-10 17:51:24
6016,1,149831,control,2026-04-06 13:34:09
6017,1,149846,treatment,2026-04-15 12:29:51
6018,1,149850,control,2026-04-19 22:14:46
6019,1,149856,treatment,2026-04-02 16:46:30
6020,1,149858,control,2026-04-20 01:41:25
6021,1,149888,control,2026-04-07 13:04:33
6022,1,149895,control,2026-04-02 02:38:29
6023,1,149902,treatment,2026-04-06 05:58:53
6024,1,149921,treatment,2026-04-08 02:44:48
6025,1,149924,control,2026-04-19 20:31:38
6026,1,149935,treatment,2026-04-15 05:31:47
6027,1,149939,control,2026-04-20 11:30:53
6028,1,149944,control,2026-04-07 22:57:09
6029,1,149947,treatment,2026-04-17 10:06:49
6030,1,149953,control,2026-04-15 09:10:58
6031,1,149963,treatment,2026-04-02 21:19:48
6032,1,149999,treatment,2026-04-03 20:11:38
