ticket_id,user_id,created_at,category,issue_text,sentiment,resolution_time_hours
900001,133554,2026-05-04 04:04:01,Payment Failure,My payment failed and I do not know why.,negative,12.26
900002,109428,2026-02-10 05:02:51,Rewards,The rewards experience is confusing.,neutral,11.87
900003,100200,2026-04-04 08:16:56,App Performance,The app feels slow and sometimes freezes.,negative,4.48
900004,112448,2026-06-20 22:38:40,Payment Failure,My payment failed and I do not know why.,negative,8.74
900005,139490,2026-06-05 06:12:43,Rewards,The rewards experience is confusing.,neutral,10.47
900006,142725,2026-06-13 00:50:24,Payment Failure,My payment failed and I do not know why.,negative,15.74
900007,110823,2026-01-10 13:12:19,KYC Issues,I am unable to complete KYC document verification.,negative,12.4
900008,149499,2026-05-25 14:27:32,KYC Issues,I am unable to complete KYC document verification.,negative,27.22
900009,104145,2026-06-30 23:59:59,KYC Issues,I am unable to complete KYC document verification.,negative,11.27
900010,136959,2026-03-28 13:47:22,Payment Failure,My payment failed and I do not know why.,negative,12.67
900011,143107,2026-01-10 02:39:39,KYC Issues,I am unable to complete KYC document verification.,negative,14.44
900012,138696,2026-03-11 11:27:48,Account,I need help with my account.,neutral,13.1
900013,106189,2026-02-05 00:40:20,KYC Issues,I am unable to complete KYC document verification.,negative,26.33
900014,101415,2026-05-13 00:34:59,Account,I need help with my account.,neutral,19.24
900015,118472,2026-05-01 13:07:03,Account,I need help with my account.,neutral,14.15
900016,129283,2026-03-24 07:08:11,Payment Failure,My payment failed and I do not know why.,negative,12.95
900017,115178,2026-02-14 14:39:43,Rewards,The rewards experience is confusing.,neutral,9.22
900018,134305,2026-04-11 22:11:26,KYC Issues,I am unable to complete KYC document verification.,negative,2.75
900019,112610,2026-04-03 19:23:31,Account,I need help with my account.,neutral,3.26
900020,112145,2026-05-23 00:03:35,KYC Issues,I am unable to complete KYC document verification.,negative,6.03
900021,106114,2026-03-05 05:10:37,KYC Issues,I am unable to complete KYC document verification.,negative,17.66
900022,115909,2026-05-06 18:52:29,Account,I need help with my account.,neutral,3.67
900023,100822,2026-05-01 07:07:47,KYC Issues,I am unable to complete KYC document verification.,negative,14.52
900024,115119,2026-05-13 12:43:50,Rewards,The rewards experience is confusing.,neutral,18.58
900025,113467,2026-01-23 09:01:12,KYC Issues,I am unable to complete KYC document verification.,negative,6.81
900026,126498,2026-03-21 19:35:32,Rewards,The rewards experience is confusing.,neutral,4.31
900027,142112,2026-04-05 23:52:34,Payment Failure,My payment failed and I do not know why.,negative,11.34
900028,130189,2026-06-08 18:35:38,KYC Issues,I am unable to complete KYC document verification.,negative,0.84
900029,137238,2026-02-03 05:22:13,KYC Issues,I am unable to complete KYC document verification.,negative,5.5
900030,133110,2026-06-20 11:05:59,Account,I need help with my account.,neutral,4.14
900031,136481,2026-03-06 11:26:51,App Performance,The app feels slow and sometimes freezes.,negative,6.66
900032,124149,2026-04-10 15:12:17,Payment Failure,My payment failed and I do not know why.,negative,32.33
900033,105504,2026-04-30 08:22:21,Account,I need help with my account.,neutral,15.24
900034,103919,2026-04-05 18:25:50,Payment Failure,My payment failed and I do not know why.,negative,4.16
900035,138479,2026-03-07 14:57:53,Payment Failure,My payment failed and I do not know why.,negative,5.33
900036,121124,2026-03-01 08:24:02,Payment Failure,My payment failed and I do not know why.,negative,15.34
900037,149718,2026-04-11 06:39:22,KYC Issues,I am unable to complete KYC document verification.,negative,3.43
900038,142295,2026-04-21 17:18:11,Account,I need help with my account.,neutral,3.18
900039,147610,2026-05-17 13:51:35,Account,I need help with my account.,neutral,2.56
900040,111077,2026-06-16 23:57:05,Payment Failure,My payment failed and I do not know why.,negative,19.88
900041,141515,2026-06-21 02:57:37,App Performance,The app feels slow and sometimes freezes.,negative,18.62
900042,122063,2026-02-11 16:38:06,Rewards,The rewards experience is confusing.,neutral,2.24
900043,109414,2026-04-21 15:11:47,App Performance,The app feels slow and sometimes freezes.,negative,20.21
900044,138341,2026-02-05 07:13:10,Rewards,The rewards experience is confusing.,neutral,4.39
900045,130264,2026-03-02 20:22:15,Payment Failure,My payment failed and I do not know why.,negative,1.04
900046,141253,2026-02-19 20:40:06,KYC Issues,I am unable to complete KYC document verification.,negative,18.88
900047,114645,2026-01-06 14:26:31,KYC Issues,I am unable to complete KYC document verification.,negative,10.51
900048,126336,2026-04-01 00:34:17,KYC Issues,I am unable to complete KYC document verification.,negative,9.77
900049,128103,2026-05-11 01:08:14,Payment Failure,My payment failed and I do not know why.,negative,4.29
900050,117524,2026-02-20 22:43:57,Rewards,The rewards experience is confusing.,neutral,3.85
900051,124713,2026-03-12 15:14:58,App Performance,The app feels slow and sometimes freezes.,negative,24.02
900052,140486,2026-06-04 00:19:19,Rewards,The rewards experience is confusing.,neutral,8.5
900053,103851,2026-03-13 02:39:38,Payment Failure,My payment failed and I do not know why.,negative,24.72
900054,140041,2026-05-22 12:15:37,Account,I need help with my account.,neutral,16.63
900055,115268,2026-03-20 09:58:06,App Performance,The app feels slow and sometimes freezes.,negative,6.86
900056,149147,2026-04-29 00:51:45,Rewards,The rewards experience is confusing.,neutral,10.61
900057,130002,2026-06-23 01:10:26,App Performance,The app feels slow and sometimes freezes.,negative,13.01
900058,145927,2026-05-28 16:49:01,Payment Failure,My payment failed and I do not know why.,negative,12.71
900059,143825,2026-05-29 05:54:07,App Performance,The app feels slow and sometimes freezes.,negative,8.38
900060,117241,2026-01-25 11:01:23,Account,I need help with my account.,neutral,11.36
900061,104893,2026-04-26 13:31:35,Rewards,The rewards experience is confusing.,neutral,6.48
900062,100726,2026-02-12 18:18:00,Account,I need help with my account.,neutral,17.92
900063,122950,2026-05-31 06:59:03,Account,I need help with my account.,neutral,2.13
900064,134658,2026-06-28 22:36:56,Payment Failure,My payment failed and I do not know why.,negative,4.72
900065,137214,2026-03-29 14:25:00,Payment Failure,My payment failed and I do not know why.,negative,4.49
900066,120305,2026-05-31 15:39:33,Payment Failure,My payment failed and I do not know why.,negative,5.35
900067,115270,2026-06-21 19:11:54,Payment Failure,My payment failed and I do not know why.,negative,1.65
900068,122368,2026-02-12 15:11:22,Account,I need help with my account.,neutral,11.35
900069,142685,2026-06-10 07:05:42,App Performance,The app feels slow and sometimes freezes.,negative,6.18
900070,146735,2026-02-10 10:22:37,Rewards,The rewards experience is confusing.,neutral,8.48
900071,111733,2026-05-14 21:47:18,App Performance,The app feels slow and sometimes freezes.,negative,13.72
900072,118620,2026-05-09 15:15:52,Account,I need help with my account.,neutral,17.71
900073,148493,2026-03-24 06:52:55,Payment Failure,My payment failed and I do not know why.,negative,6.15
900074,126804,2026-06-09 22:20:55,KYC Issues,I am unable to complete KYC document verification.,negative,6.61
900075,144306,2026-05-23 21:15:35,Account,I need help with my account.,neutral,18.42
900076,147523,2026-01-16 09:48:23,KYC Issues,I am unable to complete KYC document verification.,negative,12.42
900077,132208,2026-06-30 23:59:59,KYC Issues,I am unable to complete KYC document verification.,negative,9.29
900078,102531,2026-04-13 23:52:55,Payment Failure,My payment failed and I do not know why.,negative,3.73
900079,117747,2026-03-12 14:13:23,App Performance,The app feels slow and sometimes freezes.,negative,6.93
900080,108271,2026-04-10 00:28:12,Payment Failure,My payment failed and I do not know why.,negative,37.01
900081,115080,2026-03-03 20:22:52,Rewards,The rewards experience is confusing.,neutral,10.03
900082,113625,2026-01-13 04:13:16,App Performance,The app feels slow and sometimes freezes.,negative,9.26
900083,130639,2026-02-13 10:48:15,Payment Failure,My payment failed and I do not know why.,negative,1.34
900084,130441,2026-05-12 10:56:33,Payment Failure,My payment failed and I do not know why.,negative,0.97
900085,136057,2026-06-30 23:59:59,App Performance,The app feels slow and sometimes freezes.,negative,18.09
900086,142652,2026-04-14 21:45:32,KYC Issues,I am unable to complete KYC document verification.,negative,12.32
900087,136804,2026-06-13 19:13:18,Account,I need help with my account.,neutral,1.24
900088,148225,2026-01-04 19:27:13,Rewards,The rewards experience is confusing.,neutral,1.18
900089,129227,2026-02-14 11:47:49,Account,I need help with my account.,neutral,6.5
900090,105634,2026-06-04 03:38:16,Payment Failure,My payment failed and I do not know why.,negative,3.57
900091,105988,2026-05-11 11:04:51,Payment Failure,My payment failed and I do not know why.,negative,11.59
900092,148064,2026-02-04 01:43:46,Account,I need help with my account.,neutral,19.75
900093,101813,2026-02-12 11:22:28,Account,I need help with my account.,neutral,11.2
900094,127579,2026-03-11 20:27:19,KYC Issues,I am unable to complete KYC document verification.,negative,14.37
900095,116824,2026-03-05 04:47:15,Account,I need help with my account.,neutral,3.71
900096,103929,2026-04-12 14:35:28,Rewards,The rewards experience is confusing.,neutral,13.23
900097,137287,2026-06-10 17:38:26,Payment Failure,My payment failed and I do not know why.,negative,5.14
900098,125046,2026-04-30 14:29:06,Account,I need help with my account.,neutral,2.66
900099,115728,2026-03-05 05:45:02,KYC Issues,I am unable to complete KYC document verification.,negative,2.11
900100,129601,2026-03-01 07:44:36,Payment Failure,My payment failed and I do not know why.,negative,4.25
900101,110431,2026-01-28 11:15:36,KYC Issues,I am unable to complete KYC document verification.,negative,2.15
900102,125769,2026-02-24 01:15:21,Payment Failure,My payment failed and I do not know why.,negative,6.9
900103,129104,2026-03-31 13:45:30,Rewards,The rewards experience is confusing.,neutral,21.72
900104,136538,2026-06-25 01:40:28,App Performance,The app feels slow and sometimes freezes.,negative,8.03
900105,139329,2026-06-11 10:26:06,Payment Failure,My payment failed and I do not know why.,negative,2.88
900106,135540,2026-05-19 20:58:46,Account,I need help with my account.,neutral,14.51
900107,128076,2026-05-13 17:22:05,Account,I need help with my account.,neutral,24.41
900108,117841,2026-01-30 08:53:15,App Performance,The app feels slow and sometimes freezes.,negative,10.38
900109,127803,2026-01-11 18:56:46,Payment Failure,My payment failed and I do not know why.,negative,8.9
900110,107683,2026-04-09 21:23:45,Payment Failure,My payment failed and I do not know why.,negative,10.11
900111,124280,2026-03-18 23:35:31,KYC Issues,I am unable to complete KYC document verification.,negative,13.51
900112,133071,2026-02-23 04:23:38,App Performance,The app feels slow and sometimes freezes.,negative,22.9
900113,135558,2026-06-13 15:08:03,KYC Issues,I am unable to complete KYC document verification.,negative,18.18
900114,137190,2026-05-01 02:17:03,Account,I need help with my account.,neutral,6.21
900115,147150,2026-03-01 11:22:26,KYC Issues,I am unable to complete KYC document verification.,negative,11.78
900116,146916,2026-01-31 19:24:16,Account,I need help with my account.,neutral,6.65
900117,109802,2026-04-03 19:41:20,Payment Failure,My payment failed and I do not know why.,negative,15.42
900118,138801,2026-06-21 14:24:52,Rewards,The rewards experience is confusing.,neutral,16.72
900119,124670,2026-04-23 21:23:52,Payment Failure,My payment failed and I do not know why.,negative,4.65
900120,144234,2026-02-28 02:21:01,KYC Issues,I am unable to complete KYC document verification.,negative,10.07
900121,131920,2026-04-27 08:56:31,Account,I need help with my account.,neutral,4.7
900122,107135,2026-02-17 05:55:19,KYC Issues,I am unable to complete KYC document verification.,negative,2.6
900123,133705,2026-06-16 03:06:03,Payment Failure,My payment failed and I do not know why.,negative,12.73
900124,129661,2026-02-07 11:32:36,Payment Failure,My payment failed and I do not know why.,negative,6.6
900125,117894,2026-03-07 11:45:49,Payment Failure,My payment failed and I do not know why.,negative,14.51
900126,122019,2026-06-13 15:57:36,Payment Failure,My payment failed and I do not know why.,negative,3.58
900127,113539,2026-02-08 13:18:41,Account,I need help with my account.,neutral,1.26
900128,143119,2026-03-02 18:28:16,Payment Failure,My payment failed and I do not know why.,negative,1.0
900129,136421,2026-05-14 17:50:27,Payment Failure,My payment failed and I do not know why.,negative,8.09
900130,109406,2026-06-15 17:36:48,Account,I need help with my account.,neutral,7.96
900131,113414,2026-03-15 23:34:24,KYC Issues,I am unable to complete KYC document verification.,negative,10.8
900132,106721,2026-02-11 13:00:46,Rewards,The rewards experience is confusing.,neutral,10.06
900133,115602,2026-04-15 23:39:19,Rewards,The rewards experience is confusing.,neutral,10.04
900134,144744,2026-01-22 23:43:48,Payment Failure,My payment failed and I do not know why.,negative,3.54
900135,131139,2026-04-27 17:45:06,Rewards,The rewards experience is confusing.,neutral,8.5
900136,102730,2026-04-18 12:14:31,Payment Failure,My payment failed and I do not know why.,negative,6.7
900137,138243,2026-06-12 01:56:48,KYC Issues,I am unable to complete KYC document verification.,negative,2.05
900138,129626,2026-06-11 23:04:07,Account,I need help with my account.,neutral,15.37
900139,147895,2026-03-02 16:48:54,KYC Issues,I am unable to complete KYC document verification.,negative,12.1
900140,142091,2026-06-17 22:36:17,KYC Issues,I am unable to complete KYC document verification.,negative,6.41
900141,136400,2026-03-25 18:18:35,Rewards,The rewards experience is confusing.,neutral,11.48
900142,106245,2026-06-30 23:59:59,KYC Issues,I am unable to complete KYC document verification.,negative,24.89
900143,105546,2026-04-05 02:02:24,KYC Issues,I am unable to complete KYC document verification.,negative,12.59
900144,104065,2026-06-25 14:46:56,Payment Failure,My payment failed and I do not know why.,negative,1.31
900145,112852,2026-04-21 10:16:07,KYC Issues,I am unable to complete KYC document verification.,negative,16.15
900146,121803,2026-05-05 01:17:06,KYC Issues,I am unable to complete KYC document verification.,negative,2.14
900147,141164,2026-02-05 00:16:44,Payment Failure,My payment failed and I do not know why.,negative,17.89
900148,106233,2026-04-11 14:17:05,Account,I need help with my account.,neutral,3.02
900149,103863,2026-01-09 21:11:37,Payment Failure,My payment failed and I do not know why.,negative,13.0
900150,135095,2026-01-29 01:34:35,Rewards,The rewards experience is confusing.,neutral,6.29
900151,140196,2026-01-14 13:07:32,Account,I need help with my account.,neutral,11.31
900152,139251,2026-05-21 01:46:47,Account,I need help with my account.,neutral,9.62
900153,106218,2026-02-20 01:00:46,KYC Issues,I am unable to complete KYC document verification.,negative,23.5
900154,136776,2026-04-01 09:07:40,Rewards,The rewards experience is confusing.,neutral,5.15
900155,142977,2026-06-30 23:59:59,KYC Issues,I am unable to complete KYC document verification.,negative,3.13
900156,148468,2026-03-29 16:09:20,Account,I need help with my account.,neutral,1.74
900157,114832,2026-05-26 17:35:53,Rewards,The rewards experience is confusing.,neutral,17.72
900158,130093,2026-06-06 12:57:32,Payment Failure,My payment failed and I do not know why.,negative,1.55
900159,108894,2026-05-03 10:22:25,Account,I need help with my account.,neutral,1.92
900160,106021,2026-01-19 16:09:51,KYC Issues,I am unable to complete KYC document verification.,negative,1.27
900161,146089,2026-02-02 18:14:27,Payment Failure,My payment failed and I do not know why.,negative,14.79
900162,115243,2026-03-23 14:19:44,App Performance,The app feels slow and sometimes freezes.,negative,5.14
900163,145308,2026-04-29 04:06:26,KYC Issues,I am unable to complete KYC document verification.,negative,17.68
900164,126551,2026-02-11 11:21:05,App Performance,The app feels slow and sometimes freezes.,negative,19.79
900165,106035,2026-03-13 05:56:15,Payment Failure,My payment failed and I do not know why.,negative,29.47
900166,107906,2026-01-23 20:49:03,Rewards,The rewards experience is confusing.,neutral,16.53
900167,132226,2026-05-04 19:14:57,Rewards,The rewards experience is confusing.,neutral,6.39
900168,106018,2026-06-02 21:55:07,App Performance,The app feels slow and sometimes freezes.,negative,11.49
900169,121880,2026-05-15 23:51:19,Payment Failure,My payment failed and I do not know why.,negative,2.5
900170,102792,2026-05-16 19:04:26,Account,I need help with my account.,neutral,13.43
900171,142606,2026-03-25 15:52:15,Payment Failure,My payment failed and I do not know why.,negative,4.4
900172,105824,2026-01-08 14:57:11,Account,I need help with my account.,neutral,2.17
900173,115388,2026-06-02 17:25:16,App Performance,The app feels slow and sometimes freezes.,negative,7.79
900174,129562,2026-01-09 21:23:26,Payment Failure,My payment failed and I do not know why.,negative,22.4
900175,139476,2026-03-17 05:51:50,KYC Issues,I am unable to complete KYC document verification.,negative,6.82
900176,100293,2026-03-09 06:00:03,Rewards,The rewards experience is confusing.,neutral,5.19
900177,116958,2026-04-21 16:56:20,KYC Issues,I am unable to complete KYC document verification.,negative,2.87
900178,130861,2026-06-12 05:14:01,KYC Issues,I am unable to complete KYC document verification.,negative,15.73
900179,114074,2026-02-28 19:51:31,Payment Failure,My payment failed and I do not know why.,negative,18.18
900180,121857,2026-06-02 23:04:16,App Performance,The app feels slow and sometimes freezes.,negative,2.23
900181,122080,2026-01-10 20:53:34,App Performance,The app feels slow and sometimes freezes.,negative,11.66
900182,117024,2026-01-24 20:51:03,Payment Failure,My payment failed and I do not know why.,negative,5.19
900183,108740,2026-06-23 05:38:09,App Performance,The app feels slow and sometimes freezes.,negative,6.75
900184,115826,2026-04-16 12:11:05,App Performance,The app feels slow and sometimes freezes.,negative,36.38
900185,102742,2026-03-17 05:01:47,KYC Issues,I am unable to complete KYC document verification.,negative,8.14
900186,118049,2026-01-13 15:03:47,Payment Failure,My payment failed and I do not know why.,negative,6.88
900187,149937,2026-05-10 21:36:25,App Performance,The app feels slow and sometimes freezes.,negative,7.72
900188,117373,2026-04-30 05:54:28,App Performance,The app feels slow and sometimes freezes.,negative,7.47
900189,122022,2026-03-14 03:15:46,KYC Issues,I am unable to complete KYC document verification.,negative,8.37
900190,146365,2026-06-30 23:59:59,App Performance,The app feels slow and sometimes freezes.,negative,2.7
900191,123538,2026-05-26 19:45:36,Rewards,The rewards experience is confusing.,neutral,6.16
900192,145500,2026-03-29 03:13:01,Account,I need help with my account.,neutral,3.25
900193,140186,2026-01-14 03:19:19,Payment Failure,My payment failed and I do not know why.,negative,8.1
900194,109614,2026-04-03 14:39:10,Account,I need help with my account.,neutral,1.53
900195,143282,2026-06-08 18:31:16,Payment Failure,My payment failed and I do not know why.,negative,4.44
900196,137892,2026-06-05 09:16:42,Account,I need help with my account.,neutral,2.0
900197,126179,2026-04-25 17:42:41,Rewards,The rewards experience is confusing.,neutral,3.7
900198,145893,2026-01-11 03:13:58,KYC Issues,I am unable to complete KYC document verification.,negative,1.59
900199,120934,2026-06-22 05:34:55,App Performance,The app feels slow and sometimes freezes.,negative,29.17
900200,140972,2026-01-12 23:16:36,Payment Failure,My payment failed and I do not know why.,negative,14.27
900201,122225,2026-06-12 00:11:28,App Performance,The app feels slow and sometimes freezes.,negative,0.77
900202,124382,2026-05-23 14:44:47,App Performance,The app feels slow and sometimes freezes.,negative,10.79
900203,134856,2026-04-22 18:46:00,Account,I need help with my account.,neutral,3.0
900204,148578,2026-06-15 22:33:55,Rewards,The rewards experience is confusing.,neutral,32.09
900205,138537,2026-01-26 07:08:22,KYC Issues,I am unable to complete KYC document verification.,negative,17.54
900206,131756,2026-03-03 15:02:28,Rewards,The rewards experience is confusing.,neutral,11.26
900207,107754,2026-01-19 19:27:34,Account,I need help with my account.,neutral,2.97
900208,146639,2026-02-10 20:00:09,Account,I need help with my account.,neutral,9.09
900209,143835,2026-04-17 19:42:39,Account,I need help with my account.,neutral,6.0
900210,126236,2026-05-14 06:28:43,KYC Issues,I am unable to complete KYC document verification.,negative,7.93
900211,144230,2026-02-15 01:53:48,App Performance,The app feels slow and sometimes freezes.,negative,3.62
900212,149597,2026-04-14 20:52:41,Payment Failure,My payment failed and I do not know why.,negative,29.87
900213,118553,2026-05-13 10:39:08,Account,I need help with my account.,neutral,14.27
900214,143137,2026-04-04 18:47:12,KYC Issues,I am unable to complete KYC document verification.,negative,32.46
900215,136673,2026-04-08 01:16:28,KYC Issues,I am unable to complete KYC document verification.,negative,13.84
900216,143650,2026-02-12 05:25:06,Rewards,The rewards experience is confusing.,neutral,11.25
900217,103941,2026-06-30 23:59:59,Rewards,The rewards experience is confusing.,neutral,5.37
900218,131497,2026-02-12 05:38:46,Account,I need help with my account.,neutral,10.01
900219,126594,2026-03-28 08:24:52,Account,I need help with my account.,neutral,5.98
900220,123922,2026-06-12 00:23:09,Account,I need help with my account.,neutral,3.57
900221,126403,2026-04-23 10:57:07,App Performance,The app feels slow and sometimes freezes.,negative,14.27
900222,145943,2026-04-05 14:16:33,App Performance,The app feels slow and sometimes freezes.,negative,7.39
900223,148526,2026-05-04 02:16:26,Account,I need help with my account.,neutral,1.85
900224,118316,2026-06-05 04:06:26,Payment Failure,My payment failed and I do not know why.,negative,8.49
900225,136894,2026-06-12 17:10:02,KYC Issues,I am unable to complete KYC document verification.,negative,3.78
900226,126696,2026-02-22 18:06:12,Rewards,The rewards experience is confusing.,neutral,9.02
900227,142128,2026-03-10 03:36:51,Rewards,The rewards experience is confusing.,neutral,0.68
900228,114171,2026-03-25 16:23:23,KYC Issues,I am unable to complete KYC document verification.,negative,17.85
900229,103733,2026-06-23 08:51:50,Payment Failure,My payment failed and I do not know why.,negative,21.65
900230,107882,2026-03-10 03:59:53,Payment Failure,My payment failed and I do not know why.,negative,4.63
900231,106017,2026-05-22 20:33:34,Payment Failure,My payment failed and I do not know why.,negative,9.13
900232,123030,2026-01-11 14:58:59,KYC Issues,I am unable to complete KYC document verification.,negative,1.04
900233,135474,2026-02-07 15:41:40,Account,I need help with my account.,neutral,3.95
900234,149686,2026-01-15 16:45:10,Payment Failure,My payment failed and I do not know why.,negative,10.44
900235,104818,2026-02-20 06:42:23,Payment Failure,My payment failed and I do not know why.,negative,8.12
900236,141694,2026-06-04 09:12:18,KYC Issues,I am unable to complete KYC document verification.,negative,18.24
900237,112008,2026-01-31 17:09:19,Account,I need help with my account.,neutral,3.94
900238,141328,2026-06-30 23:59:59,KYC Issues,I am unable to complete KYC document verification.,negative,23.11
900239,109507,2026-01-31 09:58:13,App Performance,The app feels slow and sometimes freezes.,negative,19.59
900240,144799,2026-01-30 11:34:14,Payment Failure,My payment failed and I do not know why.,negative,4.46
900241,134063,2026-06-30 23:59:59,KYC Issues,I am unable to complete KYC document verification.,negative,26.28
900242,127475,2026-06-23 06:27:01,Account,I need help with my account.,neutral,19.77
900243,131144,2026-02-27 00:58:56,KYC Issues,I am unable to complete KYC document verification.,negative,2.78
900244,121236,2026-04-13 23:53:00,Account,I need help with my account.,neutral,13.38
900245,101391,2026-06-30 23:59:59,KYC Issues,I am unable to complete KYC document verification.,negative,9.11
900246,138250,2026-05-31 17:59:47,KYC Issues,I am unable to complete KYC document verification.,negative,18.0
900247,137625,2026-05-07 20:46:15,Account,I need help with my account.,neutral,10.67
900248,142029,2026-04-15 18:49:09,KYC Issues,I am unable to complete KYC document verification.,negative,7.31
900249,120835,2026-03-05 22:17:10,Account,I need help with my account.,neutral,9.51
900250,114758,2026-06-30 23:59:59,App Performance,The app feels slow and sometimes freezes.,negative,8.83
900251,126397,2026-02-14 16:11:27,App Performance,The app feels slow and sometimes freezes.,negative,15.33
900252,106809,2026-04-06 03:21:01,App Performance,The app feels slow and sometimes freezes.,negative,18.13
900253,109226,2026-06-22 03:19:43,KYC Issues,I am unable to complete KYC document verification.,negative,1.87
900254,148395,2026-01-16 20:19:35,Account,I need help with my account.,neutral,17.05
900255,105396,2026-06-10 09:04:55,Account,I need help with my account.,neutral,10.51
900256,106944,2026-03-30 04:40:30,App Performance,The app feels slow and sometimes freezes.,negative,14.83
900257,123871,2026-06-10 02:33:58,Account,I need help with my account.,neutral,19.2
900258,132493,2026-06-21 03:40:03,KYC Issues,I am unable to complete KYC document verification.,negative,14.87
900259,136346,2026-03-06 19:49:43,Payment Failure,My payment failed and I do not know why.,negative,5.84
900260,110756,2026-03-20 17:32:15,Account,I need help with my account.,neutral,1.99
900261,112302,2026-03-17 09:19:58,Account,I need help with my account.,neutral,17.28
900262,148387,2026-03-03 05:40:16,Payment Failure,My payment failed and I do not know why.,negative,3.15
900263,142746,2026-03-13 06:07:08,Payment Failure,My payment failed and I do not know why.,negative,4.63
900264,129090,2026-03-30 00:10:39,App Performance,The app feels slow and sometimes freezes.,negative,4.42
900265,144713,2026-05-22 22:23:05,App Performance,The app feels slow and sometimes freezes.,negative,7.34
900266,114344,2026-03-10 21:20:50,Payment Failure,My payment failed and I do not know why.,negative,3.91
900267,138173,2026-05-20 02:15:58,KYC Issues,I am unable to complete KYC document verification.,negative,12.65
900268,105072,2026-04-08 09:40:42,KYC Issues,I am unable to complete KYC document verification.,negative,1.77
900269,124122,2026-05-05 01:02:16,KYC Issues,I am unable to complete KYC document verification.,negative,11.41
900270,148810,2026-05-19 19:42:06,KYC Issues,I am unable to complete KYC document verification.,negative,5.27
900271,117821,2026-05-29 07:37:52,Account,I need help with my account.,neutral,25.84
900272,101123,2026-06-25 14:10:40,Rewards,The rewards experience is confusing.,neutral,9.0
900273,111265,2026-04-23 14:38:31,KYC Issues,I am unable to complete KYC document verification.,negative,13.04
900274,130580,2026-02-03 23:02:22,App Performance,The app feels slow and sometimes freezes.,negative,8.04
900275,145465,2026-02-26 01:45:18,Payment Failure,My payment failed and I do not know why.,negative,12.33
900276,148217,2026-06-12 16:27:37,Rewards,The rewards experience is confusing.,neutral,15.96
900277,143045,2026-02-28 08:18:38,Payment Failure,My payment failed and I do not know why.,negative,3.36
900278,115657,2026-06-27 19:19:30,Rewards,The rewards experience is confusing.,neutral,3.76
900279,101901,2026-02-19 09:26:35,Account,I need help with my account.,neutral,13.12
900280,100148,2026-06-09 20:53:46,Rewards,The rewards experience is confusing.,neutral,24.0
900281,129643,2026-06-23 22:53:24,App Performance,The app feels slow and sometimes freezes.,negative,6.82
900282,103212,2026-06-30 23:59:59,KYC Issues,I am unable to complete KYC document verification.,negative,4.53
900283,143851,2026-03-01 18:17:13,Payment Failure,My payment failed and I do not know why.,negative,4.01
900284,102355,2026-06-06 18:48:27,Account,I need help with my account.,neutral,5.8
900285,131521,2026-04-06 09:37:33,KYC Issues,I am unable to complete KYC document verification.,negative,1.42
900286,142584,2026-04-14 14:59:34,KYC Issues,I am unable to complete KYC document verification.,negative,6.04
900287,143338,2026-06-05 22:24:59,App Performance,The app feels slow and sometimes freezes.,negative,17.24
900288,145285,2026-02-19 22:25:19,Rewards,The rewards experience is confusing.,neutral,8.1
900289,146957,2026-04-24 02:59:34,Payment Failure,My payment failed and I do not know why.,negative,5.6
900290,148791,2026-06-30 23:59:59,KYC Issues,I am unable to complete KYC document verification.,negative,1.59
900291,136586,2026-04-12 20:34:26,KYC Issues,I am unable to complete KYC document verification.,negative,8.38
900292,110466,2026-06-30 23:59:59,App Performance,The app feels slow and sometimes freezes.,negative,23.32
900293,107822,2026-04-06 10:47:51,Account,I need help with my account.,neutral,13.97
900294,107206,2026-03-08 03:01:55,App Performance,The app feels slow and sometimes freezes.,negative,4.54
900295,106414,2026-05-01 23:56:45,Payment Failure,My payment failed and I do not know why.,negative,4.62
900296,134047,2026-06-15 02:20:25,App Performance,The app feels slow and sometimes freezes.,negative,10.21
900297,112729,2026-02-21 20:14:07,Payment Failure,My payment failed and I do not know why.,negative,8.81
900298,106926,2026-03-30 04:08:18,KYC Issues,I am unable to complete KYC document verification.,negative,17.27
900299,127996,2026-05-30 11:45:24,KYC Issues,I am unable to complete KYC document verification.,negative,7.57
900300,137613,2026-06-23 05:19:42,KYC Issues,I am unable to complete KYC document verification.,negative,11.74
900301,139484,2026-04-02 14:05:43,Rewards,The rewards experience is confusing.,neutral,8.05
900302,103017,2026-02-10 23:39:17,Payment Failure,My payment failed and I do not know why.,negative,11.6
900303,101641,2026-04-20 08:11:22,Account,I need help with my account.,neutral,4.0
900304,108884,2026-04-22 17:52:25,Rewards,The rewards experience is confusing.,neutral,27.42
900305,137602,2026-06-20 18:13:08,KYC Issues,I am unable to complete KYC document verification.,negative,4.11
900306,112970,2026-04-02 08:56:43,Payment Failure,My payment failed and I do not know why.,negative,3.48
900307,123464,2026-02-26 22:21:47,Payment Failure,My payment failed and I do not know why.,negative,5.78
900308,115758,2026-01-14 22:52:41,Account,I need help with my account.,neutral,4.29
900309,144077,2026-06-10 15:19:10,KYC Issues,I am unable to complete KYC document verification.,negative,4.68
900310,104087,2026-04-15 05:27:30,Account,I need help with my account.,neutral,14.47
900311,100509,2026-02-14 06:29:39,Account,I need help with my account.,neutral,13.45
900312,106355,2026-01-28 07:14:22,Payment Failure,My payment failed and I do not know why.,negative,34.5
900313,129645,2026-05-13 16:19:23,Account,I need help with my account.,neutral,4.37
900314,120816,2026-05-31 01:19:30,Account,I need help with my account.,neutral,3.99
900315,106235,2026-02-16 00:08:24,Account,I need help with my account.,neutral,2.77
900316,131990,2026-03-27 13:03:32,Payment Failure,My payment failed and I do not know why.,negative,6.27
900317,112996,2026-02-12 00:39:04,Payment Failure,My payment failed and I do not know why.,negative,5.2
900318,142502,2026-04-03 10:48:17,Payment Failure,My payment failed and I do not know why.,negative,6.64
900319,138921,2026-05-23 10:12:54,Payment Failure,My payment failed and I do not know why.,negative,4.22
900320,100263,2026-06-21 10:42:42,App Performance,The app feels slow and sometimes freezes.,negative,3.8
900321,107892,2026-01-20 03:46:50,Account,I need help with my account.,neutral,9.84
900322,110528,2026-06-30 23:59:59,KYC Issues,I am unable to complete KYC document verification.,negative,9.26
900323,118601,2026-02-13 19:51:03,Rewards,The rewards experience is confusing.,neutral,2.16
900324,124115,2026-06-10 03:29:44,Rewards,The rewards experience is confusing.,neutral,7.9
900325,133499,2026-05-26 15:50:59,KYC Issues,I am unable to complete KYC document verification.,negative,17.34
900326,113472,2026-05-20 23:36:54,Account,I need help with my account.,neutral,4.51
900327,131726,2026-03-11 10:08:15,KYC Issues,I am unable to complete KYC document verification.,negative,7.65
900328,123691,2026-05-24 12:05:19,App Performance,The app feels slow and sometimes freezes.,negative,11.87
900329,110558,2026-06-04 12:24:46,KYC Issues,I am unable to complete KYC document verification.,negative,16.94
900330,106557,2026-05-15 18:39:47,Payment Failure,My payment failed and I do not know why.,negative,4.32
900331,145578,2026-01-28 08:14:25,Payment Failure,My payment failed and I do not know why.,negative,11.44
900332,141504,2026-04-07 02:37:31,KYC Issues,I am unable to complete KYC document verification.,negative,22.88
900333,127873,2026-04-14 21:36:48,KYC Issues,I am unable to complete KYC document verification.,negative,3.76
900334,110811,2026-02-18 06:44:44,Account,I need help with my account.,neutral,4.26
900335,138215,2026-01-27 05:44:36,Payment Failure,My payment failed and I do not know why.,negative,2.51
900336,111731,2026-02-06 16:12:24,Account,I need help with my account.,neutral,13.92
900337,127439,2026-06-16 12:01:12,Payment Failure,My payment failed and I do not know why.,negative,7.18
900338,121780,2026-02-04 18:53:39,Payment Failure,My payment failed and I do not know why.,negative,6.66
900339,134080,2026-01-25 19:38:32,Account,I need help with my account.,neutral,6.76
900340,122916,2026-05-25 15:27:07,Payment Failure,My payment failed and I do not know why.,negative,20.47
900341,108086,2026-04-11 03:55:28,Account,I need help with my account.,neutral,3.26
900342,143468,2026-05-02 19:32:41,App Performance,The app feels slow and sometimes freezes.,negative,12.67
900343,114710,2026-01-25 19:38:48,App Performance,The app feels slow and sometimes freezes.,negative,12.77
900344,115467,2026-03-06 22:04:48,KYC Issues,I am unable to complete KYC document verification.,negative,12.67
900345,137173,2026-02-28 18:03:04,Rewards,The rewards experience is confusing.,neutral,5.34
900346,128749,2026-03-04 19:15:45,Payment Failure,My payment failed and I do not know why.,negative,6.69
900347,103105,2026-06-08 07:01:59,App Performance,The app feels slow and sometimes freezes.,negative,8.86
900348,100709,2026-04-06 00:41:22,App Performance,The app feels slow and sometimes freezes.,negative,11.92
900349,138386,2026-06-26 23:48:07,App Performance,The app feels slow and sometimes freezes.,negative,5.55
900350,123445,2026-05-06 01:07:10,Account,I need help with my account.,neutral,3.69
900351,126511,2026-05-22 12:45:59,Payment Failure,My payment failed and I do not know why.,negative,5.82
900352,108467,2026-04-06 17:24:31,App Performance,The app feels slow and sometimes freezes.,negative,13.39
900353,106231,2026-03-24 09:52:32,App Performance,The app feels slow and sometimes freezes.,negative,25.36
900354,146359,2026-02-25 07:11:10,KYC Issues,I am unable to complete KYC document verification.,negative,8.54
900355,139358,2026-04-05 06:57:34,App Performance,The app feels slow and sometimes freezes.,negative,4.62
900356,116387,2026-05-18 12:49:47,Account,I need help with my account.,neutral,2.69
900357,134166,2026-03-03 20:36:33,KYC Issues,I am unable to complete KYC document verification.,negative,21.23
900358,104169,2026-05-20 02:46:12,Payment Failure,My payment failed and I do not know why.,negative,1.39
900359,105804,2026-06-30 23:59:59,Payment Failure,My payment failed and I do not know why.,negative,12.82
900360,112754,2026-02-02 20:37:16,Account,I need help with my account.,neutral,15.45
900361,102190,2026-06-07 00:03:31,Payment Failure,My payment failed and I do not know why.,negative,4.33
900362,112188,2026-01-11 15:03:11,Account,I need help with my account.,neutral,8.31
900363,131728,2026-01-12 00:23:41,KYC Issues,I am unable to complete KYC document verification.,negative,1.02
900364,119246,2026-06-18 04:00:47,KYC Issues,I am unable to complete KYC document verification.,negative,8.77
900365,137867,2026-04-24 21:27:11,Rewards,The rewards experience is confusing.,neutral,9.68
900366,143515,2026-02-24 12:16:50,Payment Failure,My payment failed and I do not know why.,negative,11.68
900367,108719,2026-03-29 01:16:37,KYC Issues,I am unable to complete KYC document verification.,negative,5.04
900368,128825,2026-02-18 16:55:57,Payment Failure,My payment failed and I do not know why.,negative,8.71
900369,124469,2026-02-25 07:13:02,Account,I need help with my account.,neutral,3.87
900370,148253,2026-03-09 00:54:09,Payment Failure,My payment failed and I do not know why.,negative,5.93
900371,107202,2026-02-28 13:24:42,App Performance,The app feels slow and sometimes freezes.,negative,0.52
900372,109283,2026-04-08 17:45:16,App Performance,The app feels slow and sometimes freezes.,negative,15.48
900373,126821,2026-05-25 22:36:37,App Performance,The app feels slow and sometimes freezes.,negative,10.06
900374,127374,2026-03-15 13:41:55,Account,I need help with my account.,neutral,3.74
900375,122493,2026-06-25 09:25:30,Payment Failure,My payment failed and I do not know why.,negative,8.99
900376,145638,2026-05-20 08:12:02,App Performance,The app feels slow and sometimes freezes.,negative,3.25
900377,145880,2026-06-30 23:59:59,Payment Failure,My payment failed and I do not know why.,negative,7.18
900378,129340,2026-04-05 07:33:02,Account,I need help with my account.,neutral,1.32
900379,146548,2026-05-19 04:06:33,Rewards,The rewards experience is confusing.,neutral,19.85
900380,110804,2026-02-03 18:58:09,Payment Failure,My payment failed and I do not know why.,negative,11.22
900381,120965,2026-05-22 11:04:45,Rewards,The rewards experience is confusing.,neutral,6.38
900382,130033,2026-04-06 22:26:44,App Performance,The app feels slow and sometimes freezes.,negative,16.21
900383,105223,2026-02-19 20:22:09,Account,I need help with my account.,neutral,21.58
900384,100660,2026-02-10 19:46:34,Payment Failure,My payment failed and I do not know why.,negative,2.68
900385,133246,2026-05-12 06:59:21,Rewards,The rewards experience is confusing.,neutral,6.38
900386,105866,2026-01-25 02:04:51,Rewards,The rewards experience is confusing.,neutral,4.12
900387,148872,2026-06-23 01:05:37,Payment Failure,My payment failed and I do not know why.,negative,20.13
900388,122986,2026-04-22 05:35:44,Payment Failure,My payment failed and I do not know why.,negative,18.94
900389,128881,2026-01-04 13:05:23,KYC Issues,I am unable to complete KYC document verification.,negative,25.49
900390,147088,2026-05-23 14:46:49,KYC Issues,I am unable to complete KYC document verification.,negative,7.42
900391,126528,2026-03-16 13:24:43,App Performance,The app feels slow and sometimes freezes.,negative,17.36
900392,109648,2026-03-08 11:39:34,Payment Failure,My payment failed and I do not know why.,negative,13.34
900393,149546,2026-04-04 22:59:08,Rewards,The rewards experience is confusing.,neutral,5.52
900394,132375,2026-06-09 17:10:38,Payment Failure,My payment failed and I do not know why.,negative,5.46
900395,126159,2026-02-17 01:02:22,App Performance,The app feels slow and sometimes freezes.,negative,1.65
900396,111712,2026-02-14 04:06:38,KYC Issues,I am unable to complete KYC document verification.,negative,7.25
900397,127239,2026-04-27 04:37:17,App Performance,The app feels slow and sometimes freezes.,negative,25.47
900398,118354,2026-02-20 22:49:49,KYC Issues,I am unable to complete KYC document verification.,negative,13.52
900399,149515,2026-06-08 21:16:37,Account,I need help with my account.,neutral,4.64
900400,121725,2026-06-06 09:35:22,KYC Issues,I am unable to complete KYC document verification.,negative,16.26
900401,125925,2026-04-06 20:13:27,Payment Failure,My payment failed and I do not know why.,negative,13.44
900402,141390,2026-03-06 06:43:33,KYC Issues,I am unable to complete KYC document verification.,negative,15.04
900403,104773,2026-05-07 06:45:11,App Performance,The app feels slow and sometimes freezes.,negative,4.59
900404,135205,2026-04-14 01:01:35,KYC Issues,I am unable to complete KYC document verification.,negative,3.15
900405,127879,2026-06-20 18:25:07,Rewards,The rewards experience is confusing.,neutral,10.58
900406,105875,2026-05-05 08:27:46,Account,I need help with my account.,neutral,14.55
900407,117805,2026-02-11 15:00:09,KYC Issues,I am unable to complete KYC document verification.,negative,4.38
900408,134224,2026-05-02 22:40:59,Rewards,The rewards experience is confusing.,neutral,3.33
900409,107842,2026-06-26 19:38:05,Account,I need help with my account.,neutral,8.44
900410,115923,2026-05-23 19:47:58,Account,I need help with my account.,neutral,17.05
900411,128367,2026-05-03 15:26:54,Payment Failure,My payment failed and I do not know why.,negative,21.17
900412,112084,2026-03-20 23:06:27,Payment Failure,My payment failed and I do not know why.,negative,13.76
900413,120034,2026-03-19 02:04:27,KYC Issues,I am unable to complete KYC document verification.,negative,5.44
900414,114488,2026-02-07 12:22:46,KYC Issues,I am unable to complete KYC document verification.,negative,14.1
900415,120819,2026-02-28 09:50:39,Account,I need help with my account.,neutral,8.51
900416,137518,2026-01-23 03:30:10,Payment Failure,My payment failed and I do not know why.,negative,9.12
900417,144236,2026-03-10 16:39:31,Payment Failure,My payment failed and I do not know why.,negative,24.65
900418,148651,2026-02-13 22:22:39,KYC Issues,I am unable to complete KYC document verification.,negative,23.09
900419,136236,2026-06-30 23:59:59,Payment Failure,My payment failed and I do not know why.,negative,12.99
900420,121070,2026-06-12 07:55:52,Payment Failure,My payment failed and I do not know why.,negative,7.98
900421,109524,2026-01-07 00:57:52,Rewards,The rewards experience is confusing.,neutral,2.28
900422,132756,2026-04-26 15:54:51,Payment Failure,My payment failed and I do not know why.,negative,4.81
900423,112054,2026-04-01 23:25:13,KYC Issues,I am unable to complete KYC document verification.,negative,10.46
900424,123594,2026-05-01 12:17:54,Account,I need help with my account.,neutral,8.71
900425,108038,2026-03-28 03:09:57,Account,I need help with my account.,neutral,9.13
900426,146977,2026-05-21 06:31:41,Rewards,The rewards experience is confusing.,neutral,6.21
900427,116400,2026-06-13 00:15:49,KYC Issues,I am unable to complete KYC document verification.,negative,5.66
900428,145786,2026-03-23 10:26:26,KYC Issues,I am unable to complete KYC document verification.,negative,2.76
900429,134616,2026-04-11 05:24:32,Payment Failure,My payment failed and I do not know why.,negative,2.31
900430,107625,2026-03-22 05:19:00,App Performance,The app feels slow and sometimes freezes.,negative,1.91
900431,113662,2026-06-04 10:06:09,Rewards,The rewards experience is confusing.,neutral,6.07
900432,137737,2026-04-14 22:57:08,Rewards,The rewards experience is confusing.,neutral,3.23
900433,126542,2026-03-29 09:10:56,Account,I need help with my account.,neutral,21.26
900434,113268,2026-01-30 22:31:20,KYC Issues,I am unable to complete KYC document verification.,negative,3.91
900435,118083,2026-04-12 15:23:39,Payment Failure,My payment failed and I do not know why.,negative,9.62
900436,148086,2026-02-27 06:13:32,Account,I need help with my account.,neutral,18.7
900437,142768,2026-02-05 19:30:15,Account,I need help with my account.,neutral,1.24
900438,104071,2026-06-09 02:58:08,Payment Failure,My payment failed and I do not know why.,negative,4.32
900439,116287,2026-02-24 14:34:09,Account,I need help with my account.,neutral,1.25
900440,101119,2026-01-26 20:20:51,Payment Failure,My payment failed and I do not know why.,negative,9.81
900441,110075,2026-06-30 23:59:59,KYC Issues,I am unable to complete KYC document verification.,negative,8.31
900442,111374,2026-05-06 18:44:25,Payment Failure,My payment failed and I do not know why.,negative,15.41
900443,132685,2026-01-29 06:54:14,KYC Issues,I am unable to complete KYC document verification.,negative,7.38
900444,146434,2026-04-14 23:28:31,Account,I need help with my account.,neutral,5.06
900445,125350,2026-03-30 11:30:54,Account,I need help with my account.,neutral,2.13
900446,106716,2026-05-09 06:53:30,Payment Failure,My payment failed and I do not know why.,negative,8.65
900447,134568,2026-05-25 16:46:19,Payment Failure,My payment failed and I do not know why.,negative,8.38
900448,101031,2026-05-10 01:35:21,Rewards,The rewards experience is confusing.,neutral,10.29
900449,122754,2026-03-12 00:54:16,KYC Issues,I am unable to complete KYC document verification.,negative,6.27
900450,111762,2026-04-20 06:32:30,Payment Failure,My payment failed and I do not know why.,negative,33.11
900451,135897,2026-05-13 09:45:42,Account,I need help with my account.,neutral,3.98
900452,114493,2026-06-17 05:18:49,Payment Failure,My payment failed and I do not know why.,negative,20.53
900453,125086,2026-05-19 05:49:38,Payment Failure,My payment failed and I do not know why.,negative,14.8
900454,120396,2026-06-11 07:40:08,App Performance,The app feels slow and sometimes freezes.,negative,8.51
900455,104814,2026-06-30 23:59:59,Account,I need help with my account.,neutral,9.23
900456,108995,2026-03-15 16:27:05,Rewards,The rewards experience is confusing.,neutral,4.01
900457,149692,2026-06-09 11:40:13,Account,I need help with my account.,neutral,3.3
900458,121375,2026-06-14 23:14:42,App Performance,The app feels slow and sometimes freezes.,negative,15.9
900459,130243,2026-06-06 11:37:48,Account,I need help with my account.,neutral,8.97
900460,147579,2026-05-16 07:12:20,KYC Issues,I am unable to complete KYC document verification.,negative,14.07
900461,101165,2026-01-18 07:47:12,Payment Failure,My payment failed and I do not know why.,negative,6.4
900462,124811,2026-02-11 12:15:07,Account,I need help with my account.,neutral,0.56
900463,121110,2026-02-07 07:16:31,Account,I need help with my account.,neutral,1.08
900464,103698,2026-06-16 02:02:26,KYC Issues,I am unable to complete KYC document verification.,negative,1.96
900465,111439,2026-06-07 18:25:12,Payment Failure,My payment failed and I do not know why.,negative,6.01
900466,104470,2026-06-08 16:08:56,KYC Issues,I am unable to complete KYC document verification.,negative,0.35
900467,109808,2026-03-25 09:53:38,Account,I need help with my account.,neutral,22.86
900468,147768,2026-01-17 07:54:27,Account,I need help with my account.,neutral,4.22
900469,106749,2026-06-30 23:59:59,KYC Issues,I am unable to complete KYC document verification.,negative,3.77
900470,149185,2026-06-29 16:05:25,Rewards,The rewards experience is confusing.,neutral,16.07
900471,117379,2026-02-05 04:28:24,Account,I need help with my account.,neutral,9.83
900472,136885,2026-05-24 12:49:11,Payment Failure,My payment failed and I do not know why.,negative,10.1
900473,113357,2026-02-24 02:19:23,Account,I need help with my account.,neutral,4.37
900474,132405,2026-01-26 09:00:44,Payment Failure,My payment failed and I do not know why.,negative,25.89
900475,142455,2026-03-14 15:30:22,Account,I need help with my account.,neutral,19.79
900476,146066,2026-02-14 07:54:01,Payment Failure,My payment failed and I do not know why.,negative,8.2
900477,111539,2026-06-30 23:59:59,KYC Issues,I am unable to complete KYC document verification.,negative,1.43
900478,102009,2026-02-11 17:54:24,KYC Issues,I am unable to complete KYC document verification.,negative,6.37
900479,103222,2026-05-23 13:41:32,KYC Issues,I am unable to complete KYC document verification.,negative,9.38
900480,144997,2026-05-31 07:55:45,App Performance,The app feels slow and sometimes freezes.,negative,23.39
900481,118763,2026-04-05 04:59:43,Rewards,The rewards experience is confusing.,neutral,31.95
900482,114166,2026-02-01 02:46:03,Payment Failure,My payment failed and I do not know why.,negative,2.76
900483,140684,2026-03-03 11:53:47,KYC Issues,I am unable to complete KYC document verification.,negative,9.55
900484,125081,2026-01-19 15:52:42,KYC Issues,I am unable to complete KYC document verification.,negative,1.17
900485,101823,2026-06-25 14:15:49,KYC Issues,I am unable to complete KYC document verification.,negative,2.19
900486,144662,2026-05-11 13:18:54,Payment Failure,My payment failed and I do not know why.,negative,9.89
900487,106849,2026-03-27 16:43:41,Account,I need help with my account.,neutral,3.53
900488,112636,2026-06-30 23:59:59,App Performance,The app feels slow and sometimes freezes.,negative,12.72
900489,137669,2026-04-24 04:30:32,KYC Issues,I am unable to complete KYC document verification.,negative,9.36
900490,106096,2026-06-05 12:53:28,App Performance,The app feels slow and sometimes freezes.,negative,8.07
900491,139249,2026-02-26 23:26:01,KYC Issues,I am unable to complete KYC document verification.,negative,3.29
900492,110578,2026-05-17 05:37:45,Account,I need help with my account.,neutral,3.46
900493,131075,2026-06-30 23:59:59,Payment Failure,My payment failed and I do not know why.,negative,6.82
900494,129113,2026-02-25 11:59:03,App Performance,The app feels slow and sometimes freezes.,negative,1.85
900495,110193,2026-06-14 06:17:30,Account,I need help with my account.,neutral,5.53
900496,100315,2026-04-29 01:59:46,Payment Failure,My payment failed and I do not know why.,negative,0.34
900497,111450,2026-06-30 23:59:59,Account,I need help with my account.,neutral,11.58
900498,130746,2026-02-20 05:46:16,Account,I need help with my account.,neutral,2.83
900499,129703,2026-06-13 10:13:38,Payment Failure,My payment failed and I do not know why.,negative,7.24
900500,127659,2026-02-11 04:40:03,Account,I need help with my account.,neutral,2.47
900501,123686,2026-06-30 23:59:59,Account,I need help with my account.,neutral,2.09
900502,128376,2026-05-27 11:00:38,Payment Failure,My payment failed and I do not know why.,negative,4.74
900503,103086,2026-05-11 10:38:42,KYC Issues,I am unable to complete KYC document verification.,negative,32.83
900504,149372,2026-05-16 07:53:57,KYC Issues,I am unable to complete KYC document verification.,negative,8.59
900505,103752,2026-02-10 09:13:00,KYC Issues,I am unable to complete KYC document verification.,negative,3.94
900506,105049,2026-02-17 06:04:44,Rewards,The rewards experience is confusing.,neutral,5.38
900507,129187,2026-01-31 16:21:47,Payment Failure,My payment failed and I do not know why.,negative,4.64
900508,130709,2026-04-16 02:58:27,App Performance,The app feels slow and sometimes freezes.,negative,6.59
900509,120147,2026-05-21 08:57:13,KYC Issues,I am unable to complete KYC document verification.,negative,13.15
900510,132250,2026-01-30 21:12:43,Rewards,The rewards experience is confusing.,neutral,3.86
900511,104970,2026-06-30 23:59:59,KYC Issues,I am unable to complete KYC document verification.,negative,28.87
900512,130526,2026-01-31 15:42:43,Rewards,The rewards experience is confusing.,neutral,3.97
900513,118495,2026-04-03 16:29:10,Payment Failure,My payment failed and I do not know why.,negative,12.57
900514,138065,2026-05-30 20:55:58,Account,I need help with my account.,neutral,4.76
900515,141837,2026-01-30 17:26:32,Payment Failure,My payment failed and I do not know why.,negative,8.6
900516,132753,2026-03-14 07:44:35,Payment Failure,My payment failed and I do not know why.,negative,6.57
900517,120074,2026-03-26 03:58:27,Payment Failure,My payment failed and I do not know why.,negative,4.66
900518,126274,2026-04-25 11:36:38,App Performance,The app feels slow and sometimes freezes.,negative,3.01
900519,113650,2026-06-11 20:11:38,Rewards,The rewards experience is confusing.,neutral,4.81
900520,125534,2026-06-24 14:32:16,App Performance,The app feels slow and sometimes freezes.,negative,14.49
900521,117522,2026-05-05 10:36:45,Payment Failure,My payment failed and I do not know why.,negative,5.68
900522,125481,2026-04-23 02:09:44,KYC Issues,I am unable to complete KYC document verification.,negative,9.49
900523,148235,2026-06-28 14:25:18,KYC Issues,I am unable to complete KYC document verification.,negative,4.95
900524,148788,2026-06-15 04:29:39,Account,I need help with my account.,neutral,6.27
900525,132390,2026-06-30 23:59:59,Account,I need help with my account.,neutral,2.66
900526,105087,2026-05-02 20:38:08,Rewards,The rewards experience is confusing.,neutral,12.72
900527,117253,2026-05-06 09:50:50,App Performance,The app feels slow and sometimes freezes.,negative,1.96
900528,104040,2026-03-24 12:50:50,App Performance,The app feels slow and sometimes freezes.,negative,10.79
900529,118387,2026-01-24 23:07:46,KYC Issues,I am unable to complete KYC document verification.,negative,0.7
900530,104247,2026-03-12 03:26:08,Account,I need help with my account.,neutral,2.19
900531,118628,2026-04-28 05:17:43,KYC Issues,I am unable to complete KYC document verification.,negative,8.94
900532,100880,2026-06-14 06:11:47,Payment Failure,My payment failed and I do not know why.,negative,4.48
900533,123299,2026-03-28 05:01:50,App Performance,The app feels slow and sometimes freezes.,negative,10.71
900534,129753,2026-05-08 13:44:53,App Performance,The app feels slow and sometimes freezes.,negative,14.38
900535,130173,2026-03-02 15:29:23,Payment Failure,My payment failed and I do not know why.,negative,9.31
900536,128560,2026-02-04 14:39:43,KYC Issues,I am unable to complete KYC document verification.,negative,10.6
900537,118864,2026-05-25 22:51:50,KYC Issues,I am unable to complete KYC document verification.,negative,13.06
900538,143344,2026-04-09 21:56:52,Payment Failure,My payment failed and I do not know why.,negative,5.78
900539,134211,2026-05-28 12:56:56,App Performance,The app feels slow and sometimes freezes.,negative,9.62
900540,126084,2026-05-16 13:08:55,KYC Issues,I am unable to complete KYC document verification.,negative,3.41
900541,101942,2026-04-05 09:51:22,KYC Issues,I am unable to complete KYC document verification.,negative,11.43
900542,122226,2026-03-30 19:53:15,Account,I need help with my account.,neutral,17.3
900543,144692,2026-05-13 18:43:09,Account,I need help with my account.,neutral,15.37
900544,143240,2026-02-21 15:49:21,Account,I need help with my account.,neutral,7.89
900545,123860,2026-02-18 12:11:15,Rewards,The rewards experience is confusing.,neutral,8.02
900546,114159,2026-05-17 02:22:00,Rewards,The rewards experience is confusing.,neutral,12.45
900547,133876,2026-03-08 09:59:15,Account,I need help with my account.,neutral,2.65
900548,148105,2026-04-04 04:22:47,Payment Failure,My payment failed and I do not know why.,negative,18.51
900549,123450,2026-01-28 03:49:59,Rewards,The rewards experience is confusing.,neutral,12.78
900550,106624,2026-03-21 07:25:05,Account,I need help with my account.,neutral,7.44
900551,138265,2026-06-30 23:59:59,Payment Failure,My payment failed and I do not know why.,negative,9.23
900552,126242,2026-03-26 14:10:45,Payment Failure,My payment failed and I do not know why.,negative,11.86
900553,147592,2026-06-22 21:21:12,KYC Issues,I am unable to complete KYC document verification.,negative,17.43
900554,124156,2026-05-23 14:18:38,Payment Failure,My payment failed and I do not know why.,negative,14.37
900555,132059,2026-06-22 20:04:37,KYC Issues,I am unable to complete KYC document verification.,negative,8.05
900556,109332,2026-01-31 12:51:59,Payment Failure,My payment failed and I do not know why.,negative,11.02
900557,143565,2026-05-31 00:59:42,App Performance,The app feels slow and sometimes freezes.,negative,5.75
900558,103494,2026-01-29 17:22:18,Rewards,The rewards experience is confusing.,neutral,15.04
900559,104879,2026-04-16 11:25:45,Payment Failure,My payment failed and I do not know why.,negative,8.55
900560,147063,2026-03-09 22:32:52,App Performance,The app feels slow and sometimes freezes.,negative,9.98
900561,100999,2026-06-06 09:25:30,Rewards,The rewards experience is confusing.,neutral,37.42
900562,137087,2026-03-17 01:17:06,Account,I need help with my account.,neutral,10.34
900563,136438,2026-05-18 10:45:47,Payment Failure,My payment failed and I do not know why.,negative,0.65
900564,134750,2026-04-28 22:00:24,Account,I need help with my account.,neutral,2.15
900565,128617,2026-06-18 20:32:22,App Performance,The app feels slow and sometimes freezes.,negative,3.0
900566,137096,2026-01-31 18:04:47,Rewards,The rewards experience is confusing.,neutral,22.8
900567,122811,2026-02-05 13:50:27,Payment Failure,My payment failed and I do not know why.,negative,9.12
900568,107143,2026-02-03 05:23:33,Account,I need help with my account.,neutral,7.56
900569,121559,2026-02-04 16:23:36,Account,I need help with my account.,neutral,1.84
900570,109936,2026-06-07 19:27:12,Payment Failure,My payment failed and I do not know why.,negative,4.44
900571,104789,2026-01-29 01:36:15,App Performance,The app feels slow and sometimes freezes.,negative,7.38
900572,130511,2026-03-23 13:00:51,Payment Failure,My payment failed and I do not know why.,negative,23.45
900573,131190,2026-04-23 21:28:12,Account,I need help with my account.,neutral,11.59
900574,120084,2026-02-26 08:57:25,KYC Issues,I am unable to complete KYC document verification.,negative,17.58
900575,110824,2026-01-05 22:14:54,KYC Issues,I am unable to complete KYC document verification.,negative,7.18
900576,100673,2026-01-21 08:13:11,App Performance,The app feels slow and sometimes freezes.,negative,5.7
900577,115595,2026-01-03 10:02:45,Account,I need help with my account.,neutral,1.37
900578,143049,2026-06-22 06:18:02,Rewards,The rewards experience is confusing.,neutral,6.91
900579,121912,2026-06-09 17:24:07,KYC Issues,I am unable to complete KYC document verification.,negative,13.46
900580,111869,2026-01-28 15:33:58,Account,I need help with my account.,neutral,8.23
900581,134691,2026-02-11 18:46:04,App Performance,The app feels slow and sometimes freezes.,negative,4.06
900582,111322,2026-05-19 14:40:22,Rewards,The rewards experience is confusing.,neutral,2.96
900583,144212,2026-06-21 09:30:36,KYC Issues,I am unable to complete KYC document verification.,negative,16.02
900584,124615,2026-01-30 13:16:57,Payment Failure,My payment failed and I do not know why.,negative,11.09
900585,112006,2026-01-20 17:07:48,KYC Issues,I am unable to complete KYC document verification.,negative,8.96
900586,103940,2026-03-14 17:28:23,KYC Issues,I am unable to complete KYC document verification.,negative,14.54
900587,104614,2026-06-09 17:56:14,KYC Issues,I am unable to complete KYC document verification.,negative,3.18
900588,136760,2026-03-05 16:03:59,KYC Issues,I am unable to complete KYC document verification.,negative,2.92
900589,131459,2026-03-10 10:29:11,Account,I need help with my account.,neutral,10.43
900590,144953,2026-05-08 18:12:22,KYC Issues,I am unable to complete KYC document verification.,negative,14.62
900591,104348,2026-06-30 23:59:59,Payment Failure,My payment failed and I do not know why.,negative,5.54
900592,139328,2026-03-10 02:16:24,Rewards,The rewards experience is confusing.,neutral,21.51
900593,149923,2026-01-14 17:56:22,Payment Failure,My payment failed and I do not know why.,negative,3.55
900594,122394,2026-01-21 17:34:33,KYC Issues,I am unable to complete KYC document verification.,negative,9.18
900595,103157,2026-02-27 09:35:01,KYC Issues,I am unable to complete KYC document verification.,negative,15.86
900596,129918,2026-02-20 19:48:56,Payment Failure,My payment failed and I do not know why.,negative,4.62
900597,137224,2026-03-01 03:20:46,Account,I need help with my account.,neutral,2.99
900598,113479,2026-04-16 23:46:20,App Performance,The app feels slow and sometimes freezes.,negative,3.03
900599,113872,2026-06-24 16:18:47,KYC Issues,I am unable to complete KYC document verification.,negative,27.52
900600,138556,2026-05-22 23:21:29,KYC Issues,I am unable to complete KYC document verification.,negative,7.36
900601,125330,2026-04-29 09:15:11,Account,I need help with my account.,neutral,3.08
900602,144685,2026-06-08 08:18:26,Payment Failure,My payment failed and I do not know why.,negative,10.03
900603,100986,2026-03-14 07:52:26,Account,I need help with my account.,neutral,2.56
900604,137140,2026-03-05 00:06:32,KYC Issues,I am unable to complete KYC document verification.,negative,14.29
900605,135034,2026-06-10 17:25:19,Payment Failure,My payment failed and I do not know why.,negative,28.66
900606,123731,2026-04-20 05:49:11,Payment Failure,My payment failed and I do not know why.,negative,8.96
900607,107531,2026-04-19 21:34:28,KYC Issues,I am unable to complete KYC document verification.,negative,3.49
900608,144395,2026-02-27 20:01:55,App Performance,The app feels slow and sometimes freezes.,negative,4.12
900609,132949,2026-03-02 21:39:54,Account,I need help with my account.,neutral,5.05
900610,130878,2026-04-21 22:06:05,Payment Failure,My payment failed and I do not know why.,negative,23.15
900611,129931,2026-05-23 03:29:26,App Performance,The app feels slow and sometimes freezes.,negative,33.15
900612,123416,2026-06-16 15:23:59,KYC Issues,I am unable to complete KYC document verification.,negative,3.97
900613,106060,2026-06-20 08:16:22,Payment Failure,My payment failed and I do not know why.,negative,16.52
900614,123680,2026-05-31 22:40:29,Payment Failure,My payment failed and I do not know why.,negative,5.88
900615,115941,2026-03-31 18:10:33,Account,I need help with my account.,neutral,14.81
900616,106949,2026-06-26 19:07:06,KYC Issues,I am unable to complete KYC document verification.,negative,8.0
900617,130096,2026-04-27 16:37:12,App Performance,The app feels slow and sometimes freezes.,negative,18.61
900618,141340,2026-05-22 16:51:22,KYC Issues,I am unable to complete KYC document verification.,negative,6.88
900619,149599,2026-01-22 13:28:26,Account,I need help with my account.,neutral,2.66
900620,133184,2026-05-13 16:45:10,Rewards,The rewards experience is confusing.,neutral,1.89
900621,116581,2026-06-19 23:33:51,Rewards,The rewards experience is confusing.,neutral,25.18
900622,101389,2026-03-20 20:02:57,Account,I need help with my account.,neutral,11.08
900623,121351,2026-06-28 07:20:19,Account,I need help with my account.,neutral,3.43
900624,149751,2026-02-14 11:35:56,App Performance,The app feels slow and sometimes freezes.,negative,12.63
900625,134432,2026-06-10 15:11:27,App Performance,The app feels slow and sometimes freezes.,negative,1.41
900626,124455,2026-06-10 01:05:47,Payment Failure,My payment failed and I do not know why.,negative,12.1
900627,140360,2026-06-29 01:42:16,App Performance,The app feels slow and sometimes freezes.,negative,15.1
900628,118578,2026-05-16 07:49:16,KYC Issues,I am unable to complete KYC document verification.,negative,5.26
900629,133452,2026-06-27 09:51:03,App Performance,The app feels slow and sometimes freezes.,negative,2.82
900630,147853,2026-02-21 13:45:28,Payment Failure,My payment failed and I do not know why.,negative,2.55
900631,100005,2026-04-16 02:33:36,KYC Issues,I am unable to complete KYC document verification.,negative,14.63
900632,129183,2026-03-28 03:11:03,Payment Failure,My payment failed and I do not know why.,negative,21.84
900633,108231,2026-04-27 10:00:37,KYC Issues,I am unable to complete KYC document verification.,negative,3.51
900634,105947,2026-02-28 06:26:06,KYC Issues,I am unable to complete KYC document verification.,negative,0.82
900635,107823,2026-04-10 04:40:01,KYC Issues,I am unable to complete KYC document verification.,negative,14.29
900636,119487,2026-04-16 08:56:04,App Performance,The app feels slow and sometimes freezes.,negative,18.23
900637,115385,2026-04-04 05:15:17,Rewards,The rewards experience is confusing.,neutral,16.0
900638,141100,2026-05-30 10:34:48,Payment Failure,My payment failed and I do not know why.,negative,9.3
900639,118184,2026-04-16 23:23:14,Account,I need help with my account.,neutral,14.19
900640,127162,2026-04-22 01:38:37,App Performance,The app feels slow and sometimes freezes.,negative,12.54
900641,111646,2026-02-14 09:28:04,Rewards,The rewards experience is confusing.,neutral,5.66
900642,124391,2026-04-23 10:23:31,Account,I need help with my account.,neutral,4.47
900643,104851,2026-06-09 07:25:18,App Performance,The app feels slow and sometimes freezes.,negative,7.28
900644,147436,2026-03-30 17:20:36,KYC Issues,I am unable to complete KYC document verification.,negative,13.21
900645,142207,2026-01-12 14:05:55,Payment Failure,My payment failed and I do not know why.,negative,23.39
900646,145341,2026-02-27 12:38:24,Account,I need help with my account.,neutral,22.87
900647,128170,2026-01-31 09:53:53,KYC Issues,I am unable to complete KYC document verification.,negative,4.51
900648,103420,2026-03-30 11:53:24,Rewards,The rewards experience is confusing.,neutral,12.4
900649,142591,2026-04-09 16:44:00,App Performance,The app feels slow and sometimes freezes.,negative,12.77
900650,138735,2026-05-21 17:57:24,Payment Failure,My payment failed and I do not know why.,negative,4.55
900651,136720,2026-03-13 04:04:30,Account,I need help with my account.,neutral,8.68
900652,129498,2026-05-03 14:52:11,App Performance,The app feels slow and sometimes freezes.,negative,16.0
900653,104363,2026-02-18 03:00:20,Rewards,The rewards experience is confusing.,neutral,9.02
900654,104029,2026-05-01 07:58:22,Payment Failure,My payment failed and I do not know why.,negative,11.39
900655,103427,2026-03-11 07:07:29,Payment Failure,My payment failed and I do not know why.,negative,8.28
900656,120269,2026-01-31 11:37:12,Payment Failure,My payment failed and I do not know why.,negative,3.92
900657,120058,2026-05-08 19:48:47,Payment Failure,My payment failed and I do not know why.,negative,12.57
900658,111479,2026-03-22 10:03:18,KYC Issues,I am unable to complete KYC document verification.,negative,14.95
900659,147945,2026-03-15 16:54:26,Payment Failure,My payment failed and I do not know why.,negative,14.45
900660,129393,2026-06-16 12:15:34,Rewards,The rewards experience is confusing.,neutral,2.79
900661,129047,2026-05-08 01:06:11,KYC Issues,I am unable to complete KYC document verification.,negative,10.96
900662,108565,2026-03-05 01:44:20,Rewards,The rewards experience is confusing.,neutral,4.98
900663,139507,2026-05-17 17:13:13,Payment Failure,My payment failed and I do not know why.,negative,7.18
900664,149805,2026-02-20 20:48:21,Rewards,The rewards experience is confusing.,neutral,2.54
900665,125450,2026-06-18 12:27:43,Account,I need help with my account.,neutral,9.86
900666,134922,2026-05-29 06:14:08,App Performance,The app feels slow and sometimes freezes.,negative,5.05
900667,130478,2026-02-09 18:18:08,Account,I need help with my account.,neutral,0.99
900668,113520,2026-06-30 23:59:59,KYC Issues,I am unable to complete KYC document verification.,negative,22.16
900669,134008,2026-05-09 01:57:32,Account,I need help with my account.,neutral,4.83
900670,121316,2026-04-16 08:38:00,Rewards,The rewards experience is confusing.,neutral,5.97
900671,142425,2026-06-30 23:59:59,App Performance,The app feels slow and sometimes freezes.,negative,13.94
900672,148901,2026-02-10 01:08:43,KYC Issues,I am unable to complete KYC document verification.,negative,6.57
900673,147633,2026-02-01 15:13:40,Payment Failure,My payment failed and I do not know why.,negative,2.37
900674,149789,2026-03-20 16:04:37,Account,I need help with my account.,neutral,13.25
900675,144232,2026-05-19 21:08:54,Payment Failure,My payment failed and I do not know why.,negative,13.92
900676,110724,2026-04-23 07:43:19,Account,I need help with my account.,neutral,11.08
900677,113155,2026-06-08 03:42:45,KYC Issues,I am unable to complete KYC document verification.,negative,9.35
900678,113763,2026-01-31 13:43:46,Rewards,The rewards experience is confusing.,neutral,5.97
900679,142812,2026-02-06 16:16:11,KYC Issues,I am unable to complete KYC document verification.,negative,8.18
900680,130804,2026-04-04 04:33:44,KYC Issues,I am unable to complete KYC document verification.,negative,8.02
900681,136261,2026-03-18 23:31:41,App Performance,The app feels slow and sometimes freezes.,negative,10.13
900682,121437,2026-01-08 18:51:48,Account,I need help with my account.,neutral,34.8
900683,125971,2026-02-14 09:45:05,App Performance,The app feels slow and sometimes freezes.,negative,11.99
900684,132204,2026-02-26 16:20:01,Payment Failure,My payment failed and I do not know why.,negative,25.63
900685,107181,2026-03-03 07:56:19,Account,I need help with my account.,neutral,6.54
900686,141281,2026-06-10 16:52:23,App Performance,The app feels slow and sometimes freezes.,negative,6.0
900687,128087,2026-05-17 11:36:14,Rewards,The rewards experience is confusing.,neutral,4.41
900688,113702,2026-03-14 22:22:56,App Performance,The app feels slow and sometimes freezes.,negative,0.41
900689,101004,2026-06-12 01:34:57,KYC Issues,I am unable to complete KYC document verification.,negative,4.63
900690,109059,2026-06-30 23:59:59,App Performance,The app feels slow and sometimes freezes.,negative,11.67
900691,144235,2026-02-14 23:36:18,Payment Failure,My payment failed and I do not know why.,negative,28.82
900692,125675,2026-05-22 16:44:05,Account,I need help with my account.,neutral,22.27
900693,145056,2026-06-09 12:06:18,App Performance,The app feels slow and sometimes freezes.,negative,7.75
900694,135144,2026-03-26 18:17:19,Account,I need help with my account.,neutral,8.87
900695,138163,2026-03-29 12:12:19,Account,I need help with my account.,neutral,12.85
900696,122477,2026-01-14 05:36:36,Payment Failure,My payment failed and I do not know why.,negative,4.48
900697,123007,2026-04-20 14:25:56,Payment Failure,My payment failed and I do not know why.,negative,6.79
900698,145344,2026-05-17 22:15:45,Account,I need help with my account.,neutral,5.47
900699,136128,2026-04-20 12:24:15,KYC Issues,I am unable to complete KYC document verification.,negative,8.82
900700,149710,2026-03-04 22:05:39,Payment Failure,My payment failed and I do not know why.,negative,9.88
900701,113099,2026-04-16 22:25:00,Payment Failure,My payment failed and I do not know why.,negative,6.14
900702,137196,2026-05-13 08:44:14,Account,I need help with my account.,neutral,26.32
900703,104108,2026-01-21 11:43:30,Account,I need help with my account.,neutral,2.93
900704,141336,2026-04-12 12:02:13,Rewards,The rewards experience is confusing.,neutral,13.09
900705,125223,2026-05-05 16:38:16,App Performance,The app feels slow and sometimes freezes.,negative,3.02
900706,135840,2026-02-08 10:29:15,Account,I need help with my account.,neutral,4.09
900707,129719,2026-02-24 14:05:28,KYC Issues,I am unable to complete KYC document verification.,negative,10.59
900708,146953,2026-04-04 05:39:59,Rewards,The rewards experience is confusing.,neutral,10.97
900709,129828,2026-03-27 13:40:28,App Performance,The app feels slow and sometimes freezes.,negative,12.91
900710,117543,2026-02-25 20:02:42,Rewards,The rewards experience is confusing.,neutral,12.25
900711,124916,2026-04-01 03:29:47,KYC Issues,I am unable to complete KYC document verification.,negative,5.29
900712,104514,2026-05-04 04:21:51,Payment Failure,My payment failed and I do not know why.,negative,7.55
900713,119937,2026-03-11 07:44:53,Payment Failure,My payment failed and I do not know why.,negative,6.16
900714,146525,2026-06-30 23:59:59,Account,I need help with my account.,neutral,46.53
900715,124511,2026-04-28 11:15:18,Rewards,The rewards experience is confusing.,neutral,26.48
900716,127442,2026-04-10 05:08:33,KYC Issues,I am unable to complete KYC document verification.,negative,5.06
900717,112002,2026-05-13 15:04:40,App Performance,The app feels slow and sometimes freezes.,negative,22.66
900718,123354,2026-03-30 09:26:21,Account,I need help with my account.,neutral,14.35
900719,127293,2026-04-30 20:55:18,Account,I need help with my account.,neutral,8.34
900720,134204,2026-06-25 17:05:31,Account,I need help with my account.,neutral,4.42
900721,112148,2026-02-17 02:41:44,Account,I need help with my account.,neutral,2.74
900722,115292,2026-04-06 15:29:44,App Performance,The app feels slow and sometimes freezes.,negative,18.62
900723,146880,2026-04-21 20:29:07,Payment Failure,My payment failed and I do not know why.,negative,8.51
900724,108691,2026-05-18 22:02:53,Account,I need help with my account.,neutral,10.09
900725,112654,2026-06-19 07:23:06,KYC Issues,I am unable to complete KYC document verification.,negative,15.9
900726,131470,2026-04-22 13:48:16,KYC Issues,I am unable to complete KYC document verification.,negative,2.56
900727,102955,2026-03-28 04:46:45,KYC Issues,I am unable to complete KYC document verification.,negative,16.29
900728,103004,2026-03-23 17:36:46,KYC Issues,I am unable to complete KYC document verification.,negative,12.23
900729,115814,2026-02-14 01:42:01,Payment Failure,My payment failed and I do not know why.,negative,2.58
900730,106657,2026-04-20 03:45:07,App Performance,The app feels slow and sometimes freezes.,negative,13.93
900731,112774,2026-02-08 00:47:09,Payment Failure,My payment failed and I do not know why.,negative,20.27
900732,139531,2026-02-15 19:32:34,Rewards,The rewards experience is confusing.,neutral,19.61
900733,134408,2026-01-17 13:58:03,KYC Issues,I am unable to complete KYC document verification.,negative,15.15
900734,108837,2026-03-06 04:29:45,KYC Issues,I am unable to complete KYC document verification.,negative,21.37
900735,114618,2026-05-16 04:14:00,App Performance,The app feels slow and sometimes freezes.,negative,17.91
900736,122836,2026-03-30 17:04:47,Rewards,The rewards experience is confusing.,neutral,13.04
900737,115981,2026-02-17 07:16:16,Account,I need help with my account.,neutral,12.64
900738,137916,2026-04-08 08:35:36,Rewards,The rewards experience is confusing.,neutral,6.37
900739,101571,2026-06-17 23:34:58,KYC Issues,I am unable to complete KYC document verification.,negative,23.88
900740,135908,2026-06-21 02:37:32,Payment Failure,My payment failed and I do not know why.,negative,3.31
900741,126090,2026-05-14 17:43:23,Rewards,The rewards experience is confusing.,neutral,2.87
900742,120914,2026-02-01 15:59:48,Payment Failure,My payment failed and I do not know why.,negative,9.75
900743,109958,2026-01-21 20:38:04,Account,I need help with my account.,neutral,4.77
900744,118276,2026-02-17 01:16:06,Payment Failure,My payment failed and I do not know why.,negative,3.29
900745,115432,2026-02-02 05:41:30,Payment Failure,My payment failed and I do not know why.,negative,5.02
900746,123494,2026-05-18 06:54:12,Account,I need help with my account.,neutral,10.57
900747,115790,2026-06-23 09:43:28,App Performance,The app feels slow and sometimes freezes.,negative,5.31
900748,135780,2026-02-15 13:46:03,Payment Failure,My payment failed and I do not know why.,negative,6.96
900749,111981,2026-05-01 14:47:53,Payment Failure,My payment failed and I do not know why.,negative,0.47
900750,144906,2026-02-28 21:19:50,Rewards,The rewards experience is confusing.,neutral,10.15
900751,135763,2026-06-30 23:59:59,App Performance,The app feels slow and sometimes freezes.,negative,6.21
900752,127093,2026-03-26 01:35:14,Rewards,The rewards experience is confusing.,neutral,6.12
900753,146835,2026-05-16 15:02:31,Rewards,The rewards experience is confusing.,neutral,5.0
900754,133438,2026-04-28 13:40:16,Account,I need help with my account.,neutral,9.2
900755,147381,2026-06-24 03:10:41,KYC Issues,I am unable to complete KYC document verification.,negative,5.84
900756,101591,2026-01-11 16:07:42,Payment Failure,My payment failed and I do not know why.,negative,13.31
900757,126756,2026-04-01 13:41:51,KYC Issues,I am unable to complete KYC document verification.,negative,9.97
900758,121759,2026-02-24 18:29:08,Account,I need help with my account.,neutral,6.25
900759,103002,2026-04-30 23:01:56,KYC Issues,I am unable to complete KYC document verification.,negative,4.23
900760,144112,2026-05-14 08:08:36,Payment Failure,My payment failed and I do not know why.,negative,4.32
900761,143520,2026-05-09 16:51:16,Rewards,The rewards experience is confusing.,neutral,15.45
900762,100629,2026-03-23 09:05:35,Payment Failure,My payment failed and I do not know why.,negative,4.83
900763,120737,2026-06-25 01:17:25,Payment Failure,My payment failed and I do not know why.,negative,10.18
900764,111903,2026-03-01 09:57:55,KYC Issues,I am unable to complete KYC document verification.,negative,18.12
900765,106367,2026-02-22 08:23:44,Payment Failure,My payment failed and I do not know why.,negative,3.76
900766,117133,2026-04-15 12:08:34,App Performance,The app feels slow and sometimes freezes.,negative,8.77
900767,109479,2026-06-11 10:49:08,KYC Issues,I am unable to complete KYC document verification.,negative,10.71
900768,141871,2026-01-31 04:26:41,Payment Failure,My payment failed and I do not know why.,negative,6.01
900769,112933,2026-05-29 12:35:19,Rewards,The rewards experience is confusing.,neutral,15.49
900770,113642,2026-06-23 12:53:04,KYC Issues,I am unable to complete KYC document verification.,negative,25.4
900771,119627,2026-01-11 19:25:23,KYC Issues,I am unable to complete KYC document verification.,negative,5.79
900772,109952,2026-04-25 23:42:32,Rewards,The rewards experience is confusing.,neutral,7.95
900773,128963,2026-05-02 00:20:18,Payment Failure,My payment failed and I do not know why.,negative,20.57
900774,128446,2026-01-10 23:41:13,KYC Issues,I am unable to complete KYC document verification.,negative,2.65
900775,119699,2026-05-28 14:48:50,Account,I need help with my account.,neutral,9.32
900776,144224,2026-05-13 17:01:36,Payment Failure,My payment failed and I do not know why.,negative,10.57
900777,102997,2026-06-23 05:44:49,Payment Failure,My payment failed and I do not know why.,negative,3.16
900778,113638,2026-05-31 05:55:52,Payment Failure,My payment failed and I do not know why.,negative,4.0
900779,122471,2026-06-13 05:16:05,Account,I need help with my account.,neutral,6.72
900780,136087,2026-05-09 23:03:45,Payment Failure,My payment failed and I do not know why.,negative,1.67
900781,128918,2026-06-30 23:59:59,Rewards,The rewards experience is confusing.,neutral,6.62
900782,117650,2026-06-04 05:17:22,Account,I need help with my account.,neutral,15.21
900783,127956,2026-06-30 23:59:59,Payment Failure,My payment failed and I do not know why.,negative,4.25
900784,102855,2026-06-30 23:59:59,Payment Failure,My payment failed and I do not know why.,negative,10.49
900785,113390,2026-04-21 01:17:19,KYC Issues,I am unable to complete KYC document verification.,negative,8.86
900786,113049,2026-01-25 08:20:43,Payment Failure,My payment failed and I do not know why.,negative,6.04
900787,122333,2026-05-26 20:57:42,KYC Issues,I am unable to complete KYC document verification.,negative,11.83
900788,130578,2026-03-14 05:19:53,Payment Failure,My payment failed and I do not know why.,negative,7.05
900789,134735,2026-03-05 09:01:28,KYC Issues,I am unable to complete KYC document verification.,negative,6.39
900790,119539,2026-02-11 04:15:59,Account,I need help with my account.,neutral,11.75
900791,139587,2026-06-30 23:59:59,Account,I need help with my account.,neutral,31.91
900792,105573,2026-05-20 11:22:50,Account,I need help with my account.,neutral,10.77
900793,147751,2026-06-07 08:35:16,Rewards,The rewards experience is confusing.,neutral,6.34
900794,130964,2026-03-05 23:53:08,Payment Failure,My payment failed and I do not know why.,negative,17.9
900795,135496,2026-04-09 22:09:17,App Performance,The app feels slow and sometimes freezes.,negative,9.73
900796,120263,2026-03-31 08:58:53,Payment Failure,My payment failed and I do not know why.,negative,0.6
900797,144660,2026-04-30 07:44:19,App Performance,The app feels slow and sometimes freezes.,negative,10.9
900798,121746,2026-03-29 16:25:19,App Performance,The app feels slow and sometimes freezes.,negative,9.57
900799,147249,2026-05-17 06:14:29,Payment Failure,My payment failed and I do not know why.,negative,13.93
900800,136228,2026-04-15 12:29:21,Account,I need help with my account.,neutral,1.33
900801,128787,2026-02-08 11:49:23,App Performance,The app feels slow and sometimes freezes.,negative,16.55
900802,135620,2026-05-22 01:44:06,Payment Failure,My payment failed and I do not know why.,negative,3.72
900803,146000,2026-06-10 08:03:04,KYC Issues,I am unable to complete KYC document verification.,negative,23.04
900804,149513,2026-01-31 09:04:35,Payment Failure,My payment failed and I do not know why.,negative,12.04
900805,144515,2026-03-04 10:22:42,KYC Issues,I am unable to complete KYC document verification.,negative,10.52
900806,128684,2026-06-16 06:02:31,Account,I need help with my account.,neutral,9.39
900807,131549,2026-06-30 23:59:59,KYC Issues,I am unable to complete KYC document verification.,negative,3.07
900808,131965,2026-05-29 06:44:57,Account,I need help with my account.,neutral,3.38
900809,109434,2026-02-23 01:04:51,App Performance,The app feels slow and sometimes freezes.,negative,2.08
900810,122374,2026-02-27 12:58:41,Account,I need help with my account.,neutral,27.58
900811,121623,2026-02-12 22:42:10,Payment Failure,My payment failed and I do not know why.,negative,6.37
900812,112452,2026-04-06 13:52:19,App Performance,The app feels slow and sometimes freezes.,negative,15.71
900813,111800,2026-05-01 16:56:09,Account,I need help with my account.,neutral,3.6
900814,131389,2026-06-30 23:59:59,KYC Issues,I am unable to complete KYC document verification.,negative,19.58
900815,120769,2026-05-04 08:45:38,App Performance,The app feels slow and sometimes freezes.,negative,14.96
900816,104829,2026-01-13 10:03:20,App Performance,The app feels slow and sometimes freezes.,negative,0.8
900817,114590,2026-03-23 21:04:30,Rewards,The rewards experience is confusing.,neutral,8.9
900818,101508,2026-03-05 00:25:47,Payment Failure,My payment failed and I do not know why.,negative,6.98
900819,118613,2026-06-21 18:22:25,App Performance,The app feels slow and sometimes freezes.,negative,13.27
900820,119303,2026-04-30 03:29:30,KYC Issues,I am unable to complete KYC document verification.,negative,17.75
900821,138310,2026-02-13 18:11:16,KYC Issues,I am unable to complete KYC document verification.,negative,8.92
900822,101739,2026-05-26 22:00:39,App Performance,The app feels slow and sometimes freezes.,negative,7.52
900823,135876,2026-03-26 16:12:33,Account,I need help with my account.,neutral,15.68
900824,147068,2026-04-17 11:07:19,Payment Failure,My payment failed and I do not know why.,negative,34.25
900825,105115,2026-02-17 12:13:12,Account,I need help with my account.,neutral,27.65
900826,124907,2026-06-01 22:35:42,Payment Failure,My payment failed and I do not know why.,negative,3.16
900827,107636,2026-03-18 18:44:58,App Performance,The app feels slow and sometimes freezes.,negative,14.25
900828,114399,2026-06-16 08:54:44,KYC Issues,I am unable to complete KYC document verification.,negative,7.52
900829,136171,2026-05-03 21:00:39,Account,I need help with my account.,neutral,10.35
900830,109184,2026-06-25 09:27:53,KYC Issues,I am unable to complete KYC document verification.,negative,18.78
900831,136797,2026-02-19 11:20:01,KYC Issues,I am unable to complete KYC document verification.,negative,11.73
900832,137623,2026-05-20 11:58:32,Account,I need help with my account.,neutral,8.52
900833,101656,2026-06-10 02:34:09,KYC Issues,I am unable to complete KYC document verification.,negative,2.84
900834,104327,2026-04-14 23:19:15,Payment Failure,My payment failed and I do not know why.,negative,5.9
900835,127378,2026-02-07 11:12:42,Account,I need help with my account.,neutral,17.91
900836,119045,2026-04-12 08:37:52,Payment Failure,My payment failed and I do not know why.,negative,11.89
900837,144329,2026-02-08 18:12:46,Rewards,The rewards experience is confusing.,neutral,7.04
900838,109662,2026-03-17 03:07:30,Account,I need help with my account.,neutral,6.13
900839,115915,2026-06-06 04:31:37,Payment Failure,My payment failed and I do not know why.,negative,11.37
900840,125467,2026-06-03 01:16:47,Payment Failure,My payment failed and I do not know why.,negative,4.46
900841,113611,2026-06-25 10:54:11,Rewards,The rewards experience is confusing.,neutral,6.19
900842,111671,2026-03-01 11:23:12,KYC Issues,I am unable to complete KYC document verification.,negative,13.64
900843,101220,2026-05-01 08:28:07,Rewards,The rewards experience is confusing.,neutral,15.37
900844,138864,2026-02-24 19:29:42,Account,I need help with my account.,neutral,10.91
900845,112558,2026-06-13 08:46:41,Rewards,The rewards experience is confusing.,neutral,12.76
900846,139144,2026-03-13 04:22:23,Account,I need help with my account.,neutral,7.91
900847,135509,2026-05-14 11:09:57,Payment Failure,My payment failed and I do not know why.,negative,2.8
900848,111853,2026-05-16 20:13:55,KYC Issues,I am unable to complete KYC document verification.,negative,10.57
900849,113239,2026-05-22 13:13:57,App Performance,The app feels slow and sometimes freezes.,negative,37.7
900850,129951,2026-03-09 17:23:34,Payment Failure,My payment failed and I do not know why.,negative,15.51
900851,127985,2026-06-10 07:23:54,App Performance,The app feels slow and sometimes freezes.,negative,10.1
900852,122091,2026-06-20 06:17:23,App Performance,The app feels slow and sometimes freezes.,negative,14.15
900853,148990,2026-03-11 02:40:19,Account,I need help with my account.,neutral,7.18
900854,140640,2026-04-01 16:40:36,Account,I need help with my account.,neutral,15.95
900855,128912,2026-03-23 17:40:04,Account,I need help with my account.,neutral,13.71
900856,108571,2026-04-08 12:49:45,Payment Failure,My payment failed and I do not know why.,negative,6.25
900857,138432,2026-04-26 06:24:21,Payment Failure,My payment failed and I do not know why.,negative,6.17
900858,140526,2026-02-16 04:04:55,Payment Failure,My payment failed and I do not know why.,negative,9.98
900859,135550,2026-06-30 23:59:59,Rewards,The rewards experience is confusing.,neutral,13.6
900860,129488,2026-05-24 14:24:21,Account,I need help with my account.,neutral,9.27
900861,126038,2026-03-04 11:01:24,App Performance,The app feels slow and sometimes freezes.,negative,8.76
900862,119371,2026-06-12 19:47:30,App Performance,The app feels slow and sometimes freezes.,negative,5.8
900863,144735,2026-06-14 09:11:00,KYC Issues,I am unable to complete KYC document verification.,negative,8.62
900864,106916,2026-05-17 16:56:27,Payment Failure,My payment failed and I do not know why.,negative,34.36
900865,114999,2026-03-23 20:44:21,Payment Failure,My payment failed and I do not know why.,negative,4.31
900866,116751,2026-02-09 13:08:02,Account,I need help with my account.,neutral,2.23
900867,129960,2026-06-13 05:56:14,Account,I need help with my account.,neutral,10.66
900868,128857,2026-03-25 01:41:11,Rewards,The rewards experience is confusing.,neutral,9.81
900869,138912,2026-03-08 14:00:26,App Performance,The app feels slow and sometimes freezes.,negative,6.74
900870,105844,2026-03-23 06:33:46,Payment Failure,My payment failed and I do not know why.,negative,8.32
900871,115770,2026-05-24 06:17:53,Payment Failure,My payment failed and I do not know why.,negative,19.13
900872,127099,2026-03-06 05:40:25,Payment Failure,My payment failed and I do not know why.,negative,2.92
900873,134727,2026-04-21 07:32:35,KYC Issues,I am unable to complete KYC document verification.,negative,6.85
900874,120931,2026-06-30 23:59:59,KYC Issues,I am unable to complete KYC document verification.,negative,12.7
900875,112314,2026-04-27 05:32:53,Payment Failure,My payment failed and I do not know why.,negative,21.57
900876,108294,2026-06-30 23:59:59,KYC Issues,I am unable to complete KYC document verification.,negative,7.32
900877,149409,2026-03-03 11:44:18,Account,I need help with my account.,neutral,7.92
900878,122320,2026-04-08 23:41:02,Payment Failure,My payment failed and I do not know why.,negative,15.19
900879,120487,2026-01-24 14:15:48,Rewards,The rewards experience is confusing.,neutral,27.53
900880,122611,2026-06-22 02:41:20,KYC Issues,I am unable to complete KYC document verification.,negative,2.85
900881,112466,2026-03-11 16:38:40,Account,I need help with my account.,neutral,16.88
900882,141513,2026-06-30 23:59:59,Rewards,The rewards experience is confusing.,neutral,8.25
900883,148610,2026-06-30 23:59:59,Rewards,The rewards experience is confusing.,neutral,2.93
900884,117673,2026-06-27 01:55:18,KYC Issues,I am unable to complete KYC document verification.,negative,9.14
900885,108566,2026-02-02 13:32:15,KYC Issues,I am unable to complete KYC document verification.,negative,16.91
900886,142906,2026-05-10 11:11:49,KYC Issues,I am unable to complete KYC document verification.,negative,4.85
900887,133295,2026-06-23 03:29:31,Payment Failure,My payment failed and I do not know why.,negative,5.38
900888,112929,2026-04-17 15:12:27,App Performance,The app feels slow and sometimes freezes.,negative,0.64
900889,108384,2026-06-11 09:14:15,Account,I need help with my account.,neutral,6.28
900890,126547,2026-06-17 21:12:08,Payment Failure,My payment failed and I do not know why.,negative,9.78
900891,121161,2026-06-02 01:00:30,Rewards,The rewards experience is confusing.,neutral,5.99
900892,125332,2026-05-28 23:57:28,Account,I need help with my account.,neutral,12.11
900893,100417,2026-02-17 00:32:48,Payment Failure,My payment failed and I do not know why.,negative,7.99
900894,138314,2026-05-27 08:35:57,Account,I need help with my account.,neutral,5.68
900895,140759,2026-02-14 03:39:45,Account,I need help with my account.,neutral,17.72
900896,101407,2026-01-27 11:46:31,KYC Issues,I am unable to complete KYC document verification.,negative,1.93
900897,127989,2026-06-30 23:59:59,KYC Issues,I am unable to complete KYC document verification.,negative,1.77
900898,120658,2026-04-21 20:37:49,Payment Failure,My payment failed and I do not know why.,negative,5.52
900899,146982,2026-05-19 03:42:50,Account,I need help with my account.,neutral,6.89
900900,129902,2026-06-29 00:35:10,Rewards,The rewards experience is confusing.,neutral,7.23
900901,132870,2026-04-16 11:58:41,Account,I need help with my account.,neutral,1.22
900902,121614,2026-04-07 10:36:34,Payment Failure,My payment failed and I do not know why.,negative,2.41
900903,118693,2026-03-23 07:38:45,App Performance,The app feels slow and sometimes freezes.,negative,16.5
900904,114463,2026-01-12 06:35:59,Rewards,The rewards experience is confusing.,neutral,6.31
900905,113530,2026-04-24 16:07:44,KYC Issues,I am unable to complete KYC document verification.,negative,7.67
900906,129805,2026-01-15 14:21:52,KYC Issues,I am unable to complete KYC document verification.,negative,12.85
900907,101445,2026-06-30 23:59:59,App Performance,The app feels slow and sometimes freezes.,negative,26.89
900908,118219,2026-01-27 21:43:51,KYC Issues,I am unable to complete KYC document verification.,negative,5.26
900909,145064,2026-06-15 23:29:59,Payment Failure,My payment failed and I do not know why.,negative,9.25
900910,130647,2026-04-19 01:43:53,KYC Issues,I am unable to complete KYC document verification.,negative,26.11
900911,149168,2026-05-26 04:16:21,Rewards,The rewards experience is confusing.,neutral,3.25
900912,139990,2026-02-18 16:01:43,Payment Failure,My payment failed and I do not know why.,negative,10.73
900913,144756,2026-06-23 20:54:17,KYC Issues,I am unable to complete KYC document verification.,negative,7.43
900914,148346,2026-05-21 01:33:22,KYC Issues,I am unable to complete KYC document verification.,negative,1.32
900915,142970,2026-06-30 23:59:59,Rewards,The rewards experience is confusing.,neutral,8.5
900916,120420,2026-03-14 06:33:31,Payment Failure,My payment failed and I do not know why.,negative,13.76
900917,110897,2026-05-21 05:06:10,App Performance,The app feels slow and sometimes freezes.,negative,2.34
900918,145621,2026-02-06 10:53:36,Account,I need help with my account.,neutral,5.77
900919,136350,2026-06-29 18:31:52,Payment Failure,My payment failed and I do not know why.,negative,11.4
900920,119313,2026-03-31 04:48:11,Payment Failure,My payment failed and I do not know why.,negative,3.87
900921,105583,2026-03-05 21:46:56,App Performance,The app feels slow and sometimes freezes.,negative,8.31
900922,106683,2026-03-26 07:34:33,Rewards,The rewards experience is confusing.,neutral,1.05
900923,130680,2026-03-02 15:29:03,App Performance,The app feels slow and sometimes freezes.,negative,11.04
900924,128389,2026-05-10 19:40:28,Payment Failure,My payment failed and I do not know why.,negative,0.94
900925,106848,2026-06-30 23:59:59,Payment Failure,My payment failed and I do not know why.,negative,3.1
900926,115982,2026-04-28 16:17:08,KYC Issues,I am unable to complete KYC document verification.,negative,6.87
900927,133676,2026-05-19 15:45:08,Account,I need help with my account.,neutral,26.96
900928,147504,2026-05-27 19:45:41,Account,I need help with my account.,neutral,2.41
900929,107566,2026-03-16 12:51:20,KYC Issues,I am unable to complete KYC document verification.,negative,12.32
900930,120729,2026-05-02 18:10:07,App Performance,The app feels slow and sometimes freezes.,negative,13.96
900931,107412,2026-06-10 03:32:14,Rewards,The rewards experience is confusing.,neutral,1.32
900932,125355,2026-04-08 18:14:50,Payment Failure,My payment failed and I do not know why.,negative,3.94
900933,147739,2026-02-09 20:50:16,Rewards,The rewards experience is confusing.,neutral,8.3
900934,109759,2026-03-07 07:57:18,Rewards,The rewards experience is confusing.,neutral,7.82
900935,109768,2026-05-17 17:43:33,Account,I need help with my account.,neutral,10.39
900936,107134,2026-03-24 20:42:27,KYC Issues,I am unable to complete KYC document verification.,negative,11.39
900937,128594,2026-02-28 09:12:11,Payment Failure,My payment failed and I do not know why.,negative,4.89
900938,141210,2026-01-05 09:15:20,Account,I need help with my account.,neutral,8.54
900939,123112,2026-03-06 13:41:03,KYC Issues,I am unable to complete KYC document verification.,negative,3.62
900940,144347,2026-05-14 22:39:51,App Performance,The app feels slow and sometimes freezes.,negative,9.74
900941,122810,2026-02-03 11:02:28,KYC Issues,I am unable to complete KYC document verification.,negative,24.41
900942,120508,2026-05-23 23:36:23,KYC Issues,I am unable to complete KYC document verification.,negative,7.75
900943,145706,2026-03-30 23:45:09,Payment Failure,My payment failed and I do not know why.,negative,10.63
900944,121762,2026-05-16 03:41:33,App Performance,The app feels slow and sometimes freezes.,negative,7.64
900945,121496,2026-03-02 17:36:05,Payment Failure,My payment failed and I do not know why.,negative,14.35
900946,111505,2026-03-29 20:28:53,KYC Issues,I am unable to complete KYC document verification.,negative,10.62
900947,132457,2026-06-30 23:59:59,Account,I need help with my account.,neutral,9.94
900948,144210,2026-02-25 04:32:05,App Performance,The app feels slow and sometimes freezes.,negative,11.65
900949,143813,2026-03-02 08:39:50,KYC Issues,I am unable to complete KYC document verification.,negative,14.9
900950,118265,2026-02-07 18:08:36,KYC Issues,I am unable to complete KYC document verification.,negative,3.78
900951,141115,2026-06-25 04:50:36,KYC Issues,I am unable to complete KYC document verification.,negative,16.83
900952,120035,2026-04-09 23:09:55,Payment Failure,My payment failed and I do not know why.,negative,9.86
900953,110076,2026-01-31 13:59:12,Rewards,The rewards experience is confusing.,neutral,7.05
900954,137297,2026-01-18 20:11:22,Rewards,The rewards experience is confusing.,neutral,5.51
900955,114277,2026-04-14 17:32:46,KYC Issues,I am unable to complete KYC document verification.,negative,4.66
900956,135781,2026-04-10 06:36:37,Rewards,The rewards experience is confusing.,neutral,8.2
900957,116871,2026-04-16 12:02:14,Payment Failure,My payment failed and I do not know why.,negative,8.44
900958,104230,2026-05-21 16:20:38,Payment Failure,My payment failed and I do not know why.,negative,4.04
900959,149030,2026-05-18 16:35:02,KYC Issues,I am unable to complete KYC document verification.,negative,11.56
900960,100168,2026-03-07 02:37:15,Rewards,The rewards experience is confusing.,neutral,4.25
900961,114447,2026-03-18 00:31:35,Payment Failure,My payment failed and I do not know why.,negative,5.26
900962,136717,2026-03-22 19:16:55,Account,I need help with my account.,neutral,1.36
900963,136165,2026-01-30 14:54:56,Account,I need help with my account.,neutral,17.71
900964,114474,2026-06-27 03:09:47,KYC Issues,I am unable to complete KYC document verification.,negative,21.14
900965,144427,2026-06-30 23:59:59,Payment Failure,My payment failed and I do not know why.,negative,2.6
900966,146117,2026-02-13 13:37:22,KYC Issues,I am unable to complete KYC document verification.,negative,11.25
900967,130626,2026-04-03 14:15:07,App Performance,The app feels slow and sometimes freezes.,negative,6.75
900968,109961,2026-03-20 05:03:17,Payment Failure,My payment failed and I do not know why.,negative,7.59
900969,138723,2026-02-01 11:48:58,KYC Issues,I am unable to complete KYC document verification.,negative,2.61
900970,128345,2026-03-25 18:48:34,App Performance,The app feels slow and sometimes freezes.,negative,20.95
900971,116438,2026-05-08 07:14:11,Payment Failure,My payment failed and I do not know why.,negative,11.51
900972,108854,2026-04-04 15:16:15,Rewards,The rewards experience is confusing.,neutral,13.53
900973,117364,2026-05-02 22:51:58,Payment Failure,My payment failed and I do not know why.,negative,5.5
900974,104581,2026-02-23 00:45:52,Account,I need help with my account.,neutral,10.1
900975,147304,2026-06-30 23:59:59,Rewards,The rewards experience is confusing.,neutral,6.29
900976,144680,2026-04-11 23:36:56,App Performance,The app feels slow and sometimes freezes.,negative,19.73
900977,115193,2026-03-12 06:26:23,Account,I need help with my account.,neutral,4.34
900978,131448,2026-05-18 14:22:59,App Performance,The app feels slow and sometimes freezes.,negative,14.15
900979,105526,2026-06-17 19:57:22,KYC Issues,I am unable to complete KYC document verification.,negative,3.96
900980,139228,2026-04-27 12:20:14,Account,I need help with my account.,neutral,11.87
900981,103468,2026-03-06 17:02:42,Rewards,The rewards experience is confusing.,neutral,13.9
900982,115074,2026-05-02 15:00:18,Account,I need help with my account.,neutral,9.58
900983,148706,2026-03-26 07:49:36,App Performance,The app feels slow and sometimes freezes.,negative,17.14
900984,113610,2026-01-21 21:40:01,KYC Issues,I am unable to complete KYC document verification.,negative,32.77
900985,118786,2026-06-25 09:57:17,KYC Issues,I am unable to complete KYC document verification.,negative,6.75
900986,139758,2026-06-21 16:10:48,Account,I need help with my account.,neutral,12.44
900987,124217,2026-04-07 13:05:47,Rewards,The rewards experience is confusing.,neutral,5.6
900988,133986,2026-06-14 05:35:08,Rewards,The rewards experience is confusing.,neutral,8.26
900989,111626,2026-04-01 12:12:29,Payment Failure,My payment failed and I do not know why.,negative,8.12
900990,112137,2026-02-01 16:38:57,Account,I need help with my account.,neutral,7.62
900991,112629,2026-02-20 06:25:07,Account,I need help with my account.,neutral,20.33
900992,128348,2026-06-16 17:18:50,App Performance,The app feels slow and sometimes freezes.,negative,23.52
900993,143512,2026-02-07 20:32:01,Account,I need help with my account.,neutral,7.45
900994,105873,2026-06-30 23:59:59,App Performance,The app feels slow and sometimes freezes.,negative,7.33
900995,148244,2026-01-26 18:51:41,Payment Failure,My payment failed and I do not know why.,negative,8.29
900996,133982,2026-06-30 23:59:59,Account,I need help with my account.,neutral,8.97
900997,131261,2026-05-31 17:02:26,KYC Issues,I am unable to complete KYC document verification.,negative,6.81
900998,112293,2026-06-28 10:29:16,KYC Issues,I am unable to complete KYC document verification.,negative,6.18
900999,142287,2026-04-29 23:17:23,Rewards,The rewards experience is confusing.,neutral,8.07
901000,113665,2026-02-17 10:38:40,KYC Issues,I am unable to complete KYC document verification.,negative,18.91
901001,112951,2026-02-21 14:00:41,App Performance,The app feels slow and sometimes freezes.,negative,10.29
901002,131757,2026-06-26 04:34:05,Payment Failure,My payment failed and I do not know why.,negative,3.89
901003,114514,2026-01-08 14:31:04,App Performance,The app feels slow and sometimes freezes.,negative,15.42
901004,120458,2026-06-30 23:59:59,Rewards,The rewards experience is confusing.,neutral,23.3
901005,141547,2026-04-30 21:58:44,App Performance,The app feels slow and sometimes freezes.,negative,5.39
901006,100851,2026-06-23 09:54:33,KYC Issues,I am unable to complete KYC document verification.,negative,24.47
901007,134768,2026-05-13 16:59:22,Payment Failure,My payment failed and I do not know why.,negative,21.28
901008,124913,2026-06-09 01:43:56,Payment Failure,My payment failed and I do not know why.,negative,5.49
901009,117970,2026-05-18 10:58:54,Rewards,The rewards experience is confusing.,neutral,7.68
901010,128377,2026-06-30 23:59:59,Payment Failure,My payment failed and I do not know why.,negative,3.5
901011,109890,2026-02-13 09:12:44,Payment Failure,My payment failed and I do not know why.,negative,3.44
901012,146456,2026-05-31 22:54:48,KYC Issues,I am unable to complete KYC document verification.,negative,4.65
901013,138500,2026-06-12 10:23:01,App Performance,The app feels slow and sometimes freezes.,negative,3.97
901014,116248,2026-03-06 14:41:38,KYC Issues,I am unable to complete KYC document verification.,negative,9.2
901015,108787,2026-02-27 08:32:13,KYC Issues,I am unable to complete KYC document verification.,negative,7.55
901016,135430,2026-03-27 05:03:19,Account,I need help with my account.,neutral,10.57
901017,119104,2026-03-17 04:11:34,Account,I need help with my account.,neutral,8.08
901018,144143,2026-04-23 22:23:57,Payment Failure,My payment failed and I do not know why.,negative,9.21
901019,114787,2026-06-09 01:12:56,Account,I need help with my account.,neutral,3.28
901020,118217,2026-02-13 02:58:52,Rewards,The rewards experience is confusing.,neutral,7.65
901021,129737,2026-04-03 05:42:23,KYC Issues,I am unable to complete KYC document verification.,negative,3.77
901022,118195,2026-06-30 23:59:59,KYC Issues,I am unable to complete KYC document verification.,negative,21.06
901023,142356,2026-06-30 23:59:59,Payment Failure,My payment failed and I do not know why.,negative,20.34
901024,120186,2026-01-30 20:23:44,Account,I need help with my account.,neutral,2.43
901025,138611,2026-02-09 02:09:30,Account,I need help with my account.,neutral,6.85
901026,122656,2026-01-11 07:25:49,KYC Issues,I am unable to complete KYC document verification.,negative,22.02
901027,131786,2026-03-25 23:36:02,Account,I need help with my account.,neutral,3.64
901028,136667,2026-01-15 18:44:42,KYC Issues,I am unable to complete KYC document verification.,negative,19.71
901029,144905,2026-02-05 15:59:36,Rewards,The rewards experience is confusing.,neutral,4.65
901030,106080,2026-03-21 09:52:04,Rewards,The rewards experience is confusing.,neutral,11.87
901031,115556,2026-02-25 19:01:25,Rewards,The rewards experience is confusing.,neutral,7.54
901032,148062,2026-05-07 09:48:31,Account,I need help with my account.,neutral,8.67
901033,124408,2026-02-10 15:20:00,Payment Failure,My payment failed and I do not know why.,negative,14.02
901034,144889,2026-04-21 02:48:28,Rewards,The rewards experience is confusing.,neutral,2.01
901035,106425,2026-03-17 16:49:19,KYC Issues,I am unable to complete KYC document verification.,negative,5.53
901036,146203,2026-06-30 16:13:47,KYC Issues,I am unable to complete KYC document verification.,negative,20.67
901037,142285,2026-01-31 04:42:12,Payment Failure,My payment failed and I do not know why.,negative,8.75
901038,145699,2026-04-23 03:27:16,Payment Failure,My payment failed and I do not know why.,negative,10.78
901039,141461,2026-06-10 16:22:51,KYC Issues,I am unable to complete KYC document verification.,negative,30.54
901040,128418,2026-01-12 11:19:55,Payment Failure,My payment failed and I do not know why.,negative,7.28
901041,118151,2026-06-13 18:38:12,Payment Failure,My payment failed and I do not know why.,negative,11.37
901042,130624,2026-06-29 07:00:48,Payment Failure,My payment failed and I do not know why.,negative,6.34
901043,103151,2026-06-28 13:59:49,Account,I need help with my account.,neutral,9.11
901044,118185,2026-06-12 06:04:13,Rewards,The rewards experience is confusing.,neutral,6.42
901045,126731,2026-06-12 00:46:49,Account,I need help with my account.,neutral,2.18
901046,112515,2026-03-23 09:53:41,Account,I need help with my account.,neutral,8.27
901047,136056,2026-06-11 19:55:35,KYC Issues,I am unable to complete KYC document verification.,negative,9.14
901048,140833,2026-05-24 00:47:02,KYC Issues,I am unable to complete KYC document verification.,negative,7.39
901049,134374,2026-04-05 04:47:59,Payment Failure,My payment failed and I do not know why.,negative,3.64
901050,145453,2026-01-12 18:58:54,App Performance,The app feels slow and sometimes freezes.,negative,48.5
901051,134308,2026-06-14 21:24:30,App Performance,The app feels slow and sometimes freezes.,negative,3.28
901052,146162,2026-06-18 07:57:44,KYC Issues,I am unable to complete KYC document verification.,negative,1.35
901053,137976,2026-04-25 00:00:36,Rewards,The rewards experience is confusing.,neutral,1.29
901054,121233,2026-02-26 09:57:08,Account,I need help with my account.,neutral,26.15
901055,120327,2026-05-02 00:25:37,KYC Issues,I am unable to complete KYC document verification.,negative,14.01
901056,127005,2026-02-18 01:40:28,Payment Failure,My payment failed and I do not know why.,negative,9.17
901057,145594,2026-05-17 00:05:37,Payment Failure,My payment failed and I do not know why.,negative,9.94
901058,125848,2026-02-11 12:02:09,KYC Issues,I am unable to complete KYC document verification.,negative,4.36
901059,107440,2026-05-16 17:18:30,Rewards,The rewards experience is confusing.,neutral,17.68
901060,137341,2026-03-25 22:12:48,Account,I need help with my account.,neutral,7.08
901061,110027,2026-03-02 05:42:24,KYC Issues,I am unable to complete KYC document verification.,negative,12.88
901062,120966,2026-03-16 15:01:49,KYC Issues,I am unable to complete KYC document verification.,negative,1.58
901063,107285,2026-06-30 23:59:59,Payment Failure,My payment failed and I do not know why.,negative,11.42
901064,130275,2026-05-19 04:50:33,Account,I need help with my account.,neutral,14.8
901065,149968,2026-06-19 02:22:28,Account,I need help with my account.,neutral,5.07
901066,131159,2026-06-20 07:29:35,KYC Issues,I am unable to complete KYC document verification.,negative,14.41
901067,115618,2026-02-06 17:39:01,Payment Failure,My payment failed and I do not know why.,negative,3.88
901068,109619,2026-03-23 21:02:01,KYC Issues,I am unable to complete KYC document verification.,negative,9.34
901069,128873,2026-02-15 13:29:29,App Performance,The app feels slow and sometimes freezes.,negative,8.24
901070,137268,2026-06-05 07:17:58,Account,I need help with my account.,neutral,6.8
901071,118811,2026-04-09 14:06:08,Rewards,The rewards experience is confusing.,neutral,5.09
901072,132954,2026-03-09 06:52:15,Account,I need help with my account.,neutral,17.92
901073,129894,2026-01-26 22:12:42,Payment Failure,My payment failed and I do not know why.,negative,6.8
901074,132505,2026-03-23 19:51:25,Rewards,The rewards experience is confusing.,neutral,9.73
901075,127732,2026-03-18 00:17:51,KYC Issues,I am unable to complete KYC document verification.,negative,4.88
901076,131314,2026-05-05 02:11:49,Account,I need help with my account.,neutral,13.58
901077,131845,2026-02-21 14:32:49,KYC Issues,I am unable to complete KYC document verification.,negative,5.12
901078,104274,2026-02-06 19:43:42,Payment Failure,My payment failed and I do not know why.,negative,0.93
901079,147404,2026-04-17 09:24:33,Account,I need help with my account.,neutral,4.41
901080,123362,2026-02-01 08:16:02,App Performance,The app feels slow and sometimes freezes.,negative,18.75
901081,102323,2026-01-28 04:15:47,KYC Issues,I am unable to complete KYC document verification.,negative,3.99
901082,114973,2026-06-29 04:27:10,Rewards,The rewards experience is confusing.,neutral,30.39
901083,116452,2026-03-15 00:45:53,Rewards,The rewards experience is confusing.,neutral,14.26
901084,114546,2026-04-27 04:10:06,Account,I need help with my account.,neutral,13.94
901085,119314,2026-03-30 03:13:17,App Performance,The app feels slow and sometimes freezes.,negative,1.29
901086,123671,2026-06-19 08:27:23,KYC Issues,I am unable to complete KYC document verification.,negative,2.81
901087,137050,2026-06-30 23:59:59,Rewards,The rewards experience is confusing.,neutral,12.3
901088,145913,2026-06-03 09:25:37,App Performance,The app feels slow and sometimes freezes.,negative,8.09
901089,126320,2026-06-15 11:33:49,KYC Issues,I am unable to complete KYC document verification.,negative,16.81
901090,133922,2026-02-12 15:16:21,KYC Issues,I am unable to complete KYC document verification.,negative,21.57
901091,106323,2026-02-01 22:46:18,Account,I need help with my account.,neutral,5.69
901092,100466,2026-02-23 13:12:08,Payment Failure,My payment failed and I do not know why.,negative,11.44
901093,103254,2026-04-04 15:47:12,Account,I need help with my account.,neutral,29.76
901094,110987,2026-04-16 00:41:35,App Performance,The app feels slow and sometimes freezes.,negative,6.88
901095,114751,2026-01-28 13:21:54,KYC Issues,I am unable to complete KYC document verification.,negative,16.12
901096,114785,2026-04-16 05:39:51,KYC Issues,I am unable to complete KYC document verification.,negative,0.85
901097,100565,2026-03-04 19:33:10,Account,I need help with my account.,neutral,9.45
901098,143127,2026-06-30 23:59:59,App Performance,The app feels slow and sometimes freezes.,negative,7.27
901099,112725,2026-03-13 05:42:43,Payment Failure,My payment failed and I do not know why.,negative,17.46
901100,133808,2026-02-19 14:35:22,KYC Issues,I am unable to complete KYC document verification.,negative,7.85
901101,107299,2026-05-12 19:23:56,KYC Issues,I am unable to complete KYC document verification.,negative,7.74
901102,125389,2026-02-03 16:52:35,Payment Failure,My payment failed and I do not know why.,negative,6.36
901103,119686,2026-06-30 23:59:59,Account,I need help with my account.,neutral,24.86
901104,134489,2026-01-30 09:16:47,KYC Issues,I am unable to complete KYC document verification.,negative,4.22
901105,137828,2026-01-23 09:17:39,App Performance,The app feels slow and sometimes freezes.,negative,11.0
901106,103594,2026-03-27 17:04:57,App Performance,The app feels slow and sometimes freezes.,negative,14.68
901107,112401,2026-05-07 13:56:57,Payment Failure,My payment failed and I do not know why.,negative,8.18
901108,129940,2026-05-30 00:29:17,KYC Issues,I am unable to complete KYC document verification.,negative,7.29
901109,124855,2026-06-30 23:59:59,Rewards,The rewards experience is confusing.,neutral,3.47
901110,121776,2026-06-30 23:59:59,App Performance,The app feels slow and sometimes freezes.,negative,7.03
901111,138919,2026-05-15 12:20:21,Account,I need help with my account.,neutral,42.9
901112,107526,2026-06-30 23:59:59,Payment Failure,My payment failed and I do not know why.,negative,6.13
901113,108902,2026-05-24 04:55:42,KYC Issues,I am unable to complete KYC document verification.,negative,5.01
901114,124779,2026-05-02 13:22:10,App Performance,The app feels slow and sometimes freezes.,negative,14.63
901115,140304,2026-05-20 22:27:23,Payment Failure,My payment failed and I do not know why.,negative,9.46
901116,139666,2026-06-26 20:40:31,KYC Issues,I am unable to complete KYC document verification.,negative,7.04
901117,131513,2026-05-27 02:32:19,Account,I need help with my account.,neutral,5.19
901118,126723,2026-06-16 05:17:21,KYC Issues,I am unable to complete KYC document verification.,negative,1.54
901119,111905,2026-05-15 20:13:44,Account,I need help with my account.,neutral,10.35
901120,132150,2026-02-17 14:23:32,Payment Failure,My payment failed and I do not know why.,negative,32.8
901121,148832,2026-04-14 22:20:58,Rewards,The rewards experience is confusing.,neutral,14.97
901122,121258,2026-02-10 15:24:24,KYC Issues,I am unable to complete KYC document verification.,negative,16.7
901123,143773,2026-03-28 08:19:15,Payment Failure,My payment failed and I do not know why.,negative,13.58
901124,142847,2026-01-16 22:45:47,App Performance,The app feels slow and sometimes freezes.,negative,23.09
901125,132749,2026-01-26 20:02:46,App Performance,The app feels slow and sometimes freezes.,negative,9.13
901126,134536,2026-04-04 19:05:00,Rewards,The rewards experience is confusing.,neutral,12.48
901127,131921,2026-06-30 23:59:59,Payment Failure,My payment failed and I do not know why.,negative,14.72
901128,134537,2026-06-21 10:41:34,Payment Failure,My payment failed and I do not know why.,negative,3.34
901129,109074,2026-02-25 21:24:18,App Performance,The app feels slow and sometimes freezes.,negative,13.49
901130,102339,2026-03-07 23:41:40,Payment Failure,My payment failed and I do not know why.,negative,3.36
901131,117027,2026-06-25 04:29:00,Payment Failure,My payment failed and I do not know why.,negative,5.62
901132,120215,2026-04-04 05:40:29,Payment Failure,My payment failed and I do not know why.,negative,9.62
901133,110993,2026-06-13 13:33:38,KYC Issues,I am unable to complete KYC document verification.,negative,14.97
901134,116340,2026-04-11 10:52:14,Payment Failure,My payment failed and I do not know why.,negative,8.07
901135,149127,2026-05-12 11:06:16,Account,I need help with my account.,neutral,5.42
901136,142628,2026-01-30 12:31:28,KYC Issues,I am unable to complete KYC document verification.,negative,18.65
901137,143377,2026-04-20 09:53:58,KYC Issues,I am unable to complete KYC document verification.,negative,6.68
901138,107271,2026-03-20 19:18:23,App Performance,The app feels slow and sometimes freezes.,negative,17.49
901139,126458,2026-05-19 04:44:37,Account,I need help with my account.,neutral,7.46
901140,116282,2026-05-04 11:42:42,Rewards,The rewards experience is confusing.,neutral,2.08
901141,108727,2026-02-04 06:30:00,KYC Issues,I am unable to complete KYC document verification.,negative,10.84
901142,124193,2026-02-09 16:12:40,Rewards,The rewards experience is confusing.,neutral,11.23
901143,129728,2026-01-16 13:50:48,KYC Issues,I am unable to complete KYC document verification.,negative,0.48
901144,101567,2026-06-28 12:27:20,App Performance,The app feels slow and sometimes freezes.,negative,5.18
901145,143977,2026-05-20 09:32:20,KYC Issues,I am unable to complete KYC document verification.,negative,7.65
901146,111754,2026-06-22 16:19:34,Payment Failure,My payment failed and I do not know why.,negative,10.75
901147,137023,2026-02-05 20:27:53,KYC Issues,I am unable to complete KYC document verification.,negative,11.47
901148,134921,2026-03-01 18:52:58,KYC Issues,I am unable to complete KYC document verification.,negative,14.03
901149,113366,2026-03-30 03:20:51,Account,I need help with my account.,neutral,12.48
901150,137399,2026-05-28 14:24:16,App Performance,The app feels slow and sometimes freezes.,negative,22.13
901151,136169,2026-05-14 07:21:59,Payment Failure,My payment failed and I do not know why.,negative,2.79
901152,112426,2026-06-25 00:37:12,KYC Issues,I am unable to complete KYC document verification.,negative,25.18
901153,100645,2026-03-18 04:02:30,Rewards,The rewards experience is confusing.,neutral,16.62
901154,101040,2026-06-21 11:54:23,App Performance,The app feels slow and sometimes freezes.,negative,2.18
901155,128077,2026-04-23 11:19:54,KYC Issues,I am unable to complete KYC document verification.,negative,19.16
901156,111215,2026-01-23 15:08:10,App Performance,The app feels slow and sometimes freezes.,negative,23.96
901157,100333,2026-06-10 19:48:42,Rewards,The rewards experience is confusing.,neutral,5.67
901158,106484,2026-04-07 06:53:58,Payment Failure,My payment failed and I do not know why.,negative,15.13
901159,145639,2026-03-11 19:58:33,Rewards,The rewards experience is confusing.,neutral,8.34
901160,132733,2026-02-17 13:19:45,App Performance,The app feels slow and sometimes freezes.,negative,26.53
901161,108179,2026-04-13 13:55:40,App Performance,The app feels slow and sometimes freezes.,negative,11.55
901162,116759,2026-06-24 03:58:54,Payment Failure,My payment failed and I do not know why.,negative,5.96
901163,147722,2026-02-19 01:46:49,Account,I need help with my account.,neutral,16.61
901164,133288,2026-03-27 09:40:25,Account,I need help with my account.,neutral,6.87
901165,145683,2026-01-28 22:35:26,Account,I need help with my account.,neutral,16.5
901166,147934,2026-06-19 10:00:57,Payment Failure,My payment failed and I do not know why.,negative,3.8
901167,135573,2026-02-16 18:30:05,App Performance,The app feels slow and sometimes freezes.,negative,8.06
901168,128810,2026-05-27 21:01:29,App Performance,The app feels slow and sometimes freezes.,negative,4.65
901169,120362,2026-04-21 20:53:39,App Performance,The app feels slow and sometimes freezes.,negative,8.48
901170,104450,2026-01-25 17:17:41,Account,I need help with my account.,neutral,2.05
901171,147535,2026-04-08 09:40:28,Rewards,The rewards experience is confusing.,neutral,4.4
901172,118204,2026-06-30 14:08:41,Payment Failure,My payment failed and I do not know why.,negative,9.89
901173,118727,2026-01-20 00:55:01,Account,I need help with my account.,neutral,2.44
901174,128132,2026-05-26 23:09:00,KYC Issues,I am unable to complete KYC document verification.,negative,42.98
901175,112916,2026-04-22 02:49:23,Account,I need help with my account.,neutral,9.03
901176,146304,2026-01-30 01:09:46,App Performance,The app feels slow and sometimes freezes.,negative,26.56
901177,139062,2026-06-21 19:48:09,Payment Failure,My payment failed and I do not know why.,negative,8.11
901178,115510,2026-05-17 06:27:29,App Performance,The app feels slow and sometimes freezes.,negative,9.08
901179,116422,2026-02-14 12:54:27,KYC Issues,I am unable to complete KYC document verification.,negative,1.21
901180,102575,2026-04-04 02:23:56,Account,I need help with my account.,neutral,9.47
901181,138351,2026-06-05 19:09:13,Account,I need help with my account.,neutral,10.82
901182,134003,2026-04-06 09:12:53,Account,I need help with my account.,neutral,2.17
901183,110601,2026-02-19 01:00:17,KYC Issues,I am unable to complete KYC document verification.,negative,10.33
901184,106937,2026-04-10 05:08:21,Rewards,The rewards experience is confusing.,neutral,27.9
901185,134097,2026-02-28 17:44:41,Payment Failure,My payment failed and I do not know why.,negative,17.24
901186,138823,2026-04-23 09:22:04,Payment Failure,My payment failed and I do not know why.,negative,9.15
901187,130889,2026-02-14 15:01:04,KYC Issues,I am unable to complete KYC document verification.,negative,2.36
901188,101499,2026-03-12 17:34:53,App Performance,The app feels slow and sometimes freezes.,negative,6.96
901189,129446,2026-06-11 10:53:38,App Performance,The app feels slow and sometimes freezes.,negative,1.87
901190,129518,2026-05-25 05:12:25,KYC Issues,I am unable to complete KYC document verification.,negative,10.85
901191,132132,2026-01-22 23:19:57,KYC Issues,I am unable to complete KYC document verification.,negative,40.97
901192,131915,2026-04-24 13:07:58,Payment Failure,My payment failed and I do not know why.,negative,9.32
901193,120538,2026-06-01 19:44:20,KYC Issues,I am unable to complete KYC document verification.,negative,15.92
901194,131680,2026-05-11 01:49:06,KYC Issues,I am unable to complete KYC document verification.,negative,2.09
901195,128407,2026-03-05 15:12:19,Account,I need help with my account.,neutral,12.12
901196,149271,2026-06-24 08:07:47,KYC Issues,I am unable to complete KYC document verification.,negative,6.09
901197,147069,2026-04-19 03:30:10,Account,I need help with my account.,neutral,3.23
901198,128692,2026-03-04 05:44:19,Payment Failure,My payment failed and I do not know why.,negative,10.67
901199,148330,2026-03-18 17:31:04,Rewards,The rewards experience is confusing.,neutral,14.78
901200,141821,2026-03-22 08:19:09,Account,I need help with my account.,neutral,4.93
901201,113535,2026-04-06 11:19:12,App Performance,The app feels slow and sometimes freezes.,negative,10.75
901202,135459,2026-04-16 03:23:10,Account,I need help with my account.,neutral,17.57
901203,104860,2026-06-11 16:04:31,KYC Issues,I am unable to complete KYC document verification.,negative,22.25
901204,130932,2026-06-16 16:57:40,Rewards,The rewards experience is confusing.,neutral,11.2
901205,114075,2026-03-10 04:30:56,App Performance,The app feels slow and sometimes freezes.,negative,11.42
901206,139012,2026-05-06 07:51:01,KYC Issues,I am unable to complete KYC document verification.,negative,4.26
901207,115445,2026-03-31 04:03:27,App Performance,The app feels slow and sometimes freezes.,negative,18.74
901208,142645,2026-02-26 07:47:00,Account,I need help with my account.,neutral,8.4
901209,142825,2026-02-26 08:40:18,Account,I need help with my account.,neutral,4.51
901210,100485,2026-02-13 08:33:27,Payment Failure,My payment failed and I do not know why.,negative,13.83
901211,140140,2026-03-16 01:36:21,Rewards,The rewards experience is confusing.,neutral,2.61
901212,135249,2026-02-10 10:40:19,Payment Failure,My payment failed and I do not know why.,negative,6.49
901213,147553,2026-04-02 10:38:17,KYC Issues,I am unable to complete KYC document verification.,negative,25.58
901214,135752,2026-06-03 19:22:09,KYC Issues,I am unable to complete KYC document verification.,negative,8.52
901215,131135,2026-06-10 04:09:35,KYC Issues,I am unable to complete KYC document verification.,negative,12.96
901216,119233,2026-04-27 01:37:31,Account,I need help with my account.,neutral,12.11
901217,114476,2026-04-21 19:28:43,Payment Failure,My payment failed and I do not know why.,negative,7.86
901218,129801,2026-02-08 23:25:12,Payment Failure,My payment failed and I do not know why.,negative,14.57
901219,131802,2026-02-01 19:07:23,Payment Failure,My payment failed and I do not know why.,negative,4.15
901220,124676,2026-05-24 21:03:41,App Performance,The app feels slow and sometimes freezes.,negative,1.66
901221,105237,2026-06-23 19:10:26,Payment Failure,My payment failed and I do not know why.,negative,0.67
901222,128202,2026-06-21 02:28:53,Payment Failure,My payment failed and I do not know why.,negative,7.75
901223,108043,2026-02-03 12:44:06,Payment Failure,My payment failed and I do not know why.,negative,6.14
901224,103768,2026-03-27 15:02:43,App Performance,The app feels slow and sometimes freezes.,negative,0.87
901225,131210,2026-02-04 15:47:15,Account,I need help with my account.,neutral,9.07
901226,122330,2026-04-05 11:00:16,App Performance,The app feels slow and sometimes freezes.,negative,14.49
901227,137278,2026-06-26 06:52:25,Account,I need help with my account.,neutral,7.25
901228,129833,2026-04-06 18:16:16,Account,I need help with my account.,neutral,17.53
901229,107525,2026-03-08 04:51:23,Account,I need help with my account.,neutral,4.06
901230,106808,2026-04-22 00:58:44,KYC Issues,I am unable to complete KYC document verification.,negative,8.95
901231,111099,2026-03-03 03:14:50,Account,I need help with my account.,neutral,6.39
901232,104730,2026-03-04 01:48:04,Account,I need help with my account.,neutral,7.33
901233,106770,2026-05-06 07:10:33,Rewards,The rewards experience is confusing.,neutral,12.53
901234,123258,2026-04-15 20:06:26,Payment Failure,My payment failed and I do not know why.,negative,18.34
901235,109554,2026-06-05 01:43:38,App Performance,The app feels slow and sometimes freezes.,negative,5.56
901236,111911,2026-03-11 01:21:43,Account,I need help with my account.,neutral,2.13
901237,125134,2026-06-30 07:10:36,Rewards,The rewards experience is confusing.,neutral,8.84
901238,119367,2026-02-09 19:36:27,Rewards,The rewards experience is confusing.,neutral,15.03
901239,116003,2026-04-28 15:23:28,App Performance,The app feels slow and sometimes freezes.,negative,16.87
901240,101645,2026-04-27 02:44:42,Account,I need help with my account.,neutral,2.48
901241,145781,2026-01-04 08:11:49,Rewards,The rewards experience is confusing.,neutral,5.67
901242,120135,2026-04-11 04:27:59,App Performance,The app feels slow and sometimes freezes.,negative,2.33
901243,128822,2026-02-15 21:18:39,KYC Issues,I am unable to complete KYC document verification.,negative,10.51
901244,127637,2026-03-10 17:12:17,App Performance,The app feels slow and sometimes freezes.,negative,5.23
901245,140658,2026-01-17 20:17:13,Payment Failure,My payment failed and I do not know why.,negative,4.21
901246,103280,2026-02-08 01:45:54,KYC Issues,I am unable to complete KYC document verification.,negative,5.5
901247,143954,2026-05-19 06:34:16,Rewards,The rewards experience is confusing.,neutral,9.06
901248,139538,2026-06-18 01:17:46,App Performance,The app feels slow and sometimes freezes.,negative,3.49
901249,144981,2026-04-29 20:32:30,KYC Issues,I am unable to complete KYC document verification.,negative,18.03
901250,122666,2026-06-02 19:01:44,Payment Failure,My payment failed and I do not know why.,negative,4.7
901251,108249,2026-02-04 05:09:37,KYC Issues,I am unable to complete KYC document verification.,negative,16.52
901252,116167,2026-04-07 08:34:53,Payment Failure,My payment failed and I do not know why.,negative,9.39
901253,131709,2026-03-10 19:26:10,App Performance,The app feels slow and sometimes freezes.,negative,21.5
901254,137418,2026-05-30 08:06:33,KYC Issues,I am unable to complete KYC document verification.,negative,1.21
901255,138543,2026-05-11 13:42:11,App Performance,The app feels slow and sometimes freezes.,negative,18.06
901256,138706,2026-05-28 14:32:48,Payment Failure,My payment failed and I do not know why.,negative,17.28
901257,140565,2026-02-28 14:52:29,Rewards,The rewards experience is confusing.,neutral,12.67
901258,126085,2026-04-30 04:35:36,Payment Failure,My payment failed and I do not know why.,negative,2.11
901259,117005,2026-05-17 03:36:09,Rewards,The rewards experience is confusing.,neutral,1.42
901260,142437,2026-06-22 20:33:13,Rewards,The rewards experience is confusing.,neutral,10.16
901261,106706,2026-02-27 01:39:48,Payment Failure,My payment failed and I do not know why.,negative,18.13
901262,110173,2026-06-18 23:44:04,App Performance,The app feels slow and sometimes freezes.,negative,15.86
901263,122086,2026-03-21 15:17:26,Payment Failure,My payment failed and I do not know why.,negative,11.09
901264,148744,2026-03-07 11:20:07,App Performance,The app feels slow and sometimes freezes.,negative,4.32
901265,105153,2026-03-11 08:30:26,KYC Issues,I am unable to complete KYC document verification.,negative,1.51
901266,113060,2026-04-05 01:24:05,Rewards,The rewards experience is confusing.,neutral,20.7
901267,117722,2026-03-09 05:18:20,Account,I need help with my account.,neutral,2.75
901268,142214,2026-06-06 06:39:24,Account,I need help with my account.,neutral,25.57
901269,124802,2026-02-28 16:38:20,Account,I need help with my account.,neutral,20.21
901270,120156,2026-04-11 19:51:46,Rewards,The rewards experience is confusing.,neutral,18.62
901271,105147,2026-06-30 15:51:58,Account,I need help with my account.,neutral,15.56
901272,132730,2026-02-23 12:26:37,Rewards,The rewards experience is confusing.,neutral,10.14
901273,149253,2026-06-30 23:59:59,App Performance,The app feels slow and sometimes freezes.,negative,3.65
901274,149477,2026-06-11 20:33:43,Rewards,The rewards experience is confusing.,neutral,17.54
901275,139443,2026-03-29 10:16:37,Payment Failure,My payment failed and I do not know why.,negative,11.23
901276,143121,2026-03-28 12:42:29,Rewards,The rewards experience is confusing.,neutral,20.52
901277,118577,2026-06-14 17:26:24,Account,I need help with my account.,neutral,5.53
901278,141585,2026-04-12 10:23:54,Rewards,The rewards experience is confusing.,neutral,2.32
901279,135109,2026-06-30 23:59:59,KYC Issues,I am unable to complete KYC document verification.,negative,27.38
901280,136718,2026-06-03 06:53:17,Payment Failure,My payment failed and I do not know why.,negative,3.82
901281,120617,2026-01-12 20:07:15,Account,I need help with my account.,neutral,3.82
901282,117769,2026-05-27 20:55:02,KYC Issues,I am unable to complete KYC document verification.,negative,17.86
901283,116398,2026-02-16 00:04:31,Account,I need help with my account.,neutral,11.15
901284,101233,2026-04-25 10:42:57,Account,I need help with my account.,neutral,8.17
901285,140280,2026-06-18 11:42:12,KYC Issues,I am unable to complete KYC document verification.,negative,8.64
901286,111070,2026-06-30 23:59:59,Payment Failure,My payment failed and I do not know why.,negative,7.43
901287,132394,2026-04-18 20:14:35,KYC Issues,I am unable to complete KYC document verification.,negative,20.25
901288,109431,2026-05-29 13:59:48,Payment Failure,My payment failed and I do not know why.,negative,13.04
901289,117864,2026-03-19 01:19:00,Payment Failure,My payment failed and I do not know why.,negative,5.02
901290,134418,2026-02-13 05:14:53,KYC Issues,I am unable to complete KYC document verification.,negative,17.73
901291,144845,2026-02-26 06:27:52,Account,I need help with my account.,neutral,5.48
901292,127617,2026-01-27 09:42:34,App Performance,The app feels slow and sometimes freezes.,negative,9.87
901293,113035,2026-03-25 07:17:37,Payment Failure,My payment failed and I do not know why.,negative,8.58
901294,101604,2026-01-27 15:54:11,App Performance,The app feels slow and sometimes freezes.,negative,15.38
901295,125037,2026-03-23 06:59:52,KYC Issues,I am unable to complete KYC document verification.,negative,2.75
901296,143369,2026-06-30 23:59:59,Payment Failure,My payment failed and I do not know why.,negative,5.89
901297,108538,2026-02-21 14:40:11,Rewards,The rewards experience is confusing.,neutral,34.91
901298,128602,2026-05-03 07:34:28,Payment Failure,My payment failed and I do not know why.,negative,11.16
901299,130645,2026-06-30 23:59:59,Payment Failure,My payment failed and I do not know why.,negative,11.85
901300,137322,2026-06-30 23:59:59,KYC Issues,I am unable to complete KYC document verification.,negative,17.07
901301,117285,2026-06-27 05:37:22,Rewards,The rewards experience is confusing.,neutral,4.06
901302,108376,2026-06-28 11:42:18,App Performance,The app feels slow and sometimes freezes.,negative,4.74
901303,132583,2026-02-19 08:25:02,Rewards,The rewards experience is confusing.,neutral,9.65
901304,149233,2026-01-25 20:05:34,Payment Failure,My payment failed and I do not know why.,negative,21.77
901305,115351,2026-02-23 16:55:20,KYC Issues,I am unable to complete KYC document verification.,negative,28.67
901306,142886,2026-02-26 10:59:36,KYC Issues,I am unable to complete KYC document verification.,negative,16.0
901307,133627,2026-02-13 03:40:08,App Performance,The app feels slow and sometimes freezes.,negative,29.66
901308,101537,2026-04-23 14:39:39,Account,I need help with my account.,neutral,7.19
901309,142912,2026-04-09 23:38:51,KYC Issues,I am unable to complete KYC document verification.,negative,5.67
901310,121191,2026-06-30 23:59:59,KYC Issues,I am unable to complete KYC document verification.,negative,5.33
901311,101182,2026-03-30 19:33:59,Payment Failure,My payment failed and I do not know why.,negative,30.56
901312,106584,2026-02-16 14:27:09,KYC Issues,I am unable to complete KYC document verification.,negative,22.67
901313,111500,2026-03-28 22:56:25,Payment Failure,My payment failed and I do not know why.,negative,9.92
901314,130781,2026-04-16 01:18:55,Account,I need help with my account.,neutral,10.15
901315,110127,2026-04-28 22:33:22,App Performance,The app feels slow and sometimes freezes.,negative,11.16
901316,113023,2026-02-13 01:46:24,Account,I need help with my account.,neutral,10.45
901317,134213,2026-06-29 09:47:33,KYC Issues,I am unable to complete KYC document verification.,negative,10.44
901318,148908,2026-06-14 02:07:41,KYC Issues,I am unable to complete KYC document verification.,negative,44.58
901319,121229,2026-06-23 00:41:25,Payment Failure,My payment failed and I do not know why.,negative,6.0
901320,104456,2026-04-02 20:52:35,App Performance,The app feels slow and sometimes freezes.,negative,5.06
901321,108441,2026-06-08 05:09:45,Account,I need help with my account.,neutral,33.36
901322,105713,2026-04-28 15:34:45,Rewards,The rewards experience is confusing.,neutral,7.96
901323,127663,2026-02-01 15:54:08,KYC Issues,I am unable to complete KYC document verification.,negative,17.9
901324,119825,2026-06-12 03:29:05,Payment Failure,My payment failed and I do not know why.,negative,3.43
901325,131176,2026-03-07 09:16:51,Account,I need help with my account.,neutral,3.88
901326,111710,2026-04-08 09:02:28,Rewards,The rewards experience is confusing.,neutral,3.48
901327,115720,2026-06-30 23:59:59,Payment Failure,My payment failed and I do not know why.,negative,7.62
901328,120476,2026-05-29 17:04:19,Payment Failure,My payment failed and I do not know why.,negative,11.48
901329,118425,2026-05-22 01:30:27,Payment Failure,My payment failed and I do not know why.,negative,15.18
901330,109550,2026-06-12 22:45:31,Payment Failure,My payment failed and I do not know why.,negative,1.93
901331,143966,2026-05-23 10:16:12,Payment Failure,My payment failed and I do not know why.,negative,8.37
901332,131207,2026-04-11 02:51:43,KYC Issues,I am unable to complete KYC document verification.,negative,12.96
901333,112968,2026-04-08 10:52:15,Payment Failure,My payment failed and I do not know why.,negative,1.75
901334,141471,2026-05-09 11:03:24,Account,I need help with my account.,neutral,18.46
901335,146711,2026-05-16 02:31:06,Account,I need help with my account.,neutral,10.9
901336,109294,2026-01-20 12:06:34,App Performance,The app feels slow and sometimes freezes.,negative,3.3
901337,138336,2026-06-30 23:59:59,Rewards,The rewards experience is confusing.,neutral,13.69
901338,118615,2026-04-10 23:47:39,Account,I need help with my account.,neutral,36.92
901339,138275,2026-03-26 17:53:26,KYC Issues,I am unable to complete KYC document verification.,negative,15.77
901340,104520,2026-03-27 00:25:48,App Performance,The app feels slow and sometimes freezes.,negative,8.16
901341,122110,2026-02-12 04:15:45,Account,I need help with my account.,neutral,7.08
901342,142243,2026-02-14 15:12:34,KYC Issues,I am unable to complete KYC document verification.,negative,9.05
901343,118223,2026-01-30 04:48:50,Rewards,The rewards experience is confusing.,neutral,16.98
901344,145396,2026-04-18 10:23:26,KYC Issues,I am unable to complete KYC document verification.,negative,6.51
901345,104885,2026-02-05 02:16:41,Rewards,The rewards experience is confusing.,neutral,13.2
901346,104507,2026-05-31 22:35:34,Payment Failure,My payment failed and I do not know why.,negative,6.83
901347,142664,2026-02-12 23:29:24,KYC Issues,I am unable to complete KYC document verification.,negative,6.94
901348,125812,2026-03-25 01:44:21,Account,I need help with my account.,neutral,0.71
901349,111125,2026-06-16 08:52:21,KYC Issues,I am unable to complete KYC document verification.,negative,5.24
901350,100665,2026-05-10 16:58:54,Account,I need help with my account.,neutral,18.69
901351,119131,2026-03-20 00:55:27,KYC Issues,I am unable to complete KYC document verification.,negative,7.67
901352,140411,2026-05-15 19:29:13,Account,I need help with my account.,neutral,14.43
901353,118300,2026-02-22 19:40:23,Account,I need help with my account.,neutral,2.42
901354,106685,2026-01-14 05:46:19,Payment Failure,My payment failed and I do not know why.,negative,3.53
901355,100502,2026-06-30 23:59:59,Account,I need help with my account.,neutral,14.19
901356,128099,2026-04-11 07:27:32,App Performance,The app feels slow and sometimes freezes.,negative,15.86
901357,144872,2026-06-02 02:35:12,Payment Failure,My payment failed and I do not know why.,negative,7.93
901358,132651,2026-03-12 09:28:10,Account,I need help with my account.,neutral,4.8
901359,141289,2026-06-29 07:28:07,Payment Failure,My payment failed and I do not know why.,negative,2.24
901360,133571,2026-06-30 23:59:59,Rewards,The rewards experience is confusing.,neutral,2.75
901361,131893,2026-05-11 17:10:00,Payment Failure,My payment failed and I do not know why.,negative,4.71
901362,149651,2026-06-28 12:30:12,Payment Failure,My payment failed and I do not know why.,negative,1.2
901363,148952,2026-03-21 02:06:20,Payment Failure,My payment failed and I do not know why.,negative,8.76
901364,118088,2026-02-15 18:02:38,App Performance,The app feels slow and sometimes freezes.,negative,2.08
901365,111179,2026-01-19 16:00:44,Account,I need help with my account.,neutral,4.64
901366,119603,2026-04-09 15:06:12,Account,I need help with my account.,neutral,12.84
901367,113252,2026-04-06 17:44:06,KYC Issues,I am unable to complete KYC document verification.,negative,9.02
901368,116417,2026-02-13 20:16:13,App Performance,The app feels slow and sometimes freezes.,negative,22.51
901369,123207,2026-04-15 01:04:34,Rewards,The rewards experience is confusing.,neutral,1.82
901370,139881,2026-05-06 18:27:16,Account,I need help with my account.,neutral,7.61
901371,139376,2026-01-15 21:40:23,Payment Failure,My payment failed and I do not know why.,negative,9.43
901372,111437,2026-03-03 03:30:30,App Performance,The app feels slow and sometimes freezes.,negative,16.21
901373,145270,2026-04-05 07:52:35,App Performance,The app feels slow and sometimes freezes.,negative,18.24
901374,129464,2026-03-06 09:46:37,Account,I need help with my account.,neutral,4.5
901375,106737,2026-01-27 00:44:18,App Performance,The app feels slow and sometimes freezes.,negative,13.72
901376,120687,2026-06-12 13:55:14,Rewards,The rewards experience is confusing.,neutral,0.94
901377,117050,2026-03-06 19:52:21,Payment Failure,My payment failed and I do not know why.,negative,6.1
901378,145512,2026-03-05 18:39:38,KYC Issues,I am unable to complete KYC document verification.,negative,15.02
901379,104845,2026-01-31 14:50:38,Payment Failure,My payment failed and I do not know why.,negative,29.34
901380,103273,2026-06-06 06:50:31,Payment Failure,My payment failed and I do not know why.,negative,10.07
901381,132714,2026-06-30 23:59:59,KYC Issues,I am unable to complete KYC document verification.,negative,11.62
901382,133178,2026-06-02 13:37:36,KYC Issues,I am unable to complete KYC document verification.,negative,2.54
901383,149771,2026-05-31 15:42:28,Payment Failure,My payment failed and I do not know why.,negative,4.23
901384,131808,2026-06-02 20:35:39,Rewards,The rewards experience is confusing.,neutral,2.06
901385,133270,2026-03-18 15:32:55,Account,I need help with my account.,neutral,3.49
901386,116096,2026-01-31 18:10:20,KYC Issues,I am unable to complete KYC document verification.,negative,6.84
901387,108905,2026-03-27 20:24:25,Account,I need help with my account.,neutral,5.28
901388,108407,2026-02-26 00:29:57,Payment Failure,My payment failed and I do not know why.,negative,12.89
901389,105013,2026-04-16 22:43:26,Account,I need help with my account.,neutral,10.15
901390,104244,2026-06-30 23:59:59,App Performance,The app feels slow and sometimes freezes.,negative,14.79
901391,115419,2026-03-08 01:39:09,Payment Failure,My payment failed and I do not know why.,negative,20.23
901392,141124,2026-06-28 13:13:10,App Performance,The app feels slow and sometimes freezes.,negative,6.66
901393,129756,2026-04-16 15:45:47,KYC Issues,I am unable to complete KYC document verification.,negative,10.68
901394,132164,2026-06-06 00:59:22,Account,I need help with my account.,neutral,2.74
901395,131980,2026-03-06 01:55:53,Account,I need help with my account.,neutral,4.12
901396,136444,2026-04-30 21:07:15,Rewards,The rewards experience is confusing.,neutral,4.25
901397,116482,2026-04-18 16:24:31,KYC Issues,I am unable to complete KYC document verification.,negative,6.87
901398,101115,2026-06-30 23:59:59,App Performance,The app feels slow and sometimes freezes.,negative,6.62
901399,114876,2026-02-26 00:16:09,KYC Issues,I am unable to complete KYC document verification.,negative,15.41
901400,106267,2026-02-23 13:16:14,Account,I need help with my account.,neutral,7.25
901401,139209,2026-03-10 10:12:33,Account,I need help with my account.,neutral,5.07
901402,132427,2026-06-11 10:04:29,KYC Issues,I am unable to complete KYC document verification.,negative,1.23
901403,111918,2026-04-04 15:19:35,KYC Issues,I am unable to complete KYC document verification.,negative,6.51
901404,123181,2026-03-05 01:18:48,KYC Issues,I am unable to complete KYC document verification.,negative,7.01
901405,141354,2026-03-29 15:44:51,Account,I need help with my account.,neutral,5.98
901406,135149,2026-03-10 22:55:34,KYC Issues,I am unable to complete KYC document verification.,negative,3.6
901407,130573,2026-06-13 21:30:45,KYC Issues,I am unable to complete KYC document verification.,negative,5.54
901408,147807,2026-04-15 07:41:21,Payment Failure,My payment failed and I do not know why.,negative,3.99
901409,145286,2026-05-16 03:36:39,Account,I need help with my account.,neutral,16.05
901410,142791,2026-02-15 00:51:15,Rewards,The rewards experience is confusing.,neutral,23.98
901411,120997,2026-05-20 00:05:30,App Performance,The app feels slow and sometimes freezes.,negative,9.85
901412,134299,2026-02-18 05:57:07,Rewards,The rewards experience is confusing.,neutral,7.15
901413,122049,2026-03-12 19:34:25,KYC Issues,I am unable to complete KYC document verification.,negative,13.49
901414,102529,2026-06-30 23:59:59,Account,I need help with my account.,neutral,11.18
901415,130519,2026-01-07 10:51:09,Payment Failure,My payment failed and I do not know why.,negative,1.03
901416,129541,2026-02-26 01:09:19,KYC Issues,I am unable to complete KYC document verification.,negative,3.05
901417,127441,2026-04-10 17:15:16,App Performance,The app feels slow and sometimes freezes.,negative,6.92
901418,143855,2026-06-02 12:15:49,KYC Issues,I am unable to complete KYC document verification.,negative,7.79
901419,126939,2026-05-11 05:05:52,Payment Failure,My payment failed and I do not know why.,negative,24.41
901420,102985,2026-04-24 20:37:43,KYC Issues,I am unable to complete KYC document verification.,negative,11.49
901421,114774,2026-04-19 22:37:35,KYC Issues,I am unable to complete KYC document verification.,negative,15.94
901422,127928,2026-03-14 04:44:56,Payment Failure,My payment failed and I do not know why.,negative,4.6
901423,122426,2026-05-13 22:59:20,Account,I need help with my account.,neutral,10.27
901424,126390,2026-01-25 23:16:27,KYC Issues,I am unable to complete KYC document verification.,negative,12.79
901425,142169,2026-03-10 21:02:14,Rewards,The rewards experience is confusing.,neutral,5.36
901426,145903,2026-01-13 11:18:00,Payment Failure,My payment failed and I do not know why.,negative,3.65
901427,119186,2026-01-21 13:25:38,KYC Issues,I am unable to complete KYC document verification.,negative,11.86
901428,118987,2026-02-22 04:45:23,KYC Issues,I am unable to complete KYC document verification.,negative,16.22
901429,129621,2026-04-27 11:07:14,Account,I need help with my account.,neutral,3.04
901430,120561,2026-06-30 08:53:31,KYC Issues,I am unable to complete KYC document verification.,negative,8.19
901431,135150,2026-03-10 09:26:01,Account,I need help with my account.,neutral,16.57
901432,124235,2026-01-21 04:16:46,KYC Issues,I am unable to complete KYC document verification.,negative,9.75
901433,115434,2026-04-07 08:19:42,Payment Failure,My payment failed and I do not know why.,negative,6.74
901434,102864,2026-03-08 19:13:46,Account,I need help with my account.,neutral,3.95
901435,123220,2026-06-13 17:27:10,Payment Failure,My payment failed and I do not know why.,negative,6.18
901436,116663,2026-06-28 19:35:11,Rewards,The rewards experience is confusing.,neutral,8.62
901437,115768,2026-06-30 23:59:59,App Performance,The app feels slow and sometimes freezes.,negative,0.33
901438,114479,2026-05-03 20:04:44,Account,I need help with my account.,neutral,14.89
901439,109956,2026-06-30 17:08:24,App Performance,The app feels slow and sometimes freezes.,negative,22.44
901440,131403,2026-03-09 22:13:12,Account,I need help with my account.,neutral,20.73
901441,121050,2026-02-07 12:30:40,Payment Failure,My payment failed and I do not know why.,negative,16.36
901442,134970,2026-06-20 05:14:55,Account,I need help with my account.,neutral,2.88
901443,124269,2026-05-21 21:59:11,Payment Failure,My payment failed and I do not know why.,negative,4.3
901444,123205,2026-03-20 10:37:19,App Performance,The app feels slow and sometimes freezes.,negative,9.35
901445,103378,2026-05-25 07:43:17,Payment Failure,My payment failed and I do not know why.,negative,10.79
901446,101600,2026-06-05 06:10:56,Account,I need help with my account.,neutral,3.09
901447,100477,2026-01-11 04:27:06,Account,I need help with my account.,neutral,16.4
901448,110799,2026-01-23 20:21:49,Rewards,The rewards experience is confusing.,neutral,16.83
901449,108640,2026-06-16 00:08:54,KYC Issues,I am unable to complete KYC document verification.,negative,16.71
901450,122143,2026-01-17 22:54:31,KYC Issues,I am unable to complete KYC document verification.,negative,1.97
901451,122183,2026-02-28 04:05:06,Payment Failure,My payment failed and I do not know why.,negative,7.39
901452,109933,2026-04-17 14:23:35,Account,I need help with my account.,neutral,11.04
901453,121047,2026-05-05 19:22:12,Account,I need help with my account.,neutral,5.41
901454,145443,2026-06-05 00:43:03,Rewards,The rewards experience is confusing.,neutral,13.29
901455,136232,2026-05-14 07:24:43,Payment Failure,My payment failed and I do not know why.,negative,15.56
901456,143953,2026-05-23 11:31:03,Payment Failure,My payment failed and I do not know why.,negative,9.06
901457,138327,2026-02-12 14:15:58,App Performance,The app feels slow and sometimes freezes.,negative,2.27
901458,138593,2026-06-05 07:46:51,Account,I need help with my account.,neutral,2.95
901459,117782,2026-04-02 00:17:25,App Performance,The app feels slow and sometimes freezes.,negative,12.38
901460,129876,2026-04-15 20:31:57,App Performance,The app feels slow and sometimes freezes.,negative,6.46
901461,131071,2026-01-11 15:43:42,App Performance,The app feels slow and sometimes freezes.,negative,3.68
901462,122257,2026-05-16 00:43:08,KYC Issues,I am unable to complete KYC document verification.,negative,30.33
901463,109460,2026-02-21 23:12:22,App Performance,The app feels slow and sometimes freezes.,negative,7.53
901464,110666,2026-05-31 05:30:04,KYC Issues,I am unable to complete KYC document verification.,negative,2.35
901465,108332,2026-04-26 07:54:32,Payment Failure,My payment failed and I do not know why.,negative,15.72
901466,125866,2026-02-10 08:45:36,App Performance,The app feels slow and sometimes freezes.,negative,4.02
901467,148002,2026-01-28 23:45:35,Payment Failure,My payment failed and I do not know why.,negative,12.05
901468,117555,2026-04-13 22:04:53,Rewards,The rewards experience is confusing.,neutral,3.73
901469,138887,2026-02-14 22:07:14,App Performance,The app feels slow and sometimes freezes.,negative,23.42
901470,128591,2026-01-23 12:42:13,Payment Failure,My payment failed and I do not know why.,negative,16.3
901471,115303,2026-04-15 06:44:25,KYC Issues,I am unable to complete KYC document verification.,negative,6.5
901472,127981,2026-01-15 17:32:08,Payment Failure,My payment failed and I do not know why.,negative,19.09
901473,119594,2026-02-16 02:28:56,Account,I need help with my account.,neutral,8.35
901474,111840,2026-06-07 08:27:45,Payment Failure,My payment failed and I do not know why.,negative,12.35
901475,119063,2026-04-23 15:34:16,KYC Issues,I am unable to complete KYC document verification.,negative,6.6
901476,126701,2026-02-25 03:58:54,Payment Failure,My payment failed and I do not know why.,negative,6.75
901477,139869,2026-06-30 23:59:59,App Performance,The app feels slow and sometimes freezes.,negative,25.41
901478,118827,2026-06-30 23:59:59,Rewards,The rewards experience is confusing.,neutral,3.28
901479,144783,2026-02-05 14:48:34,Account,I need help with my account.,neutral,2.07
901480,113474,2026-01-25 05:00:31,Payment Failure,My payment failed and I do not know why.,negative,1.1
901481,101812,2026-06-07 20:32:10,App Performance,The app feels slow and sometimes freezes.,negative,8.3
901482,105577,2026-06-10 03:36:16,KYC Issues,I am unable to complete KYC document verification.,negative,15.66
901483,113605,2026-05-11 18:34:26,App Performance,The app feels slow and sometimes freezes.,negative,17.49
901484,145815,2026-02-23 20:20:18,KYC Issues,I am unable to complete KYC document verification.,negative,3.67
901485,119288,2026-05-26 20:59:26,App Performance,The app feels slow and sometimes freezes.,negative,3.03
901486,145445,2026-06-30 23:59:59,Account,I need help with my account.,neutral,6.35
901487,102214,2026-02-25 13:35:14,Payment Failure,My payment failed and I do not know why.,negative,6.95
901488,127631,2026-04-05 19:04:03,App Performance,The app feels slow and sometimes freezes.,negative,9.69
901489,143905,2026-03-18 15:43:48,KYC Issues,I am unable to complete KYC document verification.,negative,17.23
901490,130732,2026-03-05 21:34:47,Account,I need help with my account.,neutral,4.13
901491,121256,2026-03-16 19:54:59,App Performance,The app feels slow and sometimes freezes.,negative,2.39
901492,122983,2026-03-18 09:17:36,Payment Failure,My payment failed and I do not know why.,negative,4.41
901493,116040,2026-02-09 22:15:47,KYC Issues,I am unable to complete KYC document verification.,negative,0.61
901494,102673,2026-03-22 04:38:58,KYC Issues,I am unable to complete KYC document verification.,negative,12.31
901495,129364,2026-02-19 19:01:50,KYC Issues,I am unable to complete KYC document verification.,negative,11.97
901496,102609,2026-05-13 14:22:30,Payment Failure,My payment failed and I do not know why.,negative,1.86
901497,120497,2026-02-11 20:33:38,Account,I need help with my account.,neutral,22.27
901498,147609,2026-03-30 05:44:22,Account,I need help with my account.,neutral,4.86
901499,105160,2026-01-11 04:27:44,Rewards,The rewards experience is confusing.,neutral,10.29
901500,139382,2026-04-24 01:10:09,Payment Failure,My payment failed and I do not know why.,negative,2.11
901501,135577,2026-04-16 03:44:57,Payment Failure,My payment failed and I do not know why.,negative,5.52
901502,134235,2026-04-30 17:15:56,Payment Failure,My payment failed and I do not know why.,negative,4.03
901503,132778,2026-02-17 06:39:22,Account,I need help with my account.,neutral,9.96
901504,111402,2026-06-17 23:36:26,Account,I need help with my account.,neutral,20.87
901505,110505,2026-06-28 16:00:32,Payment Failure,My payment failed and I do not know why.,negative,8.62
901506,133527,2026-06-27 14:57:43,Payment Failure,My payment failed and I do not know why.,negative,5.21
901507,141590,2026-01-06 18:05:45,Payment Failure,My payment failed and I do not know why.,negative,18.9
901508,105755,2026-04-16 12:29:23,Account,I need help with my account.,neutral,24.84
901509,144771,2026-04-02 07:03:11,App Performance,The app feels slow and sometimes freezes.,negative,6.43
901510,122012,2026-04-08 19:56:03,Account,I need help with my account.,neutral,27.26
901511,145389,2026-05-21 00:27:59,KYC Issues,I am unable to complete KYC document verification.,negative,14.76
901512,120938,2026-03-15 10:07:47,Rewards,The rewards experience is confusing.,neutral,10.8
901513,121935,2026-04-30 16:33:05,KYC Issues,I am unable to complete KYC document verification.,negative,1.52
901514,108035,2026-05-08 15:06:37,KYC Issues,I am unable to complete KYC document verification.,negative,8.06
901515,107127,2026-02-15 22:41:39,Account,I need help with my account.,neutral,16.12
901516,147616,2026-05-27 09:37:58,KYC Issues,I am unable to complete KYC document verification.,negative,5.19
901517,147791,2026-02-07 00:01:53,App Performance,The app feels slow and sometimes freezes.,negative,1.84
901518,146123,2026-03-19 14:08:58,Account,I need help with my account.,neutral,5.34
901519,135847,2026-06-07 22:21:11,KYC Issues,I am unable to complete KYC document verification.,negative,17.32
901520,134583,2026-03-08 08:54:21,KYC Issues,I am unable to complete KYC document verification.,negative,9.15
901521,113083,2026-02-16 11:35:06,App Performance,The app feels slow and sometimes freezes.,negative,5.93
901522,140647,2026-02-01 20:55:51,Account,I need help with my account.,neutral,3.95
901523,121906,2026-04-07 20:05:41,Rewards,The rewards experience is confusing.,neutral,14.09
901524,125239,2026-06-26 17:06:17,Payment Failure,My payment failed and I do not know why.,negative,15.92
901525,135976,2026-05-28 20:12:36,App Performance,The app feels slow and sometimes freezes.,negative,9.38
901526,106497,2026-01-19 00:31:37,Account,I need help with my account.,neutral,23.18
901527,143694,2026-01-29 23:00:18,Rewards,The rewards experience is confusing.,neutral,4.09
901528,133525,2026-05-29 20:27:35,Rewards,The rewards experience is confusing.,neutral,11.92
901529,120702,2026-03-07 18:22:08,Rewards,The rewards experience is confusing.,neutral,2.28
901530,113313,2026-01-22 23:17:21,Payment Failure,My payment failed and I do not know why.,negative,3.05
901531,110037,2026-04-08 03:19:24,App Performance,The app feels slow and sometimes freezes.,negative,11.75
901532,114165,2026-03-19 21:14:37,App Performance,The app feels slow and sometimes freezes.,negative,8.01
901533,131155,2026-02-17 06:13:59,Account,I need help with my account.,neutral,12.62
901534,124949,2026-01-28 15:41:58,Account,I need help with my account.,neutral,2.85
901535,135309,2026-04-19 09:28:03,Payment Failure,My payment failed and I do not know why.,negative,3.88
901536,147764,2026-06-21 09:57:00,KYC Issues,I am unable to complete KYC document verification.,negative,22.63
901537,132908,2026-04-06 05:30:39,Rewards,The rewards experience is confusing.,neutral,7.94
901538,145610,2026-03-14 11:39:09,Rewards,The rewards experience is confusing.,neutral,6.66
901539,105254,2026-05-28 23:53:48,KYC Issues,I am unable to complete KYC document verification.,negative,2.25
901540,119105,2026-06-04 03:11:53,Rewards,The rewards experience is confusing.,neutral,5.7
901541,132806,2026-03-19 19:02:28,Payment Failure,My payment failed and I do not know why.,negative,7.14
901542,140517,2026-05-05 19:27:50,Account,I need help with my account.,neutral,3.88
901543,103883,2026-04-12 07:45:22,Payment Failure,My payment failed and I do not know why.,negative,21.38
901544,122989,2026-04-10 12:58:47,Account,I need help with my account.,neutral,22.24
901545,131225,2026-06-11 22:36:52,Rewards,The rewards experience is confusing.,neutral,9.73
901546,103419,2026-06-30 23:59:59,Account,I need help with my account.,neutral,1.86
901547,138930,2026-05-01 09:04:54,Rewards,The rewards experience is confusing.,neutral,10.18
901548,123542,2026-03-05 05:32:06,Payment Failure,My payment failed and I do not know why.,negative,4.57
901549,126355,2026-06-30 23:59:59,Rewards,The rewards experience is confusing.,neutral,12.68
901550,119772,2026-04-17 11:21:19,KYC Issues,I am unable to complete KYC document verification.,negative,10.84
901551,110190,2026-04-04 08:58:36,Account,I need help with my account.,neutral,5.03
901552,144563,2026-01-21 22:20:57,KYC Issues,I am unable to complete KYC document verification.,negative,15.43
901553,144561,2026-03-19 03:18:57,App Performance,The app feels slow and sometimes freezes.,negative,6.03
901554,144945,2026-01-22 08:22:55,Payment Failure,My payment failed and I do not know why.,negative,51.11
901555,105196,2026-03-25 04:37:37,App Performance,The app feels slow and sometimes freezes.,negative,12.61
901556,137256,2026-02-04 07:05:23,Payment Failure,My payment failed and I do not know why.,negative,9.78
901557,131611,2026-05-25 16:13:20,Payment Failure,My payment failed and I do not know why.,negative,5.5
901558,102192,2026-06-09 06:06:54,App Performance,The app feels slow and sometimes freezes.,negative,4.27
901559,131040,2026-06-30 23:59:59,Account,I need help with my account.,neutral,16.23
901560,146777,2026-04-16 03:09:20,Account,I need help with my account.,neutral,11.4
901561,107786,2026-05-30 04:22:53,Account,I need help with my account.,neutral,4.35
901562,146173,2026-06-02 13:53:05,Payment Failure,My payment failed and I do not know why.,negative,22.98
901563,142979,2026-04-04 08:37:12,KYC Issues,I am unable to complete KYC document verification.,negative,4.88
901564,148127,2026-01-31 15:29:27,KYC Issues,I am unable to complete KYC document verification.,negative,2.24
901565,103155,2026-06-07 21:27:59,KYC Issues,I am unable to complete KYC document verification.,negative,8.63
901566,122796,2026-06-01 23:40:22,App Performance,The app feels slow and sometimes freezes.,negative,0.6
901567,129896,2026-05-07 08:32:29,Rewards,The rewards experience is confusing.,neutral,12.8
901568,116913,2026-04-03 12:12:05,App Performance,The app feels slow and sometimes freezes.,negative,6.5
901569,141043,2026-02-11 14:22:15,KYC Issues,I am unable to complete KYC document verification.,negative,13.59
901570,142716,2026-03-30 11:30:04,Rewards,The rewards experience is confusing.,neutral,16.68
901571,107442,2026-06-04 09:53:09,Account,I need help with my account.,neutral,17.94
901572,112849,2026-06-12 08:26:28,KYC Issues,I am unable to complete KYC document verification.,negative,14.41
901573,112620,2026-01-28 04:50:51,Rewards,The rewards experience is confusing.,neutral,41.35
901574,119747,2026-05-25 11:27:05,Payment Failure,My payment failed and I do not know why.,negative,15.15
901575,101423,2026-02-22 07:50:19,Rewards,The rewards experience is confusing.,neutral,8.19
901576,126895,2026-05-12 14:47:36,Payment Failure,My payment failed and I do not know why.,negative,11.73
901577,106066,2026-06-30 23:59:59,KYC Issues,I am unable to complete KYC document verification.,negative,17.38
901578,137617,2026-02-12 08:02:55,Account,I need help with my account.,neutral,4.3
901579,137029,2026-06-04 10:32:10,Account,I need help with my account.,neutral,9.89
901580,143198,2026-01-18 21:40:34,Rewards,The rewards experience is confusing.,neutral,15.53
901581,129229,2026-01-18 17:19:01,Account,I need help with my account.,neutral,16.23
901582,129836,2026-04-10 02:01:29,Payment Failure,My payment failed and I do not know why.,negative,9.11
901583,122686,2026-05-07 16:18:25,App Performance,The app feels slow and sometimes freezes.,negative,7.13
901584,122342,2026-01-29 08:47:17,Payment Failure,My payment failed and I do not know why.,negative,8.19
901585,145714,2026-03-22 07:18:35,KYC Issues,I am unable to complete KYC document verification.,negative,6.99
901586,134760,2026-05-14 07:03:17,KYC Issues,I am unable to complete KYC document verification.,negative,2.59
901587,105216,2026-03-08 00:49:45,App Performance,The app feels slow and sometimes freezes.,negative,4.4
901588,148813,2026-06-01 15:56:00,Payment Failure,My payment failed and I do not know why.,negative,12.47
901589,144918,2026-06-10 12:26:20,KYC Issues,I am unable to complete KYC document verification.,negative,12.06
901590,139365,2026-05-06 14:12:02,KYC Issues,I am unable to complete KYC document verification.,negative,0.79
901591,147379,2026-06-14 22:49:06,Rewards,The rewards experience is confusing.,neutral,28.81
901592,102900,2026-04-20 07:21:10,Account,I need help with my account.,neutral,9.48
901593,113308,2026-04-01 16:21:30,Rewards,The rewards experience is confusing.,neutral,3.7
901594,118862,2026-02-21 19:39:01,Payment Failure,My payment failed and I do not know why.,negative,6.91
901595,114161,2026-02-16 07:37:08,Payment Failure,My payment failed and I do not know why.,negative,8.03
901596,115154,2026-05-10 20:42:51,KYC Issues,I am unable to complete KYC document verification.,negative,14.14
901597,102562,2026-03-27 11:54:56,Rewards,The rewards experience is confusing.,neutral,16.48
901598,107309,2026-03-11 06:04:42,App Performance,The app feels slow and sometimes freezes.,negative,2.6
901599,119224,2026-03-01 09:09:03,App Performance,The app feels slow and sometimes freezes.,negative,16.39
901600,139544,2026-06-03 21:09:11,App Performance,The app feels slow and sometimes freezes.,negative,3.1
901601,133681,2026-01-11 07:55:06,Payment Failure,My payment failed and I do not know why.,negative,12.51
901602,139098,2026-06-22 16:54:14,Account,I need help with my account.,neutral,23.78
901603,144841,2026-04-10 01:08:58,Rewards,The rewards experience is confusing.,neutral,7.25
901604,144615,2026-05-18 06:51:48,Rewards,The rewards experience is confusing.,neutral,7.12
901605,127192,2026-05-18 17:34:11,App Performance,The app feels slow and sometimes freezes.,negative,27.36
901606,117477,2026-02-25 15:57:17,Rewards,The rewards experience is confusing.,neutral,7.29
901607,114804,2026-04-20 05:03:23,KYC Issues,I am unable to complete KYC document verification.,negative,11.03
901608,126838,2026-04-09 23:01:40,Payment Failure,My payment failed and I do not know why.,negative,1.87
901609,110263,2026-02-26 17:35:00,KYC Issues,I am unable to complete KYC document verification.,negative,1.03
901610,144191,2026-01-13 03:16:54,KYC Issues,I am unable to complete KYC document verification.,negative,10.05
901611,143279,2026-02-16 08:22:03,KYC Issues,I am unable to complete KYC document verification.,negative,7.72
901612,130949,2026-02-05 22:03:42,KYC Issues,I am unable to complete KYC document verification.,negative,6.5
901613,142990,2026-05-26 11:59:48,Payment Failure,My payment failed and I do not know why.,negative,7.56
901614,119710,2026-05-07 20:07:16,Account,I need help with my account.,neutral,8.76
901615,128469,2026-06-16 07:27:57,KYC Issues,I am unable to complete KYC document verification.,negative,3.64
901616,100544,2026-05-28 00:56:33,Payment Failure,My payment failed and I do not know why.,negative,15.25
901617,123823,2026-05-30 06:39:29,KYC Issues,I am unable to complete KYC document verification.,negative,12.23
901618,128067,2026-04-28 15:19:07,Payment Failure,My payment failed and I do not know why.,negative,22.53
901619,134416,2026-02-25 00:07:52,Payment Failure,My payment failed and I do not know why.,negative,6.92
901620,139628,2026-05-17 05:34:16,Rewards,The rewards experience is confusing.,neutral,12.07
901621,101164,2026-01-26 13:25:17,App Performance,The app feels slow and sometimes freezes.,negative,10.54
901622,129747,2026-05-08 10:10:46,Payment Failure,My payment failed and I do not know why.,negative,4.83
901623,102211,2026-04-15 10:58:40,KYC Issues,I am unable to complete KYC document verification.,negative,3.92
901624,123002,2026-03-05 08:31:59,Payment Failure,My payment failed and I do not know why.,negative,6.64
901625,132301,2026-05-11 09:55:32,App Performance,The app feels slow and sometimes freezes.,negative,23.18
901626,146321,2026-04-10 08:56:26,Account,I need help with my account.,neutral,12.51
901627,128828,2026-06-17 17:34:11,App Performance,The app feels slow and sometimes freezes.,negative,1.81
901628,144405,2026-04-25 02:31:39,App Performance,The app feels slow and sometimes freezes.,negative,18.56
901629,118199,2026-04-25 18:16:54,Payment Failure,My payment failed and I do not know why.,negative,4.17
901630,101902,2026-03-17 12:08:54,Payment Failure,My payment failed and I do not know why.,negative,6.98
901631,137461,2026-03-17 16:54:07,KYC Issues,I am unable to complete KYC document verification.,negative,2.38
901632,117693,2026-01-30 04:50:21,Account,I need help with my account.,neutral,21.75
901633,128201,2026-01-21 14:59:24,Account,I need help with my account.,neutral,3.56
901634,124783,2026-03-17 07:15:17,KYC Issues,I am unable to complete KYC document verification.,negative,23.98
901635,128969,2026-05-01 03:37:21,Rewards,The rewards experience is confusing.,neutral,2.97
901636,138889,2026-06-18 20:34:42,Payment Failure,My payment failed and I do not know why.,negative,11.28
901637,135969,2026-05-31 07:32:16,KYC Issues,I am unable to complete KYC document verification.,negative,16.12
901638,130876,2026-04-30 05:37:16,App Performance,The app feels slow and sometimes freezes.,negative,14.74
901639,138949,2026-05-01 00:28:41,KYC Issues,I am unable to complete KYC document verification.,negative,11.73
901640,115360,2026-02-20 01:55:27,KYC Issues,I am unable to complete KYC document verification.,negative,3.22
901641,142752,2026-05-04 23:14:58,KYC Issues,I am unable to complete KYC document verification.,negative,2.13
901642,144470,2026-05-26 12:44:39,Rewards,The rewards experience is confusing.,neutral,29.27
901643,119715,2026-03-21 10:58:37,KYC Issues,I am unable to complete KYC document verification.,negative,8.47
901644,111608,2026-02-23 19:24:07,KYC Issues,I am unable to complete KYC document verification.,negative,12.01
901645,136168,2026-04-24 04:16:34,KYC Issues,I am unable to complete KYC document verification.,negative,13.8
901646,135572,2026-02-07 20:18:05,KYC Issues,I am unable to complete KYC document verification.,negative,7.66
901647,130442,2026-02-05 15:51:00,KYC Issues,I am unable to complete KYC document verification.,negative,5.44
901648,139647,2026-06-28 23:35:32,KYC Issues,I am unable to complete KYC document verification.,negative,13.54
901649,145247,2026-04-20 17:48:09,KYC Issues,I am unable to complete KYC document verification.,negative,8.29
901650,110435,2026-02-08 15:14:54,Payment Failure,My payment failed and I do not know why.,negative,12.46
901651,145592,2026-05-17 16:42:46,App Performance,The app feels slow and sometimes freezes.,negative,14.09
901652,133541,2026-03-04 14:00:54,Account,I need help with my account.,neutral,6.78
901653,104163,2026-02-22 11:31:03,Account,I need help with my account.,neutral,4.39
901654,124262,2026-06-30 23:59:59,KYC Issues,I am unable to complete KYC document verification.,negative,9.83
901655,127619,2026-06-21 07:30:47,Payment Failure,My payment failed and I do not know why.,negative,12.79
901656,117467,2026-02-28 14:49:55,Rewards,The rewards experience is confusing.,neutral,11.17
901657,102442,2026-06-01 12:57:19,KYC Issues,I am unable to complete KYC document verification.,negative,5.61
901658,106212,2026-04-15 05:04:52,Payment Failure,My payment failed and I do not know why.,negative,7.81
901659,116369,2026-04-20 20:23:03,Account,I need help with my account.,neutral,7.98
901660,106897,2026-03-04 21:32:25,KYC Issues,I am unable to complete KYC document verification.,negative,5.49
901661,127591,2026-02-21 03:59:32,KYC Issues,I am unable to complete KYC document verification.,negative,18.07
901662,127722,2026-06-30 23:59:59,Payment Failure,My payment failed and I do not know why.,negative,3.08
901663,106401,2026-01-18 18:36:58,Rewards,The rewards experience is confusing.,neutral,3.71
901664,146283,2026-03-21 18:00:22,Account,I need help with my account.,neutral,9.01
901665,130128,2026-04-28 07:46:45,Payment Failure,My payment failed and I do not know why.,negative,7.68
901666,119028,2026-06-23 11:29:06,KYC Issues,I am unable to complete KYC document verification.,negative,27.46
901667,133822,2026-03-23 21:54:06,KYC Issues,I am unable to complete KYC document verification.,negative,3.74
901668,132757,2026-05-18 04:28:59,Payment Failure,My payment failed and I do not know why.,negative,8.64
901669,147478,2026-03-06 09:11:01,Payment Failure,My payment failed and I do not know why.,negative,4.7
901670,131633,2026-02-22 00:35:11,Payment Failure,My payment failed and I do not know why.,negative,10.91
901671,118559,2026-03-21 10:28:32,KYC Issues,I am unable to complete KYC document verification.,negative,3.08
901672,116626,2026-06-30 23:59:59,App Performance,The app feels slow and sometimes freezes.,negative,5.66
901673,117532,2026-02-15 01:00:31,Payment Failure,My payment failed and I do not know why.,negative,4.33
901674,137648,2026-02-19 22:47:45,KYC Issues,I am unable to complete KYC document verification.,negative,6.33
901675,133396,2026-05-12 07:50:32,App Performance,The app feels slow and sometimes freezes.,negative,0.62
901676,117828,2026-06-11 02:09:28,Account,I need help with my account.,neutral,5.98
901677,114428,2026-06-28 07:28:37,Payment Failure,My payment failed and I do not know why.,negative,1.96
901678,101006,2026-04-23 13:15:07,KYC Issues,I am unable to complete KYC document verification.,negative,3.53
901679,105489,2026-02-24 03:54:24,Rewards,The rewards experience is confusing.,neutral,2.86
901680,145616,2026-06-22 14:29:37,Payment Failure,My payment failed and I do not know why.,negative,2.99
901681,117407,2026-02-21 21:01:27,Account,I need help with my account.,neutral,10.85
901682,100455,2026-04-08 15:51:15,Account,I need help with my account.,neutral,2.05
901683,104245,2026-03-06 02:56:01,Rewards,The rewards experience is confusing.,neutral,6.51
901684,139506,2026-02-28 18:02:29,App Performance,The app feels slow and sometimes freezes.,negative,10.28
901685,143384,2026-02-15 20:25:56,KYC Issues,I am unable to complete KYC document verification.,negative,0.22
901686,134293,2026-04-27 07:58:41,Payment Failure,My payment failed and I do not know why.,negative,9.84
901687,141414,2026-06-30 23:59:59,KYC Issues,I am unable to complete KYC document verification.,negative,9.01
901688,144592,2026-02-09 21:36:49,KYC Issues,I am unable to complete KYC document verification.,negative,12.75
901689,131954,2026-02-25 21:37:42,Account,I need help with my account.,neutral,9.66
901690,129981,2026-06-09 12:20:30,Payment Failure,My payment failed and I do not know why.,negative,10.9
901691,109392,2026-01-26 15:13:30,Payment Failure,My payment failed and I do not know why.,negative,4.98
901692,122339,2026-02-05 05:58:44,Payment Failure,My payment failed and I do not know why.,negative,3.25
901693,111709,2026-06-14 04:10:51,Payment Failure,My payment failed and I do not know why.,negative,10.95
901694,112967,2026-03-13 04:16:54,App Performance,The app feels slow and sometimes freezes.,negative,9.52
901695,145665,2026-06-30 23:59:59,KYC Issues,I am unable to complete KYC document verification.,negative,6.35
901696,112825,2026-03-10 14:31:24,Account,I need help with my account.,neutral,7.92
901697,129862,2026-03-10 13:52:41,Payment Failure,My payment failed and I do not know why.,negative,3.81
901698,136408,2026-02-06 02:26:44,KYC Issues,I am unable to complete KYC document verification.,negative,10.18
901699,119205,2026-06-06 05:24:57,KYC Issues,I am unable to complete KYC document verification.,negative,5.7
901700,107777,2026-01-17 14:21:48,Payment Failure,My payment failed and I do not know why.,negative,3.27
901701,135973,2026-05-12 20:14:42,KYC Issues,I am unable to complete KYC document verification.,negative,8.97
901702,146216,2026-04-27 15:47:34,App Performance,The app feels slow and sometimes freezes.,negative,22.33
901703,126543,2026-06-11 06:13:00,KYC Issues,I am unable to complete KYC document verification.,negative,12.83
901704,126717,2026-03-31 15:13:46,KYC Issues,I am unable to complete KYC document verification.,negative,13.5
901705,141854,2026-04-20 05:26:33,Payment Failure,My payment failed and I do not know why.,negative,11.17
901706,115470,2026-05-03 02:17:46,KYC Issues,I am unable to complete KYC document verification.,negative,9.43
901707,127056,2026-04-21 18:57:14,Account,I need help with my account.,neutral,38.46
901708,111063,2026-04-01 04:41:44,Rewards,The rewards experience is confusing.,neutral,17.94
901709,112111,2026-02-23 23:19:50,Payment Failure,My payment failed and I do not know why.,negative,9.05
901710,114519,2026-02-25 21:26:33,Payment Failure,My payment failed and I do not know why.,negative,5.41
901711,137533,2026-01-30 23:54:03,Payment Failure,My payment failed and I do not know why.,negative,20.3
901712,133613,2026-02-26 10:43:40,KYC Issues,I am unable to complete KYC document verification.,negative,10.23
901713,113434,2026-05-22 19:16:26,Rewards,The rewards experience is confusing.,neutral,31.28
901714,103054,2026-02-21 03:32:24,Payment Failure,My payment failed and I do not know why.,negative,7.13
901715,117453,2026-05-08 14:38:29,App Performance,The app feels slow and sometimes freezes.,negative,27.42
901716,127506,2026-01-22 14:52:15,Rewards,The rewards experience is confusing.,neutral,10.38
901717,148931,2026-02-12 10:27:29,App Performance,The app feels slow and sometimes freezes.,negative,30.78
901718,120001,2026-03-22 10:11:32,Payment Failure,My payment failed and I do not know why.,negative,1.44
901719,139080,2026-05-09 20:50:49,Payment Failure,My payment failed and I do not know why.,negative,7.9
901720,109274,2026-03-03 17:44:41,KYC Issues,I am unable to complete KYC document verification.,negative,17.15
901721,110135,2026-01-25 07:25:20,KYC Issues,I am unable to complete KYC document verification.,negative,15.36
901722,102983,2026-03-25 01:01:35,App Performance,The app feels slow and sometimes freezes.,negative,20.95
901723,131600,2026-05-27 12:44:19,App Performance,The app feels slow and sometimes freezes.,negative,8.28
901724,147438,2026-05-27 01:06:12,Payment Failure,My payment failed and I do not know why.,negative,5.02
901725,140224,2026-06-16 16:03:49,Rewards,The rewards experience is confusing.,neutral,9.0
901726,105771,2026-05-08 20:35:15,Rewards,The rewards experience is confusing.,neutral,2.01
901727,134871,2026-04-15 18:59:11,Rewards,The rewards experience is confusing.,neutral,3.9
901728,129000,2026-03-03 21:07:45,App Performance,The app feels slow and sometimes freezes.,negative,14.17
901729,116321,2026-03-20 01:33:57,Payment Failure,My payment failed and I do not know why.,negative,14.99
901730,138545,2026-03-30 06:26:27,KYC Issues,I am unable to complete KYC document verification.,negative,14.87
901731,114816,2026-06-09 15:23:29,Rewards,The rewards experience is confusing.,neutral,2.13
901732,117963,2026-01-08 15:37:13,Payment Failure,My payment failed and I do not know why.,negative,10.45
901733,123648,2026-03-12 12:55:21,Account,I need help with my account.,neutral,7.48
901734,108480,2026-06-13 11:32:06,KYC Issues,I am unable to complete KYC document verification.,negative,4.87
901735,122896,2026-02-25 09:28:12,KYC Issues,I am unable to complete KYC document verification.,negative,24.95
901736,118854,2026-04-30 00:15:12,KYC Issues,I am unable to complete KYC document verification.,negative,4.8
901737,139475,2026-06-11 06:16:00,KYC Issues,I am unable to complete KYC document verification.,negative,15.04
901738,109354,2026-03-21 05:15:12,KYC Issues,I am unable to complete KYC document verification.,negative,9.37
901739,125043,2026-01-20 09:44:04,Rewards,The rewards experience is confusing.,neutral,12.27
901740,146016,2026-04-24 23:16:03,Payment Failure,My payment failed and I do not know why.,negative,19.84
901741,102758,2026-02-10 19:41:16,KYC Issues,I am unable to complete KYC document verification.,negative,10.57
901742,112215,2026-01-26 06:42:38,Payment Failure,My payment failed and I do not know why.,negative,6.27
901743,123492,2026-03-08 06:24:18,Account,I need help with my account.,neutral,15.99
901744,128028,2026-06-18 15:58:28,Payment Failure,My payment failed and I do not know why.,negative,11.13
901745,104129,2026-02-19 17:22:56,KYC Issues,I am unable to complete KYC document verification.,negative,15.99
901746,130612,2026-05-02 23:18:34,Payment Failure,My payment failed and I do not know why.,negative,19.0
901747,107916,2026-04-18 03:37:02,Account,I need help with my account.,neutral,4.32
901748,127688,2026-05-02 04:00:14,Payment Failure,My payment failed and I do not know why.,negative,14.64
901749,125573,2026-06-08 15:49:18,Payment Failure,My payment failed and I do not know why.,negative,8.52
901750,102183,2026-03-29 01:58:16,Account,I need help with my account.,neutral,0.62
901751,129966,2026-04-01 03:32:17,Rewards,The rewards experience is confusing.,neutral,18.43
901752,126217,2026-03-22 07:54:04,Payment Failure,My payment failed and I do not know why.,negative,1.15
901753,104823,2026-02-17 11:52:36,App Performance,The app feels slow and sometimes freezes.,negative,1.46
901754,102111,2026-06-30 23:59:59,KYC Issues,I am unable to complete KYC document verification.,negative,11.56
901755,120932,2026-02-24 04:00:45,Account,I need help with my account.,neutral,9.09
901756,125271,2026-05-24 23:06:47,KYC Issues,I am unable to complete KYC document verification.,negative,11.28
901757,100177,2026-02-05 15:58:13,Account,I need help with my account.,neutral,7.96
901758,105684,2026-06-01 21:28:04,Account,I need help with my account.,neutral,6.07
901759,147938,2026-05-20 13:10:57,KYC Issues,I am unable to complete KYC document verification.,negative,16.79
901760,132859,2026-05-06 18:13:44,Account,I need help with my account.,neutral,8.73
901761,128222,2026-02-03 17:51:38,KYC Issues,I am unable to complete KYC document verification.,negative,4.8
901762,128531,2026-04-05 02:51:19,Account,I need help with my account.,neutral,10.54
901763,115850,2026-04-28 15:50:03,KYC Issues,I am unable to complete KYC document verification.,negative,2.47
901764,123745,2026-06-30 23:59:59,Payment Failure,My payment failed and I do not know why.,negative,10.07
901765,143284,2026-05-10 22:20:47,KYC Issues,I am unable to complete KYC document verification.,negative,7.15
901766,120614,2026-06-09 18:05:02,Payment Failure,My payment failed and I do not know why.,negative,1.67
901767,127820,2026-06-04 07:19:04,Payment Failure,My payment failed and I do not know why.,negative,6.41
901768,138873,2026-05-22 07:01:05,Payment Failure,My payment failed and I do not know why.,negative,26.9
901769,127588,2026-01-20 02:02:14,Account,I need help with my account.,neutral,5.89
901770,141890,2026-03-03 03:16:38,KYC Issues,I am unable to complete KYC document verification.,negative,1.43
901771,123873,2026-04-23 06:43:12,App Performance,The app feels slow and sometimes freezes.,negative,15.06
901772,110916,2026-02-07 03:21:03,App Performance,The app feels slow and sometimes freezes.,negative,3.29
901773,122990,2026-05-01 04:56:30,Payment Failure,My payment failed and I do not know why.,negative,11.04
901774,147402,2026-03-23 01:45:40,KYC Issues,I am unable to complete KYC document verification.,negative,14.99
901775,120375,2026-05-21 15:04:07,Payment Failure,My payment failed and I do not know why.,negative,7.78
901776,124684,2026-05-18 16:06:19,Rewards,The rewards experience is confusing.,neutral,7.54
901777,108054,2026-03-03 12:29:52,Account,I need help with my account.,neutral,6.51
901778,101742,2026-02-24 12:55:35,Payment Failure,My payment failed and I do not know why.,negative,3.08
901779,125117,2026-03-14 03:55:13,Rewards,The rewards experience is confusing.,neutral,9.55
901780,124185,2026-04-05 07:36:11,KYC Issues,I am unable to complete KYC document verification.,negative,9.72
901781,113632,2026-05-16 23:40:55,KYC Issues,I am unable to complete KYC document verification.,negative,4.01
901782,104304,2026-03-12 16:31:30,KYC Issues,I am unable to complete KYC document verification.,negative,6.39
901783,121988,2026-06-03 01:16:37,Payment Failure,My payment failed and I do not know why.,negative,3.8
901784,135720,2026-05-31 11:52:03,Rewards,The rewards experience is confusing.,neutral,1.11
901785,123461,2026-03-22 14:09:55,Rewards,The rewards experience is confusing.,neutral,1.55
901786,110445,2026-04-05 23:55:36,Account,I need help with my account.,neutral,2.44
901787,142407,2026-03-03 03:24:44,Rewards,The rewards experience is confusing.,neutral,6.77
901788,115710,2026-01-23 05:56:11,Payment Failure,My payment failed and I do not know why.,negative,3.87
901789,133010,2026-03-19 18:38:07,KYC Issues,I am unable to complete KYC document verification.,negative,7.9
901790,110280,2026-02-14 04:51:40,Rewards,The rewards experience is confusing.,neutral,8.2
901791,120946,2026-03-14 03:21:40,Rewards,The rewards experience is confusing.,neutral,11.18
901792,105654,2026-03-04 03:45:01,KYC Issues,I am unable to complete KYC document verification.,negative,6.82
901793,104817,2026-03-22 02:11:19,Payment Failure,My payment failed and I do not know why.,negative,4.89
901794,136891,2026-06-25 20:56:45,KYC Issues,I am unable to complete KYC document verification.,negative,8.98
901795,139174,2026-06-16 16:24:41,App Performance,The app feels slow and sometimes freezes.,negative,10.71
901796,115057,2026-04-13 19:08:08,Account,I need help with my account.,neutral,6.24
901797,113944,2026-02-19 01:47:49,Payment Failure,My payment failed and I do not know why.,negative,3.06
901798,121682,2026-05-22 15:46:53,Account,I need help with my account.,neutral,7.46
901799,135500,2026-06-10 22:25:31,Payment Failure,My payment failed and I do not know why.,negative,11.29
901800,111029,2026-06-20 05:37:26,Account,I need help with my account.,neutral,17.6
901801,104449,2026-02-03 23:08:13,KYC Issues,I am unable to complete KYC document verification.,negative,15.66
901802,139839,2026-06-05 08:20:30,Rewards,The rewards experience is confusing.,neutral,7.2
901803,142197,2026-06-02 17:25:23,KYC Issues,I am unable to complete KYC document verification.,negative,5.44
901804,132526,2026-03-27 16:11:25,Account,I need help with my account.,neutral,12.47
901805,130353,2026-03-30 02:32:26,KYC Issues,I am unable to complete KYC document verification.,negative,11.81
901806,127615,2026-02-12 01:22:12,Payment Failure,My payment failed and I do not know why.,negative,11.86
901807,120950,2026-06-02 18:38:02,Payment Failure,My payment failed and I do not know why.,negative,11.78
901808,145485,2026-06-30 23:59:59,KYC Issues,I am unable to complete KYC document verification.,negative,19.59
901809,138588,2026-03-15 14:28:15,KYC Issues,I am unable to complete KYC document verification.,negative,4.59
901810,117250,2026-03-14 05:38:23,KYC Issues,I am unable to complete KYC document verification.,negative,12.8
901811,103432,2026-06-22 14:44:57,App Performance,The app feels slow and sometimes freezes.,negative,17.88
901812,146131,2026-06-25 19:29:46,Payment Failure,My payment failed and I do not know why.,negative,4.29
901813,101793,2026-02-12 06:29:39,KYC Issues,I am unable to complete KYC document verification.,negative,1.0
901814,104866,2026-02-06 13:16:04,Payment Failure,My payment failed and I do not know why.,negative,37.94
901815,127416,2026-06-26 04:00:11,KYC Issues,I am unable to complete KYC document verification.,negative,2.27
901816,117915,2026-05-18 12:44:24,KYC Issues,I am unable to complete KYC document verification.,negative,7.23
901817,137333,2026-02-27 12:31:19,App Performance,The app feels slow and sometimes freezes.,negative,4.45
901818,107593,2026-01-24 02:36:05,KYC Issues,I am unable to complete KYC document verification.,negative,10.29
901819,147135,2026-04-20 04:12:17,Account,I need help with my account.,neutral,11.27
901820,144991,2026-06-30 23:59:59,Rewards,The rewards experience is confusing.,neutral,7.9
901821,140269,2026-02-17 00:47:19,KYC Issues,I am unable to complete KYC document verification.,negative,24.65
901822,105170,2026-04-02 22:02:13,Account,I need help with my account.,neutral,1.69
901823,135152,2026-01-25 12:31:08,KYC Issues,I am unable to complete KYC document verification.,negative,1.98
901824,146636,2026-02-05 18:29:15,KYC Issues,I am unable to complete KYC document verification.,negative,8.57
901825,132958,2026-02-25 21:37:10,Payment Failure,My payment failed and I do not know why.,negative,7.68
901826,140262,2026-04-10 13:24:25,Payment Failure,My payment failed and I do not know why.,negative,17.12
901827,111808,2026-04-27 22:32:07,Account,I need help with my account.,neutral,11.43
901828,142049,2026-03-13 16:50:31,Rewards,The rewards experience is confusing.,neutral,5.11
901829,102711,2026-05-28 19:08:41,Payment Failure,My payment failed and I do not know why.,negative,7.99
901830,112884,2026-05-15 02:09:47,Payment Failure,My payment failed and I do not know why.,negative,10.47
901831,146276,2026-05-04 04:14:44,KYC Issues,I am unable to complete KYC document verification.,negative,3.38
901832,144109,2026-02-05 13:42:07,Rewards,The rewards experience is confusing.,neutral,10.95
901833,105228,2026-06-11 18:52:13,KYC Issues,I am unable to complete KYC document verification.,negative,1.28
901834,134402,2026-03-03 13:34:57,Payment Failure,My payment failed and I do not know why.,negative,7.72
901835,146087,2026-03-15 20:14:02,App Performance,The app feels slow and sometimes freezes.,negative,1.97
901836,105187,2026-06-30 23:59:59,Payment Failure,My payment failed and I do not know why.,negative,20.83
901837,113710,2026-05-08 15:54:21,Payment Failure,My payment failed and I do not know why.,negative,13.58
901838,118173,2026-04-19 18:43:51,Payment Failure,My payment failed and I do not know why.,negative,9.06
901839,139230,2026-03-05 19:12:56,Account,I need help with my account.,neutral,16.83
901840,102580,2026-03-20 18:28:56,Account,I need help with my account.,neutral,23.51
901841,135601,2026-01-22 01:47:06,Payment Failure,My payment failed and I do not know why.,negative,4.38
901842,138533,2026-04-23 10:16:30,Payment Failure,My payment failed and I do not know why.,negative,7.15
901843,129485,2026-06-30 23:59:59,App Performance,The app feels slow and sometimes freezes.,negative,5.48
901844,125443,2026-02-07 07:32:28,Account,I need help with my account.,neutral,3.6
901845,146698,2026-04-28 15:54:03,App Performance,The app feels slow and sometimes freezes.,negative,3.75
901846,101585,2026-02-10 01:22:45,Rewards,The rewards experience is confusing.,neutral,21.18
901847,147460,2026-01-27 19:59:16,Account,I need help with my account.,neutral,8.46
901848,118330,2026-06-27 20:50:47,KYC Issues,I am unable to complete KYC document verification.,negative,3.31
901849,108189,2026-03-26 03:06:55,App Performance,The app feels slow and sometimes freezes.,negative,2.71
901850,108932,2026-03-10 09:59:33,Payment Failure,My payment failed and I do not know why.,negative,3.64
901851,133141,2026-01-29 15:01:14,KYC Issues,I am unable to complete KYC document verification.,negative,4.34
901852,121589,2026-03-11 08:28:01,Account,I need help with my account.,neutral,6.19
901853,130814,2026-06-30 10:58:13,KYC Issues,I am unable to complete KYC document verification.,negative,30.73
901854,145261,2026-05-28 07:04:54,Payment Failure,My payment failed and I do not know why.,negative,3.29
901855,104868,2026-03-21 03:34:01,App Performance,The app feels slow and sometimes freezes.,negative,6.71
901856,109101,2026-06-30 23:59:59,Payment Failure,My payment failed and I do not know why.,negative,6.48
901857,121007,2026-06-30 23:59:59,KYC Issues,I am unable to complete KYC document verification.,negative,9.45
901858,142996,2026-02-12 10:50:10,Rewards,The rewards experience is confusing.,neutral,10.42
901859,128564,2026-05-31 15:13:11,Rewards,The rewards experience is confusing.,neutral,6.29
901860,141966,2026-05-28 11:23:58,Payment Failure,My payment failed and I do not know why.,negative,7.97
901861,121029,2026-06-12 10:17:48,App Performance,The app feels slow and sometimes freezes.,negative,2.65
901862,121398,2026-01-25 08:00:45,Payment Failure,My payment failed and I do not know why.,negative,4.71
901863,130759,2026-03-31 06:50:14,Payment Failure,My payment failed and I do not know why.,negative,6.5
901864,126870,2026-02-15 04:36:42,Account,I need help with my account.,neutral,25.11
901865,101705,2026-06-27 13:21:59,Payment Failure,My payment failed and I do not know why.,negative,6.7
901866,141474,2026-02-08 13:41:08,Account,I need help with my account.,neutral,8.98
901867,149579,2026-04-20 14:45:12,KYC Issues,I am unable to complete KYC document verification.,negative,11.8
901868,147743,2026-04-10 20:59:06,Rewards,The rewards experience is confusing.,neutral,4.59
901869,111569,2026-04-22 13:27:46,App Performance,The app feels slow and sometimes freezes.,negative,31.16
901870,131449,2026-03-04 22:52:36,KYC Issues,I am unable to complete KYC document verification.,negative,29.01
901871,130879,2026-06-06 12:30:03,Payment Failure,My payment failed and I do not know why.,negative,26.02
901872,134155,2026-04-03 03:16:28,Payment Failure,My payment failed and I do not know why.,negative,9.77
901873,108408,2026-01-24 01:30:28,App Performance,The app feels slow and sometimes freezes.,negative,8.67
901874,145877,2026-04-06 10:12:56,Account,I need help with my account.,neutral,9.65
901875,110017,2026-06-17 01:11:38,Payment Failure,My payment failed and I do not know why.,negative,12.43
901876,111045,2026-03-31 19:53:52,Payment Failure,My payment failed and I do not know why.,negative,19.22
901877,128438,2026-04-03 16:08:53,KYC Issues,I am unable to complete KYC document verification.,negative,21.77
901878,127225,2026-03-27 18:28:32,App Performance,The app feels slow and sometimes freezes.,negative,8.04
901879,125454,2026-03-03 12:14:45,Rewards,The rewards experience is confusing.,neutral,4.56
901880,104422,2026-06-14 21:00:04,Payment Failure,My payment failed and I do not know why.,negative,9.5
901881,101277,2026-01-07 20:58:05,Payment Failure,My payment failed and I do not know why.,negative,12.89
901882,127244,2026-02-20 11:01:25,App Performance,The app feels slow and sometimes freezes.,negative,6.56
901883,100331,2026-03-19 08:07:42,Rewards,The rewards experience is confusing.,neutral,5.38
901884,120295,2026-03-15 04:06:22,App Performance,The app feels slow and sometimes freezes.,negative,9.74
901885,102433,2026-01-26 13:46:19,App Performance,The app feels slow and sometimes freezes.,negative,4.91
901886,106348,2026-05-24 01:04:22,KYC Issues,I am unable to complete KYC document verification.,negative,8.9
901887,131810,2026-06-22 17:49:38,App Performance,The app feels slow and sometimes freezes.,negative,4.96
901888,123469,2026-06-25 00:09:37,Rewards,The rewards experience is confusing.,neutral,3.23
901889,117392,2026-01-26 22:32:25,KYC Issues,I am unable to complete KYC document verification.,negative,2.72
901890,136045,2026-06-27 00:02:55,KYC Issues,I am unable to complete KYC document verification.,negative,16.31
901891,139581,2026-02-24 04:17:53,App Performance,The app feels slow and sometimes freezes.,negative,5.78
901892,120256,2026-03-29 11:39:25,Account,I need help with my account.,neutral,22.95
901893,126720,2026-05-19 10:26:33,Payment Failure,My payment failed and I do not know why.,negative,11.45
901894,109726,2026-04-12 17:22:20,App Performance,The app feels slow and sometimes freezes.,negative,22.9
901895,142726,2026-03-14 00:02:51,Payment Failure,My payment failed and I do not know why.,negative,7.02
901896,114846,2026-06-17 08:24:09,KYC Issues,I am unable to complete KYC document verification.,negative,13.43
901897,104884,2026-01-15 18:06:40,App Performance,The app feels slow and sometimes freezes.,negative,1.09
901898,140466,2026-03-17 01:37:58,KYC Issues,I am unable to complete KYC document verification.,negative,4.6
901899,141337,2026-04-15 04:59:25,KYC Issues,I am unable to complete KYC document verification.,negative,6.97
901900,109799,2026-06-03 11:55:04,KYC Issues,I am unable to complete KYC document verification.,negative,9.37
901901,116430,2026-06-14 19:19:48,Rewards,The rewards experience is confusing.,neutral,1.93
901902,104265,2026-02-28 18:32:45,Rewards,The rewards experience is confusing.,neutral,6.11
901903,128502,2026-02-24 18:29:11,Account,I need help with my account.,neutral,11.72
901904,148837,2026-03-20 15:38:35,Payment Failure,My payment failed and I do not know why.,negative,12.76
901905,119786,2026-04-15 07:47:04,KYC Issues,I am unable to complete KYC document verification.,negative,15.79
901906,115632,2026-05-05 07:40:59,Account,I need help with my account.,neutral,7.07
901907,111902,2026-02-13 16:04:14,Rewards,The rewards experience is confusing.,neutral,13.07
901908,116113,2026-02-01 14:33:52,KYC Issues,I am unable to complete KYC document verification.,negative,8.35
901909,103716,2026-05-27 09:26:25,Payment Failure,My payment failed and I do not know why.,negative,8.85
901910,143726,2026-01-12 04:00:28,Account,I need help with my account.,neutral,8.8
901911,101181,2026-05-07 06:54:15,Payment Failure,My payment failed and I do not know why.,negative,3.02
901912,106068,2026-03-08 14:34:37,Payment Failure,My payment failed and I do not know why.,negative,7.84
901913,136254,2026-05-21 02:14:54,App Performance,The app feels slow and sometimes freezes.,negative,8.57
901914,141884,2026-03-04 11:25:07,Payment Failure,My payment failed and I do not know why.,negative,10.05
901915,100950,2026-03-23 17:05:50,App Performance,The app feels slow and sometimes freezes.,negative,5.71
901916,136503,2026-06-30 23:59:59,Account,I need help with my account.,neutral,18.34
901917,108201,2026-03-14 07:09:08,Payment Failure,My payment failed and I do not know why.,negative,12.9
901918,149181,2026-05-08 00:29:02,Account,I need help with my account.,neutral,5.7
901919,148905,2026-05-13 09:18:02,Account,I need help with my account.,neutral,11.09
901920,148862,2026-03-04 05:54:04,Payment Failure,My payment failed and I do not know why.,negative,6.24
901921,142700,2026-02-11 19:56:22,Account,I need help with my account.,neutral,8.03
901922,144391,2026-02-26 03:56:53,Rewards,The rewards experience is confusing.,neutral,20.7
901923,112147,2026-04-25 23:13:38,App Performance,The app feels slow and sometimes freezes.,negative,4.62
901924,129209,2026-06-22 13:07:58,Payment Failure,My payment failed and I do not know why.,negative,31.37
901925,137982,2026-06-01 00:12:11,Rewards,The rewards experience is confusing.,neutral,18.11
901926,120970,2026-03-25 13:06:31,App Performance,The app feels slow and sometimes freezes.,negative,21.03
901927,107991,2026-04-16 04:25:04,KYC Issues,I am unable to complete KYC document verification.,negative,7.01
901928,104673,2026-02-08 21:00:34,Payment Failure,My payment failed and I do not know why.,negative,45.76
901929,104460,2026-06-28 23:02:03,App Performance,The app feels slow and sometimes freezes.,negative,5.35
901930,125594,2026-06-26 04:50:23,Payment Failure,My payment failed and I do not know why.,negative,0.54
901931,111114,2026-02-26 05:00:56,KYC Issues,I am unable to complete KYC document verification.,negative,3.54
901932,134681,2026-04-17 16:49:44,KYC Issues,I am unable to complete KYC document verification.,negative,14.41
901933,115869,2026-02-03 21:09:49,Account,I need help with my account.,neutral,10.2
901934,131414,2026-05-04 13:59:14,Account,I need help with my account.,neutral,10.43
901935,113621,2026-05-06 11:09:01,Payment Failure,My payment failed and I do not know why.,negative,7.23
901936,104156,2026-05-08 00:05:45,Account,I need help with my account.,neutral,2.06
901937,127885,2026-03-08 15:51:01,Account,I need help with my account.,neutral,20.62
901938,116930,2026-06-08 04:08:44,Rewards,The rewards experience is confusing.,neutral,11.85
901939,126670,2026-06-07 05:08:13,Payment Failure,My payment failed and I do not know why.,negative,10.31
901940,146227,2026-05-06 07:21:44,Payment Failure,My payment failed and I do not know why.,negative,52.2
901941,129243,2026-06-16 00:11:12,Payment Failure,My payment failed and I do not know why.,negative,4.34
901942,127540,2026-03-26 16:37:40,Payment Failure,My payment failed and I do not know why.,negative,2.39
901943,125150,2026-02-08 03:07:22,Rewards,The rewards experience is confusing.,neutral,16.96
901944,120795,2026-02-17 03:02:41,App Performance,The app feels slow and sometimes freezes.,negative,6.67
901945,118685,2026-05-07 18:21:47,KYC Issues,I am unable to complete KYC document verification.,negative,0.39
901946,144362,2026-03-20 08:43:55,Rewards,The rewards experience is confusing.,neutral,13.05
901947,113327,2026-06-30 23:59:59,Payment Failure,My payment failed and I do not know why.,negative,6.45
901948,134830,2026-04-27 09:45:35,Account,I need help with my account.,neutral,4.32
901949,129953,2026-06-14 02:29:14,Account,I need help with my account.,neutral,9.72
901950,122772,2026-01-12 07:13:21,App Performance,The app feels slow and sometimes freezes.,negative,9.85
901951,116948,2026-06-27 03:27:19,Payment Failure,My payment failed and I do not know why.,negative,16.4
901952,107709,2026-01-10 02:15:00,Account,I need help with my account.,neutral,28.91
901953,121156,2026-04-05 03:11:42,KYC Issues,I am unable to complete KYC document verification.,negative,12.39
901954,102361,2026-02-04 20:57:30,Payment Failure,My payment failed and I do not know why.,negative,5.66
901955,149376,2026-04-26 06:16:02,KYC Issues,I am unable to complete KYC document verification.,negative,6.54
901956,133642,2026-06-18 11:05:05,Account,I need help with my account.,neutral,2.89
901957,134695,2026-05-15 07:19:47,Account,I need help with my account.,neutral,4.16
901958,149724,2026-04-29 14:45:48,Account,I need help with my account.,neutral,9.67
901959,136526,2026-03-29 10:36:45,Payment Failure,My payment failed and I do not know why.,negative,2.15
901960,112007,2026-06-30 23:59:59,Payment Failure,My payment failed and I do not know why.,negative,8.64
901961,131490,2026-01-20 09:28:33,Payment Failure,My payment failed and I do not know why.,negative,19.59
901962,139708,2026-06-30 23:59:59,App Performance,The app feels slow and sometimes freezes.,negative,13.58
901963,117009,2026-03-13 19:35:21,KYC Issues,I am unable to complete KYC document verification.,negative,15.97
901964,126176,2026-03-16 17:43:38,App Performance,The app feels slow and sometimes freezes.,negative,3.65
901965,130834,2026-05-02 06:51:55,App Performance,The app feels slow and sometimes freezes.,negative,20.67
901966,121445,2026-04-25 06:20:35,KYC Issues,I am unable to complete KYC document verification.,negative,1.33
901967,143180,2026-02-17 07:28:06,Payment Failure,My payment failed and I do not know why.,negative,5.24
901968,129988,2026-04-19 20:25:33,Payment Failure,My payment failed and I do not know why.,negative,25.88
901969,130722,2026-02-14 14:07:55,Account,I need help with my account.,neutral,15.11
901970,124788,2026-01-22 11:03:07,Account,I need help with my account.,neutral,9.03
901971,144492,2026-03-07 03:33:33,Payment Failure,My payment failed and I do not know why.,negative,8.21
901972,144779,2026-01-10 19:21:41,Rewards,The rewards experience is confusing.,neutral,15.66
901973,132430,2026-05-15 08:15:40,Payment Failure,My payment failed and I do not know why.,negative,12.06
901974,110990,2026-02-11 06:35:32,Account,I need help with my account.,neutral,3.26
901975,122848,2026-03-11 12:59:31,Rewards,The rewards experience is confusing.,neutral,1.67
901976,106677,2026-05-21 22:19:45,KYC Issues,I am unable to complete KYC document verification.,negative,6.96
901977,114529,2026-02-15 20:14:03,Account,I need help with my account.,neutral,14.1
901978,115810,2026-04-14 01:35:13,Account,I need help with my account.,neutral,7.24
901979,103503,2026-03-04 17:10:24,Account,I need help with my account.,neutral,6.33
901980,111949,2026-02-07 06:21:46,Account,I need help with my account.,neutral,1.35
901981,111210,2026-01-31 09:46:07,App Performance,The app feels slow and sometimes freezes.,negative,3.56
901982,104109,2026-02-02 12:28:47,Payment Failure,My payment failed and I do not know why.,negative,6.92
901983,105036,2026-03-06 08:23:21,Rewards,The rewards experience is confusing.,neutral,4.8
901984,143563,2026-01-28 16:08:49,Payment Failure,My payment failed and I do not know why.,negative,15.07
901985,118273,2026-02-27 18:23:19,App Performance,The app feels slow and sometimes freezes.,negative,5.98
901986,147263,2026-04-14 07:43:17,Account,I need help with my account.,neutral,8.17
901987,102523,2026-04-15 13:21:51,Payment Failure,My payment failed and I do not know why.,negative,7.95
901988,123167,2026-05-06 01:06:32,Rewards,The rewards experience is confusing.,neutral,5.78
901989,124677,2026-03-06 08:52:33,Rewards,The rewards experience is confusing.,neutral,6.94
901990,138154,2026-05-26 03:15:00,Account,I need help with my account.,neutral,8.76
901991,107169,2026-04-10 11:15:18,Payment Failure,My payment failed and I do not know why.,negative,8.71
901992,112366,2026-04-21 13:49:23,Rewards,The rewards experience is confusing.,neutral,6.15
901993,121083,2026-05-07 16:36:20,Account,I need help with my account.,neutral,5.55
901994,143742,2026-04-07 03:22:07,KYC Issues,I am unable to complete KYC document verification.,negative,8.26
901995,139136,2026-04-26 02:55:20,Payment Failure,My payment failed and I do not know why.,negative,2.45
901996,133583,2026-04-14 15:43:48,KYC Issues,I am unable to complete KYC document verification.,negative,2.27
901997,131703,2026-02-13 09:17:25,Payment Failure,My payment failed and I do not know why.,negative,6.64
901998,138238,2026-04-10 16:13:03,Account,I need help with my account.,neutral,6.44
901999,122359,2026-03-21 01:25:59,Rewards,The rewards experience is confusing.,neutral,7.61
902000,148247,2026-03-14 18:38:29,KYC Issues,I am unable to complete KYC document verification.,negative,20.59
902001,105930,2026-05-12 02:44:41,Rewards,The rewards experience is confusing.,neutral,12.05
902002,138283,2026-03-12 17:29:13,App Performance,The app feels slow and sometimes freezes.,negative,2.81
902003,140524,2026-04-22 22:11:08,App Performance,The app feels slow and sometimes freezes.,negative,3.92
902004,114750,2026-02-15 07:37:44,Account,I need help with my account.,neutral,1.43
902005,111035,2026-06-23 04:31:42,Payment Failure,My payment failed and I do not know why.,negative,11.92
902006,125201,2026-05-28 06:55:29,Account,I need help with my account.,neutral,19.26
902007,129459,2026-02-17 03:46:24,Account,I need help with my account.,neutral,5.59
902008,101176,2026-03-02 19:43:29,KYC Issues,I am unable to complete KYC document verification.,negative,24.28
902009,138938,2026-03-28 17:01:15,Payment Failure,My payment failed and I do not know why.,negative,8.01
902010,148126,2026-02-17 01:51:06,Account,I need help with my account.,neutral,18.97
902011,147643,2026-06-24 23:29:00,Payment Failure,My payment failed and I do not know why.,negative,1.64
902012,106050,2026-03-31 20:43:03,App Performance,The app feels slow and sometimes freezes.,negative,6.74
902013,135665,2026-03-16 12:20:10,Account,I need help with my account.,neutral,6.97
902014,138145,2026-03-29 22:51:40,App Performance,The app feels slow and sometimes freezes.,negative,8.85
902015,133826,2026-06-10 17:09:21,Rewards,The rewards experience is confusing.,neutral,1.74
902016,125387,2026-06-18 01:26:31,KYC Issues,I am unable to complete KYC document verification.,negative,6.79
902017,141042,2026-05-19 14:09:02,Account,I need help with my account.,neutral,2.26
902018,124933,2026-01-22 03:05:17,Rewards,The rewards experience is confusing.,neutral,5.71
902019,109764,2026-03-24 06:29:37,Account,I need help with my account.,neutral,4.27
902020,136882,2026-04-19 00:40:10,KYC Issues,I am unable to complete KYC document verification.,negative,7.95
902021,103777,2026-05-24 05:31:12,Rewards,The rewards experience is confusing.,neutral,10.06
902022,110004,2026-02-21 12:10:29,Rewards,The rewards experience is confusing.,neutral,11.04
902023,113034,2026-03-05 02:34:26,Payment Failure,My payment failed and I do not know why.,negative,13.72
902024,119664,2026-03-29 09:39:44,Account,I need help with my account.,neutral,8.29
902025,103038,2026-02-10 14:35:40,Rewards,The rewards experience is confusing.,neutral,8.38
902026,146902,2026-01-08 00:32:54,KYC Issues,I am unable to complete KYC document verification.,negative,1.05
902027,107064,2026-06-30 23:59:59,Payment Failure,My payment failed and I do not know why.,negative,6.32
902028,104234,2026-05-25 04:55:54,Rewards,The rewards experience is confusing.,neutral,7.76
902029,127605,2026-06-18 20:22:46,Rewards,The rewards experience is confusing.,neutral,3.5
902030,119647,2026-04-27 08:19:11,Account,I need help with my account.,neutral,1.0
902031,104983,2026-05-01 02:50:33,Rewards,The rewards experience is confusing.,neutral,13.3
902032,121177,2026-02-14 16:56:17,KYC Issues,I am unable to complete KYC document verification.,negative,27.74
902033,148272,2026-04-30 21:27:35,Payment Failure,My payment failed and I do not know why.,negative,7.38
902034,100470,2026-05-18 11:07:07,Account,I need help with my account.,neutral,5.22
902035,112860,2026-06-14 15:43:25,App Performance,The app feels slow and sometimes freezes.,negative,8.01
902036,133450,2026-01-11 07:11:20,KYC Issues,I am unable to complete KYC document verification.,negative,13.11
902037,118379,2026-01-22 04:40:49,KYC Issues,I am unable to complete KYC document verification.,negative,13.84
902038,125310,2026-02-19 04:19:08,Payment Failure,My payment failed and I do not know why.,negative,19.07
902039,124709,2026-03-05 22:45:24,KYC Issues,I am unable to complete KYC document verification.,negative,17.58
902040,129071,2026-05-03 05:02:01,KYC Issues,I am unable to complete KYC document verification.,negative,6.06
902041,104776,2026-06-07 16:21:29,Account,I need help with my account.,neutral,17.62
902042,125025,2026-01-10 23:02:03,Rewards,The rewards experience is confusing.,neutral,4.69
902043,133433,2026-03-05 20:04:04,App Performance,The app feels slow and sometimes freezes.,negative,6.36
902044,117076,2026-05-20 11:25:31,KYC Issues,I am unable to complete KYC document verification.,negative,8.92
902045,118055,2026-03-29 05:56:47,Payment Failure,My payment failed and I do not know why.,negative,11.44
902046,111669,2026-06-20 04:49:30,Account,I need help with my account.,neutral,9.7
902047,101098,2026-03-22 04:02:26,Account,I need help with my account.,neutral,6.87
902048,105371,2026-06-30 23:59:59,Payment Failure,My payment failed and I do not know why.,negative,11.39
902049,139073,2026-03-04 03:09:04,Account,I need help with my account.,neutral,2.87
902050,130514,2026-05-19 09:56:28,App Performance,The app feels slow and sometimes freezes.,negative,13.3
902051,101283,2026-03-16 21:36:55,Account,I need help with my account.,neutral,23.27
902052,137581,2026-06-17 07:19:23,KYC Issues,I am unable to complete KYC document verification.,negative,15.83
902053,141092,2026-02-04 09:46:03,KYC Issues,I am unable to complete KYC document verification.,negative,3.65
902054,112582,2026-03-24 09:46:19,Payment Failure,My payment failed and I do not know why.,negative,10.67
902055,139516,2026-03-25 09:53:11,KYC Issues,I am unable to complete KYC document verification.,negative,36.49
902056,148075,2026-02-24 01:53:34,App Performance,The app feels slow and sometimes freezes.,negative,2.37
902057,115478,2026-04-21 02:18:15,Payment Failure,My payment failed and I do not know why.,negative,12.84
902058,105523,2026-05-20 07:25:20,KYC Issues,I am unable to complete KYC document verification.,negative,22.43
902059,123812,2026-04-26 00:32:10,App Performance,The app feels slow and sometimes freezes.,negative,7.67
902060,148467,2026-03-25 08:52:14,Payment Failure,My payment failed and I do not know why.,negative,16.0
902061,133047,2026-03-13 22:26:07,Payment Failure,My payment failed and I do not know why.,negative,10.66
902062,138196,2026-05-22 10:21:32,App Performance,The app feels slow and sometimes freezes.,negative,19.43
902063,121194,2026-06-27 03:00:06,Rewards,The rewards experience is confusing.,neutral,7.37
902064,145272,2026-06-30 23:13:58,KYC Issues,I am unable to complete KYC document verification.,negative,7.26
902065,110742,2026-06-30 23:59:59,Account,I need help with my account.,neutral,8.79
902066,148560,2026-06-30 23:59:59,Payment Failure,My payment failed and I do not know why.,negative,3.96
902067,125842,2026-04-05 18:38:50,Payment Failure,My payment failed and I do not know why.,negative,7.37
902068,143817,2026-04-19 03:04:30,KYC Issues,I am unable to complete KYC document verification.,negative,20.96
902069,100843,2026-01-11 01:56:02,Account,I need help with my account.,neutral,17.27
902070,110055,2026-04-16 14:01:02,Payment Failure,My payment failed and I do not know why.,negative,4.31
902071,102060,2026-04-25 20:55:11,App Performance,The app feels slow and sometimes freezes.,negative,20.91
902072,106205,2026-06-13 22:14:37,Payment Failure,My payment failed and I do not know why.,negative,0.76
902073,106176,2026-06-30 23:59:59,Account,I need help with my account.,neutral,3.78
902074,107366,2026-04-26 14:09:29,Rewards,The rewards experience is confusing.,neutral,8.89
902075,138302,2026-03-30 23:33:14,KYC Issues,I am unable to complete KYC document verification.,negative,14.88
902076,103920,2026-02-24 15:04:33,Account,I need help with my account.,neutral,20.58
902077,132634,2026-06-25 17:28:17,KYC Issues,I am unable to complete KYC document verification.,negative,12.52
902078,112552,2026-04-01 10:51:14,Account,I need help with my account.,neutral,5.25
902079,140577,2026-05-09 23:00:45,App Performance,The app feels slow and sometimes freezes.,negative,5.79
902080,133749,2026-02-06 22:16:50,Payment Failure,My payment failed and I do not know why.,negative,20.81
902081,109532,2026-03-23 07:41:07,Rewards,The rewards experience is confusing.,neutral,7.72
902082,107221,2026-02-26 17:15:04,Payment Failure,My payment failed and I do not know why.,negative,7.9
902083,121672,2026-05-03 12:52:06,KYC Issues,I am unable to complete KYC document verification.,negative,5.89
902084,116782,2026-06-17 10:28:24,Payment Failure,My payment failed and I do not know why.,negative,6.39
902085,141582,2026-05-17 05:52:22,App Performance,The app feels slow and sometimes freezes.,negative,25.18
902086,149613,2026-02-12 23:20:56,Account,I need help with my account.,neutral,5.65
902087,110390,2026-06-30 23:59:59,KYC Issues,I am unable to complete KYC document verification.,negative,16.76
902088,129213,2026-02-01 04:16:29,Payment Failure,My payment failed and I do not know why.,negative,4.69
902089,117177,2026-05-24 04:50:06,App Performance,The app feels slow and sometimes freezes.,negative,12.58
902090,146989,2026-05-10 12:24:24,Payment Failure,My payment failed and I do not know why.,negative,16.64
902091,147499,2026-06-01 01:15:58,Payment Failure,My payment failed and I do not know why.,negative,20.68
902092,101711,2026-06-03 08:39:13,Account,I need help with my account.,neutral,18.32
902093,147542,2026-04-24 18:03:13,KYC Issues,I am unable to complete KYC document verification.,negative,26.02
902094,146408,2026-04-11 13:21:24,Account,I need help with my account.,neutral,5.67
902095,126942,2026-05-10 19:05:09,Payment Failure,My payment failed and I do not know why.,negative,2.33
902096,133612,2026-06-06 21:03:48,App Performance,The app feels slow and sometimes freezes.,negative,15.98
902097,128108,2026-05-04 01:15:01,KYC Issues,I am unable to complete KYC document verification.,negative,25.04
902098,131399,2026-05-29 10:46:53,Payment Failure,My payment failed and I do not know why.,negative,1.94
902099,146193,2026-03-12 10:14:11,KYC Issues,I am unable to complete KYC document verification.,negative,8.93
902100,103169,2026-04-20 06:01:24,KYC Issues,I am unable to complete KYC document verification.,negative,1.64
902101,148316,2026-03-10 09:20:04,Account,I need help with my account.,neutral,17.2
902102,125985,2026-04-22 09:27:30,Payment Failure,My payment failed and I do not know why.,negative,9.37
902103,105047,2026-06-15 14:10:33,App Performance,The app feels slow and sometimes freezes.,negative,4.64
902104,115713,2026-06-30 23:59:59,Account,I need help with my account.,neutral,4.9
902105,103211,2026-04-02 18:22:10,KYC Issues,I am unable to complete KYC document verification.,negative,30.51
902106,145043,2026-06-28 00:23:04,App Performance,The app feels slow and sometimes freezes.,negative,8.35
902107,114086,2026-06-26 12:35:50,KYC Issues,I am unable to complete KYC document verification.,negative,13.77
902108,114765,2026-02-22 13:44:27,Rewards,The rewards experience is confusing.,neutral,14.47
902109,144103,2026-05-30 05:36:54,Account,I need help with my account.,neutral,5.92
902110,119414,2026-06-01 13:13:36,Payment Failure,My payment failed and I do not know why.,negative,1.29
902111,104349,2026-03-08 05:50:13,Account,I need help with my account.,neutral,6.12
902112,112726,2026-03-01 12:37:06,Payment Failure,My payment failed and I do not know why.,negative,1.74
902113,134025,2026-03-11 01:20:47,Payment Failure,My payment failed and I do not know why.,negative,3.95
902114,141114,2026-04-05 22:38:48,KYC Issues,I am unable to complete KYC document verification.,negative,14.39
902115,137932,2026-06-22 04:44:16,Account,I need help with my account.,neutral,13.81
902116,116254,2026-05-11 21:00:18,KYC Issues,I am unable to complete KYC document verification.,negative,2.35
902117,142985,2026-03-15 01:14:22,Account,I need help with my account.,neutral,5.3
902118,127292,2026-04-21 07:03:07,Payment Failure,My payment failed and I do not know why.,negative,18.0
902119,113913,2026-05-27 10:06:51,KYC Issues,I am unable to complete KYC document verification.,negative,14.38
902120,126575,2026-03-10 11:12:51,Payment Failure,My payment failed and I do not know why.,negative,11.54
902121,143741,2026-03-22 03:50:36,App Performance,The app feels slow and sometimes freezes.,negative,3.71
902122,115674,2026-06-04 21:29:30,KYC Issues,I am unable to complete KYC document verification.,negative,8.26
902123,103397,2026-06-26 07:14:11,KYC Issues,I am unable to complete KYC document verification.,negative,3.42
902124,111071,2026-05-05 13:15:17,Payment Failure,My payment failed and I do not know why.,negative,8.35
902125,145456,2026-04-30 04:32:31,App Performance,The app feels slow and sometimes freezes.,negative,13.54
902126,109888,2026-02-13 02:54:46,KYC Issues,I am unable to complete KYC document verification.,negative,9.57
902127,122904,2026-05-13 16:31:48,Payment Failure,My payment failed and I do not know why.,negative,22.29
902128,116829,2026-04-25 19:00:49,KYC Issues,I am unable to complete KYC document verification.,negative,9.05
902129,120252,2026-04-08 07:03:32,KYC Issues,I am unable to complete KYC document verification.,negative,10.49
902130,143250,2026-03-27 15:06:22,Account,I need help with my account.,neutral,9.74
902131,133084,2026-03-14 22:13:31,App Performance,The app feels slow and sometimes freezes.,negative,24.2
902132,148499,2026-01-27 06:33:33,Payment Failure,My payment failed and I do not know why.,negative,2.7
902133,113248,2026-06-02 03:23:03,Payment Failure,My payment failed and I do not know why.,negative,17.24
902134,118098,2026-03-07 06:02:29,KYC Issues,I am unable to complete KYC document verification.,negative,12.69
902135,120566,2026-05-07 18:01:57,Payment Failure,My payment failed and I do not know why.,negative,15.5
902136,135975,2026-02-22 21:08:45,Rewards,The rewards experience is confusing.,neutral,13.81
902137,132460,2026-05-22 01:55:44,Payment Failure,My payment failed and I do not know why.,negative,3.24
902138,107273,2026-05-12 02:09:48,Account,I need help with my account.,neutral,7.6
902139,118875,2026-05-10 19:53:24,App Performance,The app feels slow and sometimes freezes.,negative,2.35
902140,117625,2026-04-20 22:20:47,KYC Issues,I am unable to complete KYC document verification.,negative,9.49
902141,137774,2026-02-15 15:14:01,Payment Failure,My payment failed and I do not know why.,negative,10.0
902142,104830,2026-06-06 07:29:45,App Performance,The app feels slow and sometimes freezes.,negative,5.98
902143,104856,2026-06-09 00:44:29,App Performance,The app feels slow and sometimes freezes.,negative,8.61
902144,133174,2026-05-10 02:53:50,Account,I need help with my account.,neutral,9.24
902145,121213,2026-05-03 17:07:40,App Performance,The app feels slow and sometimes freezes.,negative,6.67
902146,116755,2026-05-02 11:40:35,KYC Issues,I am unable to complete KYC document verification.,negative,9.85
902147,132892,2026-02-23 06:22:17,App Performance,The app feels slow and sometimes freezes.,negative,16.35
902148,127948,2026-01-10 10:44:41,Payment Failure,My payment failed and I do not know why.,negative,19.92
902149,115336,2026-05-25 20:46:29,Account,I need help with my account.,neutral,18.43
902150,146684,2026-05-24 07:13:39,App Performance,The app feels slow and sometimes freezes.,negative,3.91
902151,116163,2026-06-14 09:29:14,Account,I need help with my account.,neutral,13.5
902152,124450,2026-01-25 21:59:26,Account,I need help with my account.,neutral,1.4
902153,103571,2026-06-23 21:36:39,KYC Issues,I am unable to complete KYC document verification.,negative,8.38
902154,129638,2026-06-13 01:56:19,Account,I need help with my account.,neutral,9.87
902155,142040,2026-05-22 20:03:53,KYC Issues,I am unable to complete KYC document verification.,negative,15.75
902156,116126,2026-05-10 17:35:07,Rewards,The rewards experience is confusing.,neutral,16.89
902157,107950,2026-02-17 01:47:22,Account,I need help with my account.,neutral,14.16
902158,144805,2026-03-31 05:15:12,Account,I need help with my account.,neutral,9.88
902159,134331,2026-02-18 15:37:33,Rewards,The rewards experience is confusing.,neutral,2.96
902160,102494,2026-05-15 07:29:11,Account,I need help with my account.,neutral,16.94
902161,147487,2026-03-10 05:59:43,Account,I need help with my account.,neutral,0.36
902162,113151,2026-03-07 22:24:28,Account,I need help with my account.,neutral,5.75
902163,133199,2026-06-18 14:26:58,App Performance,The app feels slow and sometimes freezes.,negative,10.66
902164,117032,2026-03-10 07:17:56,Account,I need help with my account.,neutral,15.46
902165,139394,2026-05-23 14:13:09,App Performance,The app feels slow and sometimes freezes.,negative,1.71
902166,147115,2026-05-11 12:01:05,Rewards,The rewards experience is confusing.,neutral,13.03
902167,114596,2026-05-01 20:25:07,App Performance,The app feels slow and sometimes freezes.,negative,3.72
902168,133943,2026-01-23 15:05:54,Rewards,The rewards experience is confusing.,neutral,13.52
902169,115501,2026-06-30 23:59:59,Payment Failure,My payment failed and I do not know why.,negative,3.86
902170,111166,2026-05-02 16:05:28,App Performance,The app feels slow and sometimes freezes.,negative,24.65
902171,148147,2026-06-05 15:18:35,KYC Issues,I am unable to complete KYC document verification.,negative,10.51
902172,129646,2026-05-24 22:53:23,Rewards,The rewards experience is confusing.,neutral,23.25
902173,136289,2026-04-09 11:47:53,Rewards,The rewards experience is confusing.,neutral,8.93
902174,133600,2026-03-14 11:30:47,App Performance,The app feels slow and sometimes freezes.,negative,9.89
902175,118443,2026-04-26 06:06:33,Account,I need help with my account.,neutral,1.16
902176,106924,2026-04-03 22:07:03,App Performance,The app feels slow and sometimes freezes.,negative,6.23
902177,136512,2026-04-11 01:09:01,Rewards,The rewards experience is confusing.,neutral,18.46
902178,146482,2026-05-07 22:19:11,Account,I need help with my account.,neutral,8.86
902179,108493,2026-06-07 07:57:53,KYC Issues,I am unable to complete KYC document verification.,negative,12.41
902180,129051,2026-02-04 15:50:20,Rewards,The rewards experience is confusing.,neutral,7.13
902181,119648,2026-06-30 23:59:59,Account,I need help with my account.,neutral,17.23
902182,111475,2026-06-24 19:16:00,Payment Failure,My payment failed and I do not know why.,negative,12.13
902183,125788,2026-06-04 16:08:23,Rewards,The rewards experience is confusing.,neutral,13.16
902184,110272,2026-06-13 11:38:32,KYC Issues,I am unable to complete KYC document verification.,negative,15.11
902185,119305,2026-01-15 18:28:51,Payment Failure,My payment failed and I do not know why.,negative,15.66
902186,128154,2026-02-21 11:27:23,App Performance,The app feels slow and sometimes freezes.,negative,9.49
902187,127706,2026-03-16 13:22:32,Payment Failure,My payment failed and I do not know why.,negative,1.44
902188,147009,2026-06-30 23:59:59,KYC Issues,I am unable to complete KYC document verification.,negative,7.15
902189,137285,2026-04-04 11:41:51,KYC Issues,I am unable to complete KYC document verification.,negative,19.7
902190,140352,2026-06-21 18:11:22,KYC Issues,I am unable to complete KYC document verification.,negative,8.91
902191,123679,2026-03-06 23:12:19,Payment Failure,My payment failed and I do not know why.,negative,55.59
902192,101864,2026-01-29 21:07:04,Payment Failure,My payment failed and I do not know why.,negative,5.38
902193,139935,2026-04-03 11:11:26,KYC Issues,I am unable to complete KYC document verification.,negative,13.69
902194,102594,2026-06-01 15:52:08,Account,I need help with my account.,neutral,12.59
902195,111038,2026-03-09 06:21:57,Payment Failure,My payment failed and I do not know why.,negative,26.02
902196,133900,2026-03-08 22:20:59,Payment Failure,My payment failed and I do not know why.,negative,12.93
902197,104977,2026-01-22 23:51:47,App Performance,The app feels slow and sometimes freezes.,negative,24.05
902198,113633,2026-04-13 19:31:00,Account,I need help with my account.,neutral,6.37
902199,120639,2026-05-22 17:44:47,Account,I need help with my account.,neutral,8.92
902200,133648,2026-01-24 18:16:07,Payment Failure,My payment failed and I do not know why.,negative,4.83
902201,136558,2026-01-27 15:06:18,App Performance,The app feels slow and sometimes freezes.,negative,4.41
902202,122310,2026-02-17 15:49:24,KYC Issues,I am unable to complete KYC document verification.,negative,10.91
902203,126377,2026-05-13 19:23:59,Payment Failure,My payment failed and I do not know why.,negative,22.38
902204,141377,2026-06-14 05:23:12,Account,I need help with my account.,neutral,11.58
902205,128504,2026-05-15 10:35:36,Payment Failure,My payment failed and I do not know why.,negative,15.33
902206,134233,2026-04-24 18:56:34,Payment Failure,My payment failed and I do not know why.,negative,13.48
902207,103699,2026-04-12 04:45:26,Rewards,The rewards experience is confusing.,neutral,26.17
902208,126140,2026-06-30 23:59:59,KYC Issues,I am unable to complete KYC document verification.,negative,11.46
902209,142603,2026-04-03 17:20:59,KYC Issues,I am unable to complete KYC document verification.,negative,7.86
902210,129491,2026-03-15 07:51:59,KYC Issues,I am unable to complete KYC document verification.,negative,10.85
902211,145840,2026-03-02 17:24:13,Payment Failure,My payment failed and I do not know why.,negative,7.84
902212,114737,2026-02-03 16:29:08,Account,I need help with my account.,neutral,8.92
902213,135956,2026-03-20 14:31:02,KYC Issues,I am unable to complete KYC document verification.,negative,1.51
902214,103520,2026-02-12 10:04:19,Account,I need help with my account.,neutral,7.41
902215,129414,2026-04-23 03:53:48,Rewards,The rewards experience is confusing.,neutral,5.16
902216,143375,2026-03-23 04:23:03,Account,I need help with my account.,neutral,8.96
902217,104963,2026-03-28 14:50:54,Payment Failure,My payment failed and I do not know why.,negative,12.04
902218,147216,2026-02-19 22:11:20,KYC Issues,I am unable to complete KYC document verification.,negative,17.56
902219,117771,2026-06-13 15:38:02,Rewards,The rewards experience is confusing.,neutral,12.25
902220,116072,2026-06-30 23:59:59,Payment Failure,My payment failed and I do not know why.,negative,12.28
902221,145843,2026-04-06 05:20:48,Payment Failure,My payment failed and I do not know why.,negative,16.02
902222,103886,2026-02-25 16:37:57,KYC Issues,I am unable to complete KYC document verification.,negative,15.74
902223,121825,2026-04-27 11:05:27,Rewards,The rewards experience is confusing.,neutral,17.98
902224,115725,2026-04-10 00:25:15,Rewards,The rewards experience is confusing.,neutral,17.08
902225,102005,2026-02-05 01:57:47,Payment Failure,My payment failed and I do not know why.,negative,2.47
902226,106057,2026-05-15 23:22:04,Payment Failure,My payment failed and I do not know why.,negative,13.12
902227,122293,2026-06-14 15:07:23,App Performance,The app feels slow and sometimes freezes.,negative,4.14
902228,103137,2026-04-28 17:48:55,KYC Issues,I am unable to complete KYC document verification.,negative,15.84
902229,121729,2026-05-22 09:35:21,KYC Issues,I am unable to complete KYC document verification.,negative,10.18
902230,113098,2026-02-18 02:45:27,KYC Issues,I am unable to complete KYC document verification.,negative,20.45
902231,134428,2026-05-15 10:40:34,Payment Failure,My payment failed and I do not know why.,negative,11.93
902232,144344,2026-04-24 01:38:47,KYC Issues,I am unable to complete KYC document verification.,negative,5.18
902233,149722,2026-03-18 08:28:22,Payment Failure,My payment failed and I do not know why.,negative,2.78
902234,144727,2026-05-21 20:57:09,Payment Failure,My payment failed and I do not know why.,negative,5.67
902235,104316,2026-06-30 23:59:59,App Performance,The app feels slow and sometimes freezes.,negative,21.54
902236,111434,2026-03-18 03:19:59,Payment Failure,My payment failed and I do not know why.,negative,3.65
902237,133239,2026-02-18 04:34:10,Rewards,The rewards experience is confusing.,neutral,18.89
902238,147413,2026-01-27 02:35:56,KYC Issues,I am unable to complete KYC document verification.,negative,7.51
902239,129367,2026-01-20 13:13:09,Payment Failure,My payment failed and I do not know why.,negative,16.46
902240,131024,2026-03-19 23:33:12,Payment Failure,My payment failed and I do not know why.,negative,14.89
902241,117622,2026-01-29 21:55:47,KYC Issues,I am unable to complete KYC document verification.,negative,3.24
902242,113353,2026-05-09 12:03:11,Rewards,The rewards experience is confusing.,neutral,19.32
902243,125261,2026-03-03 20:57:50,App Performance,The app feels slow and sometimes freezes.,negative,24.56
902244,104806,2026-05-25 19:10:53,Account,I need help with my account.,neutral,11.64
902245,145637,2026-04-30 23:50:20,Account,I need help with my account.,neutral,9.11
902246,129469,2026-06-30 23:59:59,KYC Issues,I am unable to complete KYC document verification.,negative,11.18
902247,130897,2026-04-18 04:27:16,Payment Failure,My payment failed and I do not know why.,negative,11.41
902248,122884,2026-02-08 00:11:48,Payment Failure,My payment failed and I do not know why.,negative,21.84
902249,142329,2026-06-13 22:42:24,Rewards,The rewards experience is confusing.,neutral,2.4
902250,128815,2026-03-20 13:47:07,App Performance,The app feels slow and sometimes freezes.,negative,7.8
902251,134797,2026-04-01 23:04:53,Payment Failure,My payment failed and I do not know why.,negative,20.35
902252,148681,2026-02-15 22:45:57,Payment Failure,My payment failed and I do not know why.,negative,10.93
902253,116523,2026-04-18 15:05:57,Account,I need help with my account.,neutral,12.84
902254,134411,2026-06-14 19:32:31,Payment Failure,My payment failed and I do not know why.,negative,3.21
902255,130294,2026-03-28 05:23:59,KYC Issues,I am unable to complete KYC document verification.,negative,3.46
902256,116862,2026-06-15 04:24:28,KYC Issues,I am unable to complete KYC document verification.,negative,7.94
902257,137200,2026-05-18 22:09:26,Account,I need help with my account.,neutral,10.24
902258,137715,2026-06-30 23:59:59,Account,I need help with my account.,neutral,9.21
902259,126362,2026-06-05 03:16:20,Rewards,The rewards experience is confusing.,neutral,18.09
902260,123393,2026-02-13 22:25:39,KYC Issues,I am unable to complete KYC document verification.,negative,4.25
902261,140907,2026-05-22 21:36:12,Account,I need help with my account.,neutral,3.1
902262,136274,2026-04-04 16:56:07,KYC Issues,I am unable to complete KYC document verification.,negative,1.36
902263,134976,2026-06-06 11:50:37,Account,I need help with my account.,neutral,22.3
902264,148572,2026-04-25 15:09:32,KYC Issues,I am unable to complete KYC document verification.,negative,6.79
902265,122637,2026-05-03 11:49:02,Payment Failure,My payment failed and I do not know why.,negative,9.84
902266,138161,2026-03-04 19:45:19,Payment Failure,My payment failed and I do not know why.,negative,6.9
902267,132791,2026-03-19 15:50:48,Payment Failure,My payment failed and I do not know why.,negative,10.72
902268,134516,2026-03-24 23:01:22,Account,I need help with my account.,neutral,15.38
902269,100342,2026-04-28 07:13:48,Payment Failure,My payment failed and I do not know why.,negative,16.53
902270,128852,2026-02-13 04:18:16,Rewards,The rewards experience is confusing.,neutral,0.34
902271,115640,2026-05-29 05:45:27,App Performance,The app feels slow and sometimes freezes.,negative,6.5
902272,107482,2026-02-23 04:12:45,App Performance,The app feels slow and sometimes freezes.,negative,4.83
902273,122173,2026-04-30 13:02:50,KYC Issues,I am unable to complete KYC document verification.,negative,12.49
902274,116236,2026-04-22 21:22:52,KYC Issues,I am unable to complete KYC document verification.,negative,7.31
902275,134440,2026-02-21 13:45:21,KYC Issues,I am unable to complete KYC document verification.,negative,10.91
902276,109304,2026-03-28 18:26:26,Account,I need help with my account.,neutral,1.66
902277,131764,2026-06-13 22:27:14,KYC Issues,I am unable to complete KYC document verification.,negative,6.29
902278,104409,2026-02-21 09:56:05,KYC Issues,I am unable to complete KYC document verification.,negative,29.64
902279,115128,2026-05-30 09:13:54,Account,I need help with my account.,neutral,12.32
902280,120466,2026-03-09 02:21:57,KYC Issues,I am unable to complete KYC document verification.,negative,7.27
902281,115179,2026-01-15 20:59:25,KYC Issues,I am unable to complete KYC document verification.,negative,10.66
902282,116049,2026-06-13 21:21:08,KYC Issues,I am unable to complete KYC document verification.,negative,1.66
902283,122270,2026-06-02 15:06:55,Account,I need help with my account.,neutral,6.58
902284,148939,2026-02-05 15:18:37,Payment Failure,My payment failed and I do not know why.,negative,15.8
902285,119682,2026-03-31 08:45:42,App Performance,The app feels slow and sometimes freezes.,negative,4.91
902286,118684,2026-05-20 00:26:21,KYC Issues,I am unable to complete KYC document verification.,negative,15.58
902287,135536,2026-02-14 02:35:00,App Performance,The app feels slow and sometimes freezes.,negative,5.9
902288,116108,2026-02-16 00:21:32,App Performance,The app feels slow and sometimes freezes.,negative,22.37
902289,113760,2026-02-09 13:25:22,Payment Failure,My payment failed and I do not know why.,negative,4.94
902290,124494,2026-03-23 21:06:47,Payment Failure,My payment failed and I do not know why.,negative,16.43
902291,133815,2026-06-27 02:04:24,KYC Issues,I am unable to complete KYC document verification.,negative,1.67
902292,138797,2026-06-23 22:44:06,KYC Issues,I am unable to complete KYC document verification.,negative,0.69
902293,109829,2026-03-03 05:40:04,App Performance,The app feels slow and sometimes freezes.,negative,4.2
902294,137811,2026-04-30 16:20:34,KYC Issues,I am unable to complete KYC document verification.,negative,22.43
902295,145298,2026-02-20 04:25:37,Rewards,The rewards experience is confusing.,neutral,14.46
902296,136297,2026-02-26 22:01:24,Account,I need help with my account.,neutral,11.36
902297,119139,2026-05-19 18:26:32,Account,I need help with my account.,neutral,11.81
902298,128890,2026-04-29 11:38:32,Account,I need help with my account.,neutral,5.25
902299,111430,2026-06-30 23:59:59,Payment Failure,My payment failed and I do not know why.,negative,11.44
902300,108474,2026-05-30 17:36:38,KYC Issues,I am unable to complete KYC document verification.,negative,10.46
902301,131429,2026-03-21 20:50:31,Account,I need help with my account.,neutral,21.36
902302,125230,2026-04-11 00:06:08,KYC Issues,I am unable to complete KYC document verification.,negative,3.69
902303,148134,2026-06-12 22:15:14,Account,I need help with my account.,neutral,4.41
902304,105344,2026-05-27 19:02:19,Payment Failure,My payment failed and I do not know why.,negative,3.08
902305,106430,2026-01-12 14:22:02,Payment Failure,My payment failed and I do not know why.,negative,4.37
902306,110099,2026-05-06 07:54:28,Account,I need help with my account.,neutral,11.6
902307,132320,2026-03-21 20:10:21,KYC Issues,I am unable to complete KYC document verification.,negative,11.82
902308,119892,2026-05-19 03:11:58,KYC Issues,I am unable to complete KYC document verification.,negative,15.48
902309,107469,2026-05-30 21:10:41,KYC Issues,I am unable to complete KYC document verification.,negative,6.28
902310,134030,2026-05-03 13:29:55,Account,I need help with my account.,neutral,8.84
902311,138248,2026-04-15 08:20:55,Payment Failure,My payment failed and I do not know why.,negative,4.22
902312,109621,2026-03-28 23:33:17,Rewards,The rewards experience is confusing.,neutral,19.08
902313,124561,2026-03-15 06:38:02,Account,I need help with my account.,neutral,14.31
902314,105298,2026-02-08 11:46:32,Account,I need help with my account.,neutral,22.98
902315,110440,2026-01-21 12:04:28,Payment Failure,My payment failed and I do not know why.,negative,12.38
902316,118111,2026-03-11 13:23:16,Account,I need help with my account.,neutral,13.57
902317,109562,2026-01-16 05:42:40,KYC Issues,I am unable to complete KYC document verification.,negative,14.83
902318,148361,2026-05-03 22:02:45,Account,I need help with my account.,neutral,2.24
902319,107457,2026-03-31 09:48:27,Rewards,The rewards experience is confusing.,neutral,2.7
902320,108664,2026-02-12 19:24:58,Payment Failure,My payment failed and I do not know why.,negative,1.7
902321,143406,2026-05-07 07:35:37,KYC Issues,I am unable to complete KYC document verification.,negative,3.49
902322,113507,2026-03-23 18:49:33,Account,I need help with my account.,neutral,10.28
902323,106891,2026-02-07 06:36:08,KYC Issues,I am unable to complete KYC document verification.,negative,30.69
902324,146831,2026-03-25 15:09:59,App Performance,The app feels slow and sometimes freezes.,negative,13.12
902325,146704,2026-05-02 02:42:18,Account,I need help with my account.,neutral,2.45
902326,139127,2026-06-18 06:42:50,App Performance,The app feels slow and sometimes freezes.,negative,3.96
902327,138473,2026-02-21 10:33:43,Account,I need help with my account.,neutral,4.48
902328,106194,2026-03-18 13:22:17,App Performance,The app feels slow and sometimes freezes.,negative,16.75
902329,133181,2026-02-03 18:14:47,Account,I need help with my account.,neutral,1.62
902330,104253,2026-02-17 14:12:22,App Performance,The app feels slow and sometimes freezes.,negative,11.25
902331,115954,2026-03-05 02:10:37,App Performance,The app feels slow and sometimes freezes.,negative,1.63
902332,130521,2026-01-21 07:48:47,Payment Failure,My payment failed and I do not know why.,negative,19.59
902333,122808,2026-04-16 23:06:02,KYC Issues,I am unable to complete KYC document verification.,negative,13.32
902334,121584,2026-05-15 11:26:05,Rewards,The rewards experience is confusing.,neutral,3.57
902335,102419,2026-04-13 03:34:04,KYC Issues,I am unable to complete KYC document verification.,negative,28.41
902336,143474,2026-05-20 08:10:11,Account,I need help with my account.,neutral,20.56
902337,124110,2026-01-17 17:58:15,KYC Issues,I am unable to complete KYC document verification.,negative,33.68
902338,136561,2026-04-22 22:57:37,KYC Issues,I am unable to complete KYC document verification.,negative,14.58
902339,131406,2026-04-07 23:56:06,App Performance,The app feels slow and sometimes freezes.,negative,5.81
902340,129906,2026-06-26 15:21:35,KYC Issues,I am unable to complete KYC document verification.,negative,16.66
902341,101955,2026-04-28 07:17:50,Rewards,The rewards experience is confusing.,neutral,16.44
902342,135072,2026-06-09 20:11:09,Rewards,The rewards experience is confusing.,neutral,1.33
902343,145791,2026-03-24 09:16:50,Account,I need help with my account.,neutral,7.81
902344,110658,2026-06-22 23:02:09,Account,I need help with my account.,neutral,11.38
902345,103026,2026-05-02 16:43:21,KYC Issues,I am unable to complete KYC document verification.,negative,10.47
902346,127392,2026-03-24 09:51:20,KYC Issues,I am unable to complete KYC document verification.,negative,13.95
902347,113971,2026-06-03 21:12:08,Payment Failure,My payment failed and I do not know why.,negative,10.72
902348,102117,2026-05-03 05:20:58,Payment Failure,My payment failed and I do not know why.,negative,16.01
902349,144219,2026-06-30 23:59:59,Payment Failure,My payment failed and I do not know why.,negative,20.01
902350,118634,2026-04-27 21:49:31,Rewards,The rewards experience is confusing.,neutral,1.3
902351,107921,2026-01-30 10:56:29,KYC Issues,I am unable to complete KYC document verification.,negative,3.87
902352,131123,2026-06-15 23:17:48,Account,I need help with my account.,neutral,2.48
902353,107343,2026-01-28 20:42:28,Payment Failure,My payment failed and I do not know why.,negative,4.16
902354,122168,2026-02-06 18:08:15,KYC Issues,I am unable to complete KYC document verification.,negative,16.54
902355,114132,2026-06-05 20:04:48,KYC Issues,I am unable to complete KYC document verification.,negative,11.3
902356,102869,2026-04-05 02:23:48,Payment Failure,My payment failed and I do not know why.,negative,2.61
902357,103654,2026-04-20 10:39:04,Account,I need help with my account.,neutral,8.25
902358,121995,2026-06-30 23:59:59,Rewards,The rewards experience is confusing.,neutral,29.31
902359,122372,2026-05-26 12:58:26,KYC Issues,I am unable to complete KYC document verification.,negative,5.31
902360,126474,2026-05-31 23:11:50,KYC Issues,I am unable to complete KYC document verification.,negative,17.16
902361,109737,2026-06-30 23:59:59,Payment Failure,My payment failed and I do not know why.,negative,8.68
902362,149794,2026-03-07 18:08:48,App Performance,The app feels slow and sometimes freezes.,negative,5.4
902363,126601,2026-03-11 12:25:56,App Performance,The app feels slow and sometimes freezes.,negative,11.45
902364,125542,2026-06-19 18:57:20,Rewards,The rewards experience is confusing.,neutral,4.19
902365,138906,2026-03-28 20:21:16,App Performance,The app feels slow and sometimes freezes.,negative,13.29
902366,115086,2026-06-17 11:23:19,Rewards,The rewards experience is confusing.,neutral,3.44
902367,140413,2026-06-04 00:18:05,KYC Issues,I am unable to complete KYC document verification.,negative,29.46
902368,118279,2026-01-24 07:44:12,App Performance,The app feels slow and sometimes freezes.,negative,9.21
902369,118290,2026-03-27 15:59:18,KYC Issues,I am unable to complete KYC document verification.,negative,5.91
902370,102970,2026-04-13 05:34:17,App Performance,The app feels slow and sometimes freezes.,negative,2.45
902371,128557,2026-06-30 23:59:59,Rewards,The rewards experience is confusing.,neutral,17.39
902372,106836,2026-05-20 23:06:30,KYC Issues,I am unable to complete KYC document verification.,negative,10.88
902373,145468,2026-01-26 07:33:39,App Performance,The app feels slow and sometimes freezes.,negative,1.76
902374,113580,2026-01-06 02:56:59,Account,I need help with my account.,neutral,16.59
902375,132129,2026-05-31 14:21:15,Account,I need help with my account.,neutral,17.46
902376,123444,2026-03-18 16:08:43,KYC Issues,I am unable to complete KYC document verification.,negative,4.45
902377,100145,2026-06-25 23:03:00,Account,I need help with my account.,neutral,9.24
902378,129707,2026-04-10 11:07:23,Payment Failure,My payment failed and I do not know why.,negative,12.51
902379,109878,2026-05-11 18:01:31,Payment Failure,My payment failed and I do not know why.,negative,2.82
902380,117582,2026-06-18 13:21:36,App Performance,The app feels slow and sometimes freezes.,negative,15.57
902381,133252,2026-02-19 11:37:48,App Performance,The app feels slow and sometimes freezes.,negative,9.25
902382,116345,2026-06-07 05:04:46,App Performance,The app feels slow and sometimes freezes.,negative,20.37
902383,124104,2026-04-01 02:51:01,Account,I need help with my account.,neutral,30.12
902384,147235,2026-05-09 21:04:45,App Performance,The app feels slow and sometimes freezes.,negative,1.21
902385,104623,2026-03-02 18:36:57,App Performance,The app feels slow and sometimes freezes.,negative,11.07
902386,140553,2026-06-19 05:32:40,KYC Issues,I am unable to complete KYC document verification.,negative,8.51
902387,101254,2026-01-16 13:55:05,Payment Failure,My payment failed and I do not know why.,negative,15.33
902388,113076,2026-02-27 00:59:01,Payment Failure,My payment failed and I do not know why.,negative,18.17
902389,128365,2026-06-30 21:32:46,App Performance,The app feels slow and sometimes freezes.,negative,1.02
902390,107144,2026-06-01 15:49:03,Account,I need help with my account.,neutral,11.73
902391,117839,2026-05-20 22:31:31,KYC Issues,I am unable to complete KYC document verification.,negative,9.28
902392,131493,2026-01-22 05:46:00,Account,I need help with my account.,neutral,30.71
902393,130169,2026-05-03 11:04:44,KYC Issues,I am unable to complete KYC document verification.,negative,19.45
902394,141841,2026-01-17 11:08:19,Account,I need help with my account.,neutral,8.9
902395,140085,2026-06-11 17:26:57,App Performance,The app feels slow and sometimes freezes.,negative,5.86
902396,112801,2026-04-04 06:05:16,KYC Issues,I am unable to complete KYC document verification.,negative,7.02
902397,106195,2026-05-04 01:27:50,KYC Issues,I am unable to complete KYC document verification.,negative,15.8
902398,113686,2026-02-26 19:15:04,Rewards,The rewards experience is confusing.,neutral,5.82
902399,123380,2026-03-02 17:15:31,App Performance,The app feels slow and sometimes freezes.,negative,4.67
902400,127064,2026-03-19 14:00:07,Payment Failure,My payment failed and I do not know why.,negative,8.31
902401,134163,2026-03-19 18:41:30,App Performance,The app feels slow and sometimes freezes.,negative,13.95
902402,145521,2026-03-14 06:10:31,Account,I need help with my account.,neutral,5.33
902403,116543,2026-05-12 23:37:06,KYC Issues,I am unable to complete KYC document verification.,negative,5.9
902404,114564,2026-02-03 12:49:15,Account,I need help with my account.,neutral,16.43
902405,126766,2026-06-14 01:23:10,Payment Failure,My payment failed and I do not know why.,negative,5.31
902406,149616,2026-04-25 21:59:02,Rewards,The rewards experience is confusing.,neutral,18.17
902407,110854,2026-06-20 05:43:15,KYC Issues,I am unable to complete KYC document verification.,negative,7.07
902408,129181,2026-01-23 05:22:46,KYC Issues,I am unable to complete KYC document verification.,negative,7.93
902409,139363,2026-02-22 18:51:09,KYC Issues,I am unable to complete KYC document verification.,negative,7.89
902410,138960,2026-01-30 21:46:05,KYC Issues,I am unable to complete KYC document verification.,negative,4.36
902411,112372,2026-06-21 16:27:54,KYC Issues,I am unable to complete KYC document verification.,negative,5.4
902412,144510,2026-03-05 04:01:39,Account,I need help with my account.,neutral,9.78
902413,128233,2026-03-13 12:33:06,KYC Issues,I am unable to complete KYC document verification.,negative,5.62
902414,112124,2026-01-26 08:55:31,Payment Failure,My payment failed and I do not know why.,negative,18.04
902415,117312,2026-05-16 11:56:40,KYC Issues,I am unable to complete KYC document verification.,negative,8.86
902416,133818,2026-02-04 01:47:06,Payment Failure,My payment failed and I do not know why.,negative,12.1
902417,103618,2026-06-02 14:46:15,Payment Failure,My payment failed and I do not know why.,negative,7.1
902418,101122,2026-02-24 03:03:06,Payment Failure,My payment failed and I do not know why.,negative,10.42
902419,148746,2026-04-30 07:46:27,Account,I need help with my account.,neutral,4.55
902420,126186,2026-05-30 19:17:40,Account,I need help with my account.,neutral,7.69
902421,131589,2026-05-02 22:33:45,Payment Failure,My payment failed and I do not know why.,negative,16.02
902422,143814,2026-02-04 13:28:47,KYC Issues,I am unable to complete KYC document verification.,negative,6.51
902423,124804,2026-06-12 16:52:15,Account,I need help with my account.,neutral,6.14
902424,128453,2026-06-14 12:07:35,Rewards,The rewards experience is confusing.,neutral,22.41
902425,135352,2026-05-29 16:14:07,Payment Failure,My payment failed and I do not know why.,negative,11.97
902426,132606,2026-01-27 12:23:56,Payment Failure,My payment failed and I do not know why.,negative,2.91
902427,131578,2026-04-04 08:26:01,Payment Failure,My payment failed and I do not know why.,negative,7.9
902428,132898,2026-04-09 12:52:22,Payment Failure,My payment failed and I do not know why.,negative,8.53
902429,121749,2026-02-13 00:24:53,Account,I need help with my account.,neutral,13.43
902430,110211,2026-04-19 19:05:38,Rewards,The rewards experience is confusing.,neutral,1.71
902431,130479,2026-02-04 21:04:51,App Performance,The app feels slow and sometimes freezes.,negative,10.51
902432,124527,2026-03-01 19:58:16,KYC Issues,I am unable to complete KYC document verification.,negative,8.84
902433,139454,2026-03-25 13:45:01,Payment Failure,My payment failed and I do not know why.,negative,5.29
902434,148003,2026-04-13 00:15:49,Account,I need help with my account.,neutral,7.5
902435,121366,2026-06-30 23:59:59,KYC Issues,I am unable to complete KYC document verification.,negative,5.79
902436,122816,2026-02-15 11:53:37,Rewards,The rewards experience is confusing.,neutral,10.67
902437,133754,2026-04-04 07:34:49,App Performance,The app feels slow and sometimes freezes.,negative,8.58
902438,141620,2026-01-25 03:36:57,App Performance,The app feels slow and sometimes freezes.,negative,10.72
902439,120331,2026-03-17 19:00:43,App Performance,The app feels slow and sometimes freezes.,negative,9.45
902440,127652,2026-06-30 23:59:59,Rewards,The rewards experience is confusing.,neutral,1.99
902441,116034,2026-06-06 07:15:23,Payment Failure,My payment failed and I do not know why.,negative,13.22
902442,145694,2026-04-11 12:49:04,Account,I need help with my account.,neutral,13.82
902443,143868,2026-05-20 20:19:07,App Performance,The app feels slow and sometimes freezes.,negative,15.39
902444,107880,2026-06-30 09:06:34,App Performance,The app feels slow and sometimes freezes.,negative,5.2
902445,102085,2026-06-30 09:04:07,Payment Failure,My payment failed and I do not know why.,negative,12.61
902446,136921,2026-05-31 14:36:22,Rewards,The rewards experience is confusing.,neutral,4.74
902447,112688,2026-06-20 13:58:34,KYC Issues,I am unable to complete KYC document verification.,negative,8.69
902448,113322,2026-04-30 05:17:31,Account,I need help with my account.,neutral,4.6
902449,117833,2026-06-17 08:40:35,KYC Issues,I am unable to complete KYC document verification.,negative,2.9
902450,132611,2026-02-04 18:29:00,Account,I need help with my account.,neutral,10.15
902451,146169,2026-04-11 15:35:57,KYC Issues,I am unable to complete KYC document verification.,negative,3.1
902452,145418,2026-04-17 21:21:11,Payment Failure,My payment failed and I do not know why.,negative,12.7
902453,104036,2026-03-28 23:32:30,App Performance,The app feels slow and sometimes freezes.,negative,18.15
902454,123657,2026-03-01 02:33:10,Account,I need help with my account.,neutral,16.49
902455,119013,2026-02-08 04:21:00,Account,I need help with my account.,neutral,15.36
902456,144034,2026-05-29 11:36:36,Account,I need help with my account.,neutral,5.38
902457,100400,2026-06-30 23:59:59,KYC Issues,I am unable to complete KYC document verification.,negative,11.76
902458,128161,2026-02-28 04:49:43,Payment Failure,My payment failed and I do not know why.,negative,8.26
902459,117437,2026-02-02 04:24:58,App Performance,The app feels slow and sometimes freezes.,negative,14.02
902460,141096,2026-01-14 00:30:55,KYC Issues,I am unable to complete KYC document verification.,negative,0.42
902461,122495,2026-03-03 11:00:17,Payment Failure,My payment failed and I do not know why.,negative,17.28
902462,130823,2026-03-04 12:44:11,App Performance,The app feels slow and sometimes freezes.,negative,12.21
902463,120051,2026-04-03 08:54:16,App Performance,The app feels slow and sometimes freezes.,negative,5.18
902464,140023,2026-03-16 12:28:46,Account,I need help with my account.,neutral,7.37
902465,112760,2026-02-06 19:00:08,Payment Failure,My payment failed and I do not know why.,negative,5.77
902466,131167,2026-02-22 14:55:30,Rewards,The rewards experience is confusing.,neutral,14.57
902467,106468,2026-04-18 16:58:49,Rewards,The rewards experience is confusing.,neutral,21.42
902468,132238,2026-01-16 20:19:27,Payment Failure,My payment failed and I do not know why.,negative,5.66
902469,101373,2026-06-26 08:03:03,KYC Issues,I am unable to complete KYC document verification.,negative,4.94
902470,138359,2026-05-30 15:03:33,Rewards,The rewards experience is confusing.,neutral,8.18
902471,100927,2026-04-09 19:40:55,KYC Issues,I am unable to complete KYC document verification.,negative,12.44
902472,135818,2026-05-15 16:31:11,Rewards,The rewards experience is confusing.,neutral,10.39
902473,110116,2026-03-10 16:08:02,Payment Failure,My payment failed and I do not know why.,negative,23.46
902474,108319,2026-05-10 16:44:54,KYC Issues,I am unable to complete KYC document verification.,negative,0.18
902475,126073,2026-06-01 19:34:55,App Performance,The app feels slow and sometimes freezes.,negative,12.15
902476,129730,2026-06-15 00:39:16,KYC Issues,I am unable to complete KYC document verification.,negative,41.93
902477,109626,2026-05-05 21:50:27,Account,I need help with my account.,neutral,11.46
902478,103786,2026-02-28 14:18:48,App Performance,The app feels slow and sometimes freezes.,negative,17.85
902479,120886,2026-02-04 05:58:00,Account,I need help with my account.,neutral,9.44
902480,106905,2026-04-01 11:26:16,KYC Issues,I am unable to complete KYC document verification.,negative,13.43
902481,106479,2026-03-16 18:46:35,Payment Failure,My payment failed and I do not know why.,negative,11.64
902482,127149,2026-05-29 16:31:33,Rewards,The rewards experience is confusing.,neutral,10.9
902483,133658,2026-04-15 19:26:54,Account,I need help with my account.,neutral,20.71
902484,138900,2026-03-16 16:30:19,Account,I need help with my account.,neutral,11.47
902485,126817,2026-03-04 02:00:19,Account,I need help with my account.,neutral,21.91
902486,135547,2026-04-04 07:44:51,Account,I need help with my account.,neutral,9.04
902487,141572,2026-04-19 15:59:48,App Performance,The app feels slow and sometimes freezes.,negative,11.45
902488,124448,2026-06-11 22:04:28,Payment Failure,My payment failed and I do not know why.,negative,12.5
902489,130246,2026-03-24 04:12:16,Payment Failure,My payment failed and I do not know why.,negative,12.21
902490,122558,2026-03-05 03:55:22,Payment Failure,My payment failed and I do not know why.,negative,1.92
902491,145579,2026-03-27 15:24:21,KYC Issues,I am unable to complete KYC document verification.,negative,3.38
902492,117736,2026-06-03 14:26:24,Payment Failure,My payment failed and I do not know why.,negative,1.6
902493,125981,2026-06-30 23:59:59,Payment Failure,My payment failed and I do not know why.,negative,4.21
902494,105865,2026-05-22 05:53:59,KYC Issues,I am unable to complete KYC document verification.,negative,10.58
902495,106530,2026-05-14 03:37:41,KYC Issues,I am unable to complete KYC document verification.,negative,8.33
902496,110537,2026-06-02 02:08:40,KYC Issues,I am unable to complete KYC document verification.,negative,9.19
902497,128213,2026-03-26 04:22:59,Payment Failure,My payment failed and I do not know why.,negative,5.19
902498,107361,2026-03-22 01:22:38,Account,I need help with my account.,neutral,9.36
902499,138903,2026-06-09 14:16:17,Payment Failure,My payment failed and I do not know why.,negative,32.12
902500,112511,2026-01-12 07:58:50,KYC Issues,I am unable to complete KYC document verification.,negative,3.71
902501,110454,2026-05-23 07:33:38,Payment Failure,My payment failed and I do not know why.,negative,3.8
902502,118378,2026-05-17 17:13:16,Account,I need help with my account.,neutral,2.6
902503,120738,2026-04-22 17:14:37,Payment Failure,My payment failed and I do not know why.,negative,10.46
902504,143336,2026-03-08 18:29:20,Rewards,The rewards experience is confusing.,neutral,5.62
902505,108394,2026-02-06 22:06:22,Account,I need help with my account.,neutral,5.05
902506,121103,2026-05-25 17:41:52,Rewards,The rewards experience is confusing.,neutral,1.48
902507,101163,2026-04-05 03:37:21,App Performance,The app feels slow and sometimes freezes.,negative,4.14
902508,102532,2026-04-09 21:13:37,KYC Issues,I am unable to complete KYC document verification.,negative,1.14
902509,107845,2026-05-24 16:52:53,Account,I need help with my account.,neutral,9.99
902510,126048,2026-04-18 14:13:40,Rewards,The rewards experience is confusing.,neutral,16.96
902511,139017,2026-02-24 20:19:37,KYC Issues,I am unable to complete KYC document verification.,negative,3.65
902512,141843,2026-06-30 23:59:59,App Performance,The app feels slow and sometimes freezes.,negative,10.39
902513,112703,2026-06-26 09:57:49,KYC Issues,I am unable to complete KYC document verification.,negative,4.42
902514,133513,2026-06-23 06:33:37,Payment Failure,My payment failed and I do not know why.,negative,2.34
902515,119803,2026-01-27 03:36:18,Payment Failure,My payment failed and I do not know why.,negative,3.6
902516,105752,2026-04-08 00:41:51,Payment Failure,My payment failed and I do not know why.,negative,9.18
902517,134356,2026-02-04 02:24:18,App Performance,The app feels slow and sometimes freezes.,negative,3.02
902518,130770,2026-03-03 00:35:12,App Performance,The app feels slow and sometimes freezes.,negative,6.1
902519,136493,2026-06-18 15:38:29,Payment Failure,My payment failed and I do not know why.,negative,4.74
902520,125058,2026-05-04 00:55:02,Account,I need help with my account.,neutral,7.58
902521,115822,2026-05-17 12:12:26,Account,I need help with my account.,neutral,10.04
902522,128284,2026-05-07 08:20:32,Account,I need help with my account.,neutral,5.77
902523,113651,2026-06-11 18:26:45,App Performance,The app feels slow and sometimes freezes.,negative,3.41
902524,140571,2026-04-01 18:27:34,Rewards,The rewards experience is confusing.,neutral,1.53
902525,117173,2026-06-20 05:06:02,Payment Failure,My payment failed and I do not know why.,negative,14.73
902526,112284,2026-03-06 16:50:17,Payment Failure,My payment failed and I do not know why.,negative,9.14
902527,135461,2026-06-17 01:25:18,App Performance,The app feels slow and sometimes freezes.,negative,18.35
902528,134060,2026-03-29 15:04:19,KYC Issues,I am unable to complete KYC document verification.,negative,3.09
902529,135236,2026-01-27 07:05:00,KYC Issues,I am unable to complete KYC document verification.,negative,6.45
902530,126634,2026-02-26 06:39:14,App Performance,The app feels slow and sometimes freezes.,negative,28.33
902531,124471,2026-05-23 16:36:47,Account,I need help with my account.,neutral,0.5
902532,118416,2026-06-01 08:58:31,Payment Failure,My payment failed and I do not know why.,negative,14.68
902533,118955,2026-06-27 07:28:40,KYC Issues,I am unable to complete KYC document verification.,negative,6.14
902534,137194,2026-02-07 15:48:43,App Performance,The app feels slow and sometimes freezes.,negative,10.06
902535,120719,2026-01-15 18:30:06,Rewards,The rewards experience is confusing.,neutral,17.76
902536,137401,2026-01-11 05:59:52,Account,I need help with my account.,neutral,10.01
902537,103264,2026-02-13 04:20:36,Payment Failure,My payment failed and I do not know why.,negative,5.04
902538,146180,2026-04-07 04:00:14,KYC Issues,I am unable to complete KYC document verification.,negative,7.37
902539,131126,2026-03-25 09:41:36,KYC Issues,I am unable to complete KYC document verification.,negative,2.83
902540,142233,2026-05-27 15:24:06,KYC Issues,I am unable to complete KYC document verification.,negative,1.01
902541,143714,2026-06-20 21:24:33,KYC Issues,I am unable to complete KYC document verification.,negative,5.43
902542,107025,2026-04-23 23:32:01,Payment Failure,My payment failed and I do not know why.,negative,5.29
902543,117499,2026-05-09 21:28:35,Payment Failure,My payment failed and I do not know why.,negative,9.53
902544,129713,2026-04-05 01:12:13,KYC Issues,I am unable to complete KYC document verification.,negative,3.13
902545,132788,2026-05-29 05:37:11,Payment Failure,My payment failed and I do not know why.,negative,7.88
902546,115108,2026-06-30 23:59:59,Payment Failure,My payment failed and I do not know why.,negative,10.4
902547,102477,2026-03-11 09:01:51,App Performance,The app feels slow and sometimes freezes.,negative,12.44
902548,148078,2026-05-30 06:01:52,KYC Issues,I am unable to complete KYC document verification.,negative,4.92
902549,111349,2026-01-17 06:43:13,Payment Failure,My payment failed and I do not know why.,negative,11.4
902550,129035,2026-01-24 11:23:32,Account,I need help with my account.,neutral,8.68
902551,101912,2026-03-28 03:32:35,KYC Issues,I am unable to complete KYC document verification.,negative,8.05
902552,127728,2026-02-21 21:03:22,Payment Failure,My payment failed and I do not know why.,negative,6.1
902553,136500,2026-01-31 19:24:16,Payment Failure,My payment failed and I do not know why.,negative,4.22
902554,142094,2026-04-04 06:16:28,App Performance,The app feels slow and sometimes freezes.,negative,9.83
902555,149531,2026-03-17 07:12:41,KYC Issues,I am unable to complete KYC document verification.,negative,4.35
902556,127312,2026-04-21 02:10:19,Rewards,The rewards experience is confusing.,neutral,2.37
902557,114599,2026-05-06 21:25:15,App Performance,The app feels slow and sometimes freezes.,negative,18.72
902558,112075,2026-03-24 01:16:21,App Performance,The app feels slow and sometimes freezes.,negative,9.41
902559,141321,2026-02-06 19:19:21,Account,I need help with my account.,neutral,3.76
902560,128988,2026-04-10 12:54:29,Rewards,The rewards experience is confusing.,neutral,16.54
902561,102099,2026-06-06 01:33:56,Account,I need help with my account.,neutral,3.43
902562,119534,2026-05-23 09:38:55,KYC Issues,I am unable to complete KYC document verification.,negative,12.0
902563,134940,2026-06-02 12:39:37,App Performance,The app feels slow and sometimes freezes.,negative,7.17
902564,108024,2026-06-30 14:34:28,Account,I need help with my account.,neutral,6.42
902565,113254,2026-01-24 14:55:40,Rewards,The rewards experience is confusing.,neutral,26.35
902566,101986,2026-02-14 11:11:08,KYC Issues,I am unable to complete KYC document verification.,negative,2.6
902567,126012,2026-06-17 23:31:03,Account,I need help with my account.,neutral,1.06
902568,103336,2026-01-24 20:39:01,Payment Failure,My payment failed and I do not know why.,negative,16.36
902569,126621,2026-01-31 06:09:09,Payment Failure,My payment failed and I do not know why.,negative,0.98
902570,111745,2026-04-19 04:38:40,Account,I need help with my account.,neutral,7.74
902571,118477,2026-05-05 23:25:04,Payment Failure,My payment failed and I do not know why.,negative,3.3
902572,147612,2026-05-06 07:53:15,App Performance,The app feels slow and sometimes freezes.,negative,12.56
902573,125537,2026-04-19 00:54:12,Account,I need help with my account.,neutral,11.06
902574,120865,2026-06-06 13:39:13,KYC Issues,I am unable to complete KYC document verification.,negative,4.15
902575,143447,2026-04-30 22:46:10,Payment Failure,My payment failed and I do not know why.,negative,5.49
902576,108007,2026-06-29 05:38:47,Rewards,The rewards experience is confusing.,neutral,16.45
902577,129077,2026-06-25 16:18:27,Payment Failure,My payment failed and I do not know why.,negative,3.27
902578,143721,2026-02-17 16:05:32,Payment Failure,My payment failed and I do not know why.,negative,16.22
902579,123001,2026-02-02 08:27:24,KYC Issues,I am unable to complete KYC document verification.,negative,1.3
902580,128194,2026-04-26 19:17:40,Account,I need help with my account.,neutral,1.26
902581,121513,2026-04-21 09:14:33,App Performance,The app feels slow and sometimes freezes.,negative,13.62
902582,121025,2026-03-19 00:49:03,KYC Issues,I am unable to complete KYC document verification.,negative,18.13
902583,115295,2026-04-09 05:05:08,Account,I need help with my account.,neutral,11.94
902584,111662,2026-04-24 07:23:13,Account,I need help with my account.,neutral,1.83
902585,131719,2026-05-25 10:37:26,KYC Issues,I am unable to complete KYC document verification.,negative,22.18
902586,142116,2026-03-01 03:30:08,Rewards,The rewards experience is confusing.,neutral,9.7
902587,128242,2026-04-09 13:42:05,Payment Failure,My payment failed and I do not know why.,negative,6.42
902588,143152,2026-02-14 20:41:25,Account,I need help with my account.,neutral,10.85
902589,109695,2026-04-29 01:41:28,Account,I need help with my account.,neutral,2.65
902590,125566,2026-01-15 00:37:47,App Performance,The app feels slow and sometimes freezes.,negative,1.68
902591,134445,2026-03-11 02:20:30,Rewards,The rewards experience is confusing.,neutral,1.6
902592,114110,2026-02-02 01:00:47,KYC Issues,I am unable to complete KYC document verification.,negative,3.57
902593,112959,2026-04-19 03:41:53,Account,I need help with my account.,neutral,9.02
902594,123315,2026-02-04 01:30:48,Account,I need help with my account.,neutral,19.0
902595,117927,2026-03-29 12:05:28,Account,I need help with my account.,neutral,12.14
902596,120414,2026-04-02 02:39:26,Payment Failure,My payment failed and I do not know why.,negative,25.36
902597,122459,2026-02-04 16:29:35,Payment Failure,My payment failed and I do not know why.,negative,13.72
902598,144363,2026-06-23 04:11:16,Rewards,The rewards experience is confusing.,neutral,8.83
902599,105677,2026-03-14 01:25:52,App Performance,The app feels slow and sometimes freezes.,negative,1.01
902600,143367,2026-06-30 23:59:59,Account,I need help with my account.,neutral,6.64
902601,133872,2026-04-29 13:57:45,Account,I need help with my account.,neutral,8.99
902602,100610,2026-06-19 23:58:03,Account,I need help with my account.,neutral,8.34
902603,130921,2026-02-26 00:15:07,Payment Failure,My payment failed and I do not know why.,negative,14.56
902604,125260,2026-03-08 06:44:38,App Performance,The app feels slow and sometimes freezes.,negative,1.5
902605,130394,2026-04-26 16:52:42,Account,I need help with my account.,neutral,4.41
902606,138326,2026-04-03 20:17:47,Payment Failure,My payment failed and I do not know why.,negative,5.81
902607,144289,2026-01-21 14:38:21,Payment Failure,My payment failed and I do not know why.,negative,16.8
902608,148465,2026-01-28 13:44:35,Payment Failure,My payment failed and I do not know why.,negative,5.15
902609,109290,2026-06-17 05:15:49,KYC Issues,I am unable to complete KYC document verification.,negative,2.36
902610,126407,2026-04-28 03:20:10,Payment Failure,My payment failed and I do not know why.,negative,3.45
902611,128059,2026-03-17 23:13:27,Payment Failure,My payment failed and I do not know why.,negative,3.17
902612,122296,2026-06-28 15:22:42,Account,I need help with my account.,neutral,4.2
902613,122052,2026-01-20 13:44:14,Payment Failure,My payment failed and I do not know why.,negative,35.08
902614,144452,2026-06-04 03:00:57,Rewards,The rewards experience is confusing.,neutral,11.6
902615,112513,2026-01-25 21:18:11,Payment Failure,My payment failed and I do not know why.,negative,6.09
902616,148576,2026-04-14 09:12:35,Payment Failure,My payment failed and I do not know why.,negative,11.84
902617,118776,2026-05-12 12:32:26,KYC Issues,I am unable to complete KYC document verification.,negative,11.06
902618,115715,2026-01-13 01:46:20,Rewards,The rewards experience is confusing.,neutral,3.78
902619,107977,2026-03-30 23:59:18,Rewards,The rewards experience is confusing.,neutral,0.95
902620,133176,2026-05-15 11:01:06,Account,I need help with my account.,neutral,11.69
902621,147635,2026-02-20 04:30:51,App Performance,The app feels slow and sometimes freezes.,negative,17.13
902622,108345,2026-06-23 00:17:28,KYC Issues,I am unable to complete KYC document verification.,negative,35.77
902623,130590,2026-05-03 04:45:37,KYC Issues,I am unable to complete KYC document verification.,negative,8.82
902624,111898,2026-02-10 02:36:07,Rewards,The rewards experience is confusing.,neutral,9.59
902625,125496,2026-01-16 20:06:40,Account,I need help with my account.,neutral,14.28
902626,122322,2026-06-30 23:59:59,KYC Issues,I am unable to complete KYC document verification.,negative,8.36
902627,117680,2026-04-19 13:17:39,App Performance,The app feels slow and sometimes freezes.,negative,8.45
902628,112470,2026-03-30 19:11:49,Account,I need help with my account.,neutral,12.28
902629,104658,2026-03-23 14:54:04,App Performance,The app feels slow and sometimes freezes.,negative,5.59
902630,148394,2026-04-25 07:10:11,KYC Issues,I am unable to complete KYC document verification.,negative,8.36
902631,101688,2026-06-01 10:29:03,KYC Issues,I am unable to complete KYC document verification.,negative,5.28
902632,122182,2026-03-17 11:18:46,KYC Issues,I am unable to complete KYC document verification.,negative,13.48
902633,112792,2026-03-06 16:15:35,KYC Issues,I am unable to complete KYC document verification.,negative,6.16
902634,108041,2026-04-05 22:09:36,KYC Issues,I am unable to complete KYC document verification.,negative,7.04
902635,131062,2026-05-16 13:04:22,Account,I need help with my account.,neutral,9.93
902636,135027,2026-05-23 00:59:07,Payment Failure,My payment failed and I do not know why.,negative,18.3
902637,114830,2026-05-18 18:11:46,Rewards,The rewards experience is confusing.,neutral,2.48
902638,138849,2026-04-24 17:20:44,Rewards,The rewards experience is confusing.,neutral,12.87
902639,120063,2026-04-10 00:56:12,KYC Issues,I am unable to complete KYC document verification.,negative,2.76
902640,128278,2026-05-21 20:11:47,Account,I need help with my account.,neutral,20.14
902641,134548,2026-06-11 16:31:30,Payment Failure,My payment failed and I do not know why.,negative,2.09
902642,110905,2026-03-11 09:26:07,Payment Failure,My payment failed and I do not know why.,negative,10.59
902643,119221,2026-05-19 06:54:41,Payment Failure,My payment failed and I do not know why.,negative,3.81
902644,124430,2026-06-13 16:52:50,Payment Failure,My payment failed and I do not know why.,negative,2.5
902645,147350,2026-01-08 03:28:42,KYC Issues,I am unable to complete KYC document verification.,negative,15.38
902646,118112,2026-06-15 12:29:33,KYC Issues,I am unable to complete KYC document verification.,negative,5.85
902647,103542,2026-03-14 18:28:04,Rewards,The rewards experience is confusing.,neutral,11.66
902648,125563,2026-01-26 08:49:15,Payment Failure,My payment failed and I do not know why.,negative,3.78
902649,106760,2026-04-09 11:10:32,Payment Failure,My payment failed and I do not know why.,negative,13.95
902650,133830,2026-03-23 06:49:59,Account,I need help with my account.,neutral,22.69
902651,121276,2026-03-31 03:40:44,Rewards,The rewards experience is confusing.,neutral,7.4
902652,138233,2026-06-28 16:18:54,Payment Failure,My payment failed and I do not know why.,negative,5.51
902653,114351,2026-04-14 17:53:59,KYC Issues,I am unable to complete KYC document verification.,negative,21.02
902654,101227,2026-02-03 11:13:45,App Performance,The app feels slow and sometimes freezes.,negative,15.86
902655,109160,2026-02-25 05:35:19,Payment Failure,My payment failed and I do not know why.,negative,6.83
902656,125666,2026-02-24 19:48:25,Payment Failure,My payment failed and I do not know why.,negative,5.02
902657,120545,2026-04-12 02:41:29,Account,I need help with my account.,neutral,9.31
902658,104120,2026-05-04 12:50:24,KYC Issues,I am unable to complete KYC document verification.,negative,18.08
902659,100278,2026-01-19 17:55:56,Rewards,The rewards experience is confusing.,neutral,17.05
902660,119037,2026-02-12 00:30:28,App Performance,The app feels slow and sometimes freezes.,negative,6.05
902661,120047,2026-04-10 19:26:31,Account,I need help with my account.,neutral,27.96
902662,138649,2026-02-21 04:21:50,Account,I need help with my account.,neutral,7.72
902663,137313,2026-05-01 02:13:06,App Performance,The app feels slow and sometimes freezes.,negative,16.36
902664,100854,2026-06-18 23:29:50,Payment Failure,My payment failed and I do not know why.,negative,20.72
902665,143087,2026-06-30 23:59:59,KYC Issues,I am unable to complete KYC document verification.,negative,10.89
902666,146494,2026-02-23 07:21:49,Payment Failure,My payment failed and I do not know why.,negative,9.75
902667,119536,2026-05-05 00:30:00,Rewards,The rewards experience is confusing.,neutral,1.63
902668,116464,2026-02-11 23:17:23,Account,I need help with my account.,neutral,8.84
902669,136747,2026-01-21 01:01:13,Payment Failure,My payment failed and I do not know why.,negative,11.49
902670,129861,2026-06-30 23:59:59,App Performance,The app feels slow and sometimes freezes.,negative,6.09
902671,100885,2026-01-28 10:36:46,Payment Failure,My payment failed and I do not know why.,negative,12.87
902672,147843,2026-05-13 14:59:58,Rewards,The rewards experience is confusing.,neutral,7.86
902673,121462,2026-04-14 13:47:26,Account,I need help with my account.,neutral,5.38
902674,109404,2026-04-28 08:45:55,KYC Issues,I am unable to complete KYC document verification.,negative,21.55
902675,133416,2026-02-13 06:00:40,Account,I need help with my account.,neutral,9.58
902676,140744,2026-02-17 20:54:46,Account,I need help with my account.,neutral,21.57
902677,123977,2026-06-30 23:59:59,KYC Issues,I am unable to complete KYC document verification.,negative,5.31
902678,128140,2026-02-13 23:21:41,Payment Failure,My payment failed and I do not know why.,negative,12.5
902679,146079,2026-03-10 17:14:58,Account,I need help with my account.,neutral,5.07
902680,120718,2026-05-26 08:37:20,App Performance,The app feels slow and sometimes freezes.,negative,12.91
902681,127648,2026-02-24 14:36:12,Account,I need help with my account.,neutral,13.32
902682,129971,2026-05-09 15:55:55,Payment Failure,My payment failed and I do not know why.,negative,9.7
902683,124243,2026-04-29 20:33:11,Payment Failure,My payment failed and I do not know why.,negative,6.01
902684,103036,2026-03-11 14:21:40,App Performance,The app feels slow and sometimes freezes.,negative,6.68
902685,106977,2026-05-25 16:01:43,Account,I need help with my account.,neutral,2.43
902686,131766,2026-02-07 03:22:49,Payment Failure,My payment failed and I do not know why.,negative,9.48
902687,123702,2026-02-16 16:57:17,Account,I need help with my account.,neutral,20.39
902688,122078,2026-03-31 16:31:35,KYC Issues,I am unable to complete KYC document verification.,negative,1.72
902689,119236,2026-03-14 06:53:42,Rewards,The rewards experience is confusing.,neutral,26.5
902690,119893,2026-02-12 14:15:56,Payment Failure,My payment failed and I do not know why.,negative,9.7
902691,136415,2026-05-20 04:47:39,Account,I need help with my account.,neutral,10.43
902692,143916,2026-06-30 23:59:59,KYC Issues,I am unable to complete KYC document verification.,negative,25.41
902693,114698,2026-02-15 23:18:53,KYC Issues,I am unable to complete KYC document verification.,negative,1.98
902694,128276,2026-04-17 13:51:04,Rewards,The rewards experience is confusing.,neutral,2.87
902695,149862,2026-06-30 23:59:59,KYC Issues,I am unable to complete KYC document verification.,negative,8.03
902696,149925,2026-03-24 09:46:37,KYC Issues,I am unable to complete KYC document verification.,negative,8.88
902697,149960,2026-03-31 06:15:39,KYC Issues,I am unable to complete KYC document verification.,negative,4.04
902698,110093,2026-05-21 13:47:42,Payment Failure,My payment failed and I do not know why.,negative,18.32
902699,147577,2026-01-04 22:46:58,Account,I need help with my account.,neutral,15.24
902700,134859,2026-06-14 18:05:42,Payment Failure,My payment failed and I do not know why.,negative,6.43
902701,112806,2026-03-22 06:39:44,Account,I need help with my account.,neutral,6.8
902702,112423,2026-04-18 05:12:05,Account,I need help with my account.,neutral,5.8
902703,128729,2026-06-30 23:59:59,Rewards,The rewards experience is confusing.,neutral,2.99
902704,141924,2026-06-22 07:04:06,Account,I need help with my account.,neutral,10.1
902705,128237,2026-01-11 22:05:05,Rewards,The rewards experience is confusing.,neutral,1.83
902706,123311,2026-02-02 06:35:35,Payment Failure,My payment failed and I do not know why.,negative,13.35
902707,127812,2026-06-18 14:50:22,App Performance,The app feels slow and sometimes freezes.,negative,6.0
902708,114712,2026-06-24 05:56:15,KYC Issues,I am unable to complete KYC document verification.,negative,4.51
902709,118795,2026-05-16 18:36:43,Payment Failure,My payment failed and I do not know why.,negative,1.72
902710,106889,2026-01-14 19:57:44,Payment Failure,My payment failed and I do not know why.,negative,4.72
902711,100772,2026-05-14 20:23:56,KYC Issues,I am unable to complete KYC document verification.,negative,13.42
902712,102768,2026-04-30 09:16:50,Account,I need help with my account.,neutral,9.23
902713,133763,2026-01-30 07:34:46,Payment Failure,My payment failed and I do not know why.,negative,3.53
902714,143247,2026-04-01 17:15:10,Payment Failure,My payment failed and I do not know why.,negative,6.61
902715,132833,2026-06-30 23:59:59,Payment Failure,My payment failed and I do not know why.,negative,9.17
902716,113063,2026-01-30 19:08:45,Payment Failure,My payment failed and I do not know why.,negative,14.96
902717,144157,2026-02-11 20:16:20,App Performance,The app feels slow and sometimes freezes.,negative,5.92
902718,134737,2026-03-07 14:13:00,KYC Issues,I am unable to complete KYC document verification.,negative,7.96
902719,124514,2026-03-09 07:04:09,KYC Issues,I am unable to complete KYC document verification.,negative,18.82
902720,146126,2026-06-12 12:48:07,KYC Issues,I am unable to complete KYC document verification.,negative,4.55
902721,138235,2026-02-01 01:52:23,Rewards,The rewards experience is confusing.,neutral,2.13
902722,125210,2026-01-18 15:02:40,App Performance,The app feels slow and sometimes freezes.,negative,8.78
902723,126935,2026-03-21 20:50:09,Payment Failure,My payment failed and I do not know why.,negative,1.88
902724,121363,2026-02-27 08:41:46,Payment Failure,My payment failed and I do not know why.,negative,20.74
902725,132641,2026-02-17 02:27:56,Payment Failure,My payment failed and I do not know why.,negative,4.79
902726,146346,2026-03-23 12:42:06,Payment Failure,My payment failed and I do not know why.,negative,9.75
902727,122573,2026-04-23 13:52:26,KYC Issues,I am unable to complete KYC document verification.,negative,3.71
902728,131855,2026-06-30 23:59:59,KYC Issues,I am unable to complete KYC document verification.,negative,30.52
902729,105224,2026-03-25 10:37:39,KYC Issues,I am unable to complete KYC document verification.,negative,13.85
902730,113180,2026-02-01 23:16:42,Account,I need help with my account.,neutral,26.61
902731,117124,2026-03-11 11:28:35,Payment Failure,My payment failed and I do not know why.,negative,3.13
902732,120090,2026-03-14 12:24:51,Payment Failure,My payment failed and I do not know why.,negative,11.22
902733,105967,2026-05-13 23:22:24,App Performance,The app feels slow and sometimes freezes.,negative,1.57
902734,136448,2026-04-11 18:58:02,KYC Issues,I am unable to complete KYC document verification.,negative,4.96
902735,100647,2026-04-07 10:23:33,Account,I need help with my account.,neutral,18.44
902736,103781,2026-01-08 22:03:11,Account,I need help with my account.,neutral,3.59
902737,120232,2026-03-07 02:03:05,Payment Failure,My payment failed and I do not know why.,negative,16.7
902738,119264,2026-05-21 18:14:34,App Performance,The app feels slow and sometimes freezes.,negative,11.65
902739,124762,2026-05-26 20:49:28,Account,I need help with my account.,neutral,4.31
902740,117161,2026-06-15 21:42:57,Account,I need help with my account.,neutral,13.68
902741,130810,2026-06-30 23:59:59,Account,I need help with my account.,neutral,14.86
902742,119736,2026-02-14 14:06:33,Account,I need help with my account.,neutral,14.56
902743,147429,2026-06-09 07:27:19,KYC Issues,I am unable to complete KYC document verification.,negative,6.12
902744,138060,2026-06-22 08:49:56,KYC Issues,I am unable to complete KYC document verification.,negative,3.74
902745,100430,2026-02-07 22:16:09,KYC Issues,I am unable to complete KYC document verification.,negative,3.02
902746,109912,2026-03-30 14:34:05,KYC Issues,I am unable to complete KYC document verification.,negative,10.51
902747,104017,2026-02-23 08:13:09,KYC Issues,I am unable to complete KYC document verification.,negative,6.0
902748,102976,2026-06-13 10:57:38,KYC Issues,I am unable to complete KYC document verification.,negative,9.74
902749,122228,2026-01-18 09:11:43,KYC Issues,I am unable to complete KYC document verification.,negative,10.04
902750,146023,2026-04-28 20:55:22,Account,I need help with my account.,neutral,12.14
902751,131428,2026-03-13 15:18:43,Account,I need help with my account.,neutral,23.37
902752,138534,2026-03-08 04:14:17,App Performance,The app feels slow and sometimes freezes.,negative,6.09
902753,132234,2026-04-17 02:29:05,KYC Issues,I am unable to complete KYC document verification.,negative,11.51
902754,137011,2026-02-02 01:07:53,Account,I need help with my account.,neutral,3.73
902755,118751,2026-03-02 16:27:29,Payment Failure,My payment failed and I do not know why.,negative,21.83
902756,146249,2026-04-25 14:00:53,KYC Issues,I am unable to complete KYC document verification.,negative,4.94
902757,108410,2026-04-29 04:07:34,KYC Issues,I am unable to complete KYC document verification.,negative,22.56
902758,110407,2026-03-16 17:10:21,KYC Issues,I am unable to complete KYC document verification.,negative,2.66
902759,123956,2026-04-08 06:58:13,Rewards,The rewards experience is confusing.,neutral,1.39
902760,123042,2026-03-11 05:45:10,Payment Failure,My payment failed and I do not know why.,negative,8.89
902761,119834,2026-03-20 05:59:14,Payment Failure,My payment failed and I do not know why.,negative,0.43
902762,148428,2026-03-29 02:28:52,App Performance,The app feels slow and sometimes freezes.,negative,15.05
902763,107269,2026-05-10 09:38:43,Account,I need help with my account.,neutral,5.0
902764,144594,2026-06-13 16:53:47,KYC Issues,I am unable to complete KYC document verification.,negative,11.6
902765,101139,2026-06-27 16:06:58,Payment Failure,My payment failed and I do not know why.,negative,3.06
902766,104986,2026-05-16 02:19:44,Account,I need help with my account.,neutral,9.69
902767,102886,2026-03-05 22:30:47,KYC Issues,I am unable to complete KYC document verification.,negative,8.54
902768,148414,2026-02-23 03:47:04,KYC Issues,I am unable to complete KYC document verification.,negative,19.59
902769,114978,2026-06-30 23:59:59,Account,I need help with my account.,neutral,5.04
902770,138404,2026-06-05 03:42:40,Payment Failure,My payment failed and I do not know why.,negative,15.36
902771,123792,2026-06-30 23:59:59,Payment Failure,My payment failed and I do not know why.,negative,1.98
902772,110994,2026-06-14 13:10:56,Account,I need help with my account.,neutral,11.17
902773,144422,2026-02-19 06:20:59,Rewards,The rewards experience is confusing.,neutral,21.39
902774,126582,2026-06-18 10:43:37,App Performance,The app feels slow and sometimes freezes.,negative,36.81
902775,103121,2026-06-27 16:55:31,Rewards,The rewards experience is confusing.,neutral,14.33
902776,139203,2026-01-20 10:24:47,App Performance,The app feels slow and sometimes freezes.,negative,5.76
902777,137448,2026-02-01 01:01:18,KYC Issues,I am unable to complete KYC document verification.,negative,15.73
902778,104058,2026-06-18 12:40:00,Payment Failure,My payment failed and I do not know why.,negative,7.96
902779,131986,2026-01-27 12:23:35,Payment Failure,My payment failed and I do not know why.,negative,17.1
902780,149292,2026-01-20 06:18:49,Payment Failure,My payment failed and I do not know why.,negative,8.88
902781,118870,2026-02-19 23:09:10,Payment Failure,My payment failed and I do not know why.,negative,5.78
902782,127740,2026-03-16 08:17:53,KYC Issues,I am unable to complete KYC document verification.,negative,11.22
902783,107071,2026-02-18 10:15:19,Payment Failure,My payment failed and I do not know why.,negative,9.45
902784,133875,2026-01-30 18:35:32,Payment Failure,My payment failed and I do not know why.,negative,2.36
902785,129559,2026-04-23 05:52:01,Rewards,The rewards experience is confusing.,neutral,7.11
902786,117584,2026-06-30 23:59:59,Payment Failure,My payment failed and I do not know why.,negative,4.64
902787,143157,2026-04-29 09:10:00,KYC Issues,I am unable to complete KYC document verification.,negative,14.79
902788,118584,2026-03-13 23:52:25,Payment Failure,My payment failed and I do not know why.,negative,7.97
902789,113459,2026-05-24 16:01:23,App Performance,The app feels slow and sometimes freezes.,negative,5.42
902790,117725,2026-05-15 01:52:41,Rewards,The rewards experience is confusing.,neutral,1.73
902791,104570,2026-02-17 22:33:00,App Performance,The app feels slow and sometimes freezes.,negative,12.52
902792,131514,2026-06-19 19:09:21,KYC Issues,I am unable to complete KYC document verification.,negative,10.46
902793,121497,2026-03-23 14:06:37,App Performance,The app feels slow and sometimes freezes.,negative,4.67
902794,118176,2026-06-04 12:11:25,Account,I need help with my account.,neutral,8.3
902795,106330,2026-02-07 14:01:36,KYC Issues,I am unable to complete KYC document verification.,negative,8.72
902796,114875,2026-06-24 14:48:20,Account,I need help with my account.,neutral,2.32
902797,140463,2026-02-04 09:01:06,Rewards,The rewards experience is confusing.,neutral,5.63
902798,147442,2026-06-10 07:02:12,KYC Issues,I am unable to complete KYC document verification.,negative,11.92
902799,139231,2026-03-25 12:20:44,App Performance,The app feels slow and sometimes freezes.,negative,6.66
902800,130147,2026-06-30 23:59:59,App Performance,The app feels slow and sometimes freezes.,negative,19.04
902801,149347,2026-02-11 16:58:35,App Performance,The app feels slow and sometimes freezes.,negative,6.36
902802,100199,2026-06-18 10:36:27,KYC Issues,I am unable to complete KYC document verification.,negative,3.13
902803,101449,2026-02-04 11:54:30,Account,I need help with my account.,neutral,7.57
902804,117758,2026-06-26 15:03:29,KYC Issues,I am unable to complete KYC document verification.,negative,7.77
902805,144012,2026-03-07 19:00:53,Account,I need help with my account.,neutral,3.76
902806,110269,2026-06-20 01:15:22,Rewards,The rewards experience is confusing.,neutral,24.8
902807,132009,2026-06-30 23:59:59,App Performance,The app feels slow and sometimes freezes.,negative,8.84
902808,120834,2026-02-01 20:09:43,Account,I need help with my account.,neutral,0.86
902809,134627,2026-04-30 13:30:37,KYC Issues,I am unable to complete KYC document verification.,negative,5.42
902810,108660,2026-06-17 17:47:20,KYC Issues,I am unable to complete KYC document verification.,negative,3.44
902811,110046,2026-04-12 19:57:56,KYC Issues,I am unable to complete KYC document verification.,negative,6.44
902812,116380,2026-03-07 06:08:25,App Performance,The app feels slow and sometimes freezes.,negative,8.03
902813,117245,2026-02-26 16:13:59,Rewards,The rewards experience is confusing.,neutral,9.79
902814,131571,2026-04-22 11:25:47,Account,I need help with my account.,neutral,2.38
902815,119724,2026-04-01 06:18:51,App Performance,The app feels slow and sometimes freezes.,negative,2.25
902816,140337,2026-06-17 09:57:41,Payment Failure,My payment failed and I do not know why.,negative,7.4
902817,112619,2026-03-09 07:20:37,App Performance,The app feels slow and sometimes freezes.,negative,11.43
902818,105747,2026-01-23 19:37:36,Account,I need help with my account.,neutral,11.77
902819,144071,2026-06-02 09:31:44,KYC Issues,I am unable to complete KYC document verification.,negative,4.01
902820,143135,2026-04-09 03:32:50,KYC Issues,I am unable to complete KYC document verification.,negative,7.8
902821,123576,2026-04-04 00:23:24,Payment Failure,My payment failed and I do not know why.,negative,12.92
902822,147224,2026-06-09 22:06:57,App Performance,The app feels slow and sometimes freezes.,negative,2.69
902823,125327,2026-03-03 11:17:42,Account,I need help with my account.,neutral,5.88
902824,144217,2026-03-12 03:35:00,Rewards,The rewards experience is confusing.,neutral,14.94
902825,119820,2026-03-24 17:22:00,Payment Failure,My payment failed and I do not know why.,negative,9.08
902826,147714,2026-06-30 23:59:59,KYC Issues,I am unable to complete KYC document verification.,negative,12.85
902827,145674,2026-02-26 20:26:23,Account,I need help with my account.,neutral,21.72
902828,141828,2026-06-04 10:09:58,Payment Failure,My payment failed and I do not know why.,negative,14.25
902829,103841,2026-05-24 03:16:04,Payment Failure,My payment failed and I do not know why.,negative,4.52
902830,134966,2026-05-14 00:58:34,App Performance,The app feels slow and sometimes freezes.,negative,27.1
902831,105646,2026-04-13 05:18:28,App Performance,The app feels slow and sometimes freezes.,negative,2.93
902832,133932,2026-03-26 13:29:30,App Performance,The app feels slow and sometimes freezes.,negative,4.09
902833,125316,2026-02-26 23:02:05,KYC Issues,I am unable to complete KYC document verification.,negative,19.18
902834,123047,2026-04-02 19:58:24,Payment Failure,My payment failed and I do not know why.,negative,1.55
902835,109673,2026-01-31 10:20:41,App Performance,The app feels slow and sometimes freezes.,negative,9.22
902836,145834,2026-02-28 03:24:25,App Performance,The app feels slow and sometimes freezes.,negative,18.99
902837,109243,2026-05-14 02:07:41,Account,I need help with my account.,neutral,2.22
902838,135275,2026-05-07 12:42:11,App Performance,The app feels slow and sometimes freezes.,negative,3.26
902839,132447,2026-06-07 05:12:18,KYC Issues,I am unable to complete KYC document verification.,negative,2.49
902840,100682,2026-06-30 23:59:59,Payment Failure,My payment failed and I do not know why.,negative,7.12
902841,145180,2026-06-14 15:58:15,Rewards,The rewards experience is confusing.,neutral,11.01
902842,146940,2026-03-04 13:55:14,Account,I need help with my account.,neutral,8.2
902843,141769,2026-01-30 19:52:19,Rewards,The rewards experience is confusing.,neutral,10.26
902844,108813,2026-04-17 14:01:10,Payment Failure,My payment failed and I do not know why.,negative,11.62
902845,140265,2026-06-24 07:01:35,App Performance,The app feels slow and sometimes freezes.,negative,2.61
902846,125267,2026-02-05 09:53:41,Payment Failure,My payment failed and I do not know why.,negative,7.22
902847,149380,2026-02-27 18:22:23,App Performance,The app feels slow and sometimes freezes.,negative,28.53
902848,128592,2026-02-27 02:50:52,Rewards,The rewards experience is confusing.,neutral,18.24
902849,112759,2026-03-05 09:38:34,KYC Issues,I am unable to complete KYC document verification.,negative,5.09
902850,108475,2026-03-25 12:00:29,App Performance,The app feels slow and sometimes freezes.,negative,11.23
902851,124803,2026-01-20 04:43:33,KYC Issues,I am unable to complete KYC document verification.,negative,12.19
902852,113506,2026-05-31 09:52:05,Payment Failure,My payment failed and I do not know why.,negative,28.43
902853,118216,2026-02-25 11:39:20,Account,I need help with my account.,neutral,23.24
902854,144985,2026-04-05 01:55:09,Account,I need help with my account.,neutral,17.93
902855,106225,2026-02-18 01:54:16,App Performance,The app feels slow and sometimes freezes.,negative,6.9
902856,133323,2026-06-16 06:54:06,Account,I need help with my account.,neutral,14.34
902857,132157,2026-01-05 05:57:02,Payment Failure,My payment failed and I do not know why.,negative,20.1
902858,145144,2026-01-19 03:27:25,Account,I need help with my account.,neutral,2.44
902859,110461,2026-03-06 09:35:51,Rewards,The rewards experience is confusing.,neutral,13.35
902860,134111,2026-06-04 10:22:50,App Performance,The app feels slow and sometimes freezes.,negative,4.97
902861,136901,2026-06-30 23:59:59,KYC Issues,I am unable to complete KYC document verification.,negative,17.07
902862,136463,2026-02-09 13:57:08,Payment Failure,My payment failed and I do not know why.,negative,2.61
902863,100586,2026-05-22 04:57:53,App Performance,The app feels slow and sometimes freezes.,negative,26.46
902864,126502,2026-01-18 02:00:43,Account,I need help with my account.,neutral,11.62
902865,139110,2026-05-26 00:38:28,Payment Failure,My payment failed and I do not know why.,negative,12.1
902866,129317,2026-06-19 00:14:59,Account,I need help with my account.,neutral,16.67
902867,123209,2026-01-19 00:53:47,Account,I need help with my account.,neutral,19.41
902868,143786,2026-05-02 22:31:19,Account,I need help with my account.,neutral,11.81
902869,123585,2026-06-30 23:59:59,KYC Issues,I am unable to complete KYC document verification.,negative,11.54
902870,147911,2026-01-29 00:26:21,Payment Failure,My payment failed and I do not know why.,negative,6.1
902871,140065,2026-03-15 10:53:00,Rewards,The rewards experience is confusing.,neutral,20.57
902872,107651,2026-03-11 01:39:14,KYC Issues,I am unable to complete KYC document verification.,negative,13.22
902873,107585,2026-02-22 11:06:16,KYC Issues,I am unable to complete KYC document verification.,negative,18.95
902874,140552,2026-02-01 18:53:05,Account,I need help with my account.,neutral,1.67
902875,136928,2026-01-27 12:34:36,KYC Issues,I am unable to complete KYC document verification.,negative,6.92
902876,113374,2026-02-27 14:17:04,KYC Issues,I am unable to complete KYC document verification.,negative,2.18
902877,113485,2026-04-02 01:45:03,KYC Issues,I am unable to complete KYC document verification.,negative,5.27
902878,124493,2026-03-21 02:06:09,Account,I need help with my account.,neutral,2.78
902879,102464,2026-06-30 23:59:59,KYC Issues,I am unable to complete KYC document verification.,negative,16.32
902880,109830,2026-03-30 03:18:09,Payment Failure,My payment failed and I do not know why.,negative,8.71
902881,131685,2026-05-09 03:17:04,Payment Failure,My payment failed and I do not know why.,negative,5.84
902882,137429,2026-05-18 15:06:40,Account,I need help with my account.,neutral,17.79
902883,120340,2026-03-16 14:35:45,Payment Failure,My payment failed and I do not know why.,negative,18.12
902884,148860,2026-03-12 13:32:53,Payment Failure,My payment failed and I do not know why.,negative,13.8
902885,144241,2026-03-09 15:06:10,App Performance,The app feels slow and sometimes freezes.,negative,10.54
902886,147408,2026-06-24 21:33:30,Rewards,The rewards experience is confusing.,neutral,12.66
902887,127507,2026-02-21 08:51:26,Payment Failure,My payment failed and I do not know why.,negative,12.19
902888,117553,2026-04-03 15:21:55,Rewards,The rewards experience is confusing.,neutral,6.65
902889,123515,2026-04-12 07:31:38,Rewards,The rewards experience is confusing.,neutral,10.12
902890,126007,2026-02-14 08:45:10,Account,I need help with my account.,neutral,12.76
902891,146860,2026-01-31 12:45:51,Account,I need help with my account.,neutral,7.01
902892,129597,2026-04-10 01:43:43,App Performance,The app feels slow and sometimes freezes.,negative,8.83
902893,118047,2026-01-15 02:09:25,Account,I need help with my account.,neutral,15.15
902894,144419,2026-02-19 17:47:46,Rewards,The rewards experience is confusing.,neutral,2.47
902895,131563,2026-03-18 07:26:30,Payment Failure,My payment failed and I do not know why.,negative,7.69
902896,134963,2026-03-05 19:07:40,KYC Issues,I am unable to complete KYC document verification.,negative,6.92
902897,107056,2026-03-06 16:50:17,App Performance,The app feels slow and sometimes freezes.,negative,7.94
902898,107647,2026-05-26 12:29:11,App Performance,The app feels slow and sometimes freezes.,negative,24.07
902899,125771,2026-06-30 23:59:59,Payment Failure,My payment failed and I do not know why.,negative,4.23
902900,143936,2026-04-19 02:27:35,Payment Failure,My payment failed and I do not know why.,negative,11.84
902901,127720,2026-06-15 17:29:02,Payment Failure,My payment failed and I do not know why.,negative,18.21
902902,128449,2026-06-13 07:05:29,Rewards,The rewards experience is confusing.,neutral,5.63
902903,148431,2026-05-23 02:53:30,App Performance,The app feels slow and sometimes freezes.,negative,8.41
902904,124385,2026-03-13 01:39:31,Account,I need help with my account.,neutral,12.53
902905,138940,2026-04-12 22:43:55,Payment Failure,My payment failed and I do not know why.,negative,2.92
902906,136466,2026-03-11 08:28:14,Rewards,The rewards experience is confusing.,neutral,19.05
902907,110928,2026-02-05 03:57:08,Rewards,The rewards experience is confusing.,neutral,3.89
902908,142424,2026-06-30 23:59:59,Account,I need help with my account.,neutral,24.67
902909,112895,2026-02-12 06:34:33,KYC Issues,I am unable to complete KYC document verification.,negative,15.95
902910,141068,2026-05-16 20:43:57,Payment Failure,My payment failed and I do not know why.,negative,7.25
902911,126107,2026-05-05 15:41:16,Account,I need help with my account.,neutral,7.08
902912,145575,2026-03-17 13:52:06,Rewards,The rewards experience is confusing.,neutral,24.16
902913,103291,2026-06-21 06:33:45,Payment Failure,My payment failed and I do not know why.,negative,10.06
902914,134118,2026-04-04 13:28:17,KYC Issues,I am unable to complete KYC document verification.,negative,11.03
902915,111428,2026-06-09 19:20:38,Account,I need help with my account.,neutral,5.23
902916,115055,2026-06-27 09:54:16,KYC Issues,I am unable to complete KYC document verification.,negative,8.97
902917,119475,2026-02-18 18:41:38,Account,I need help with my account.,neutral,3.52
902918,103495,2026-05-02 22:35:53,KYC Issues,I am unable to complete KYC document verification.,negative,0.85
902919,105265,2026-02-08 19:05:14,KYC Issues,I am unable to complete KYC document verification.,negative,4.55
902920,112378,2026-03-06 12:30:23,App Performance,The app feels slow and sometimes freezes.,negative,4.23
902921,120367,2026-01-31 16:50:58,Account,I need help with my account.,neutral,13.53
902922,145678,2026-03-02 11:21:03,Payment Failure,My payment failed and I do not know why.,negative,8.21
902923,140830,2026-04-23 10:32:21,App Performance,The app feels slow and sometimes freezes.,negative,4.61
902924,106917,2026-04-01 08:46:38,App Performance,The app feels slow and sometimes freezes.,negative,8.19
902925,118028,2026-04-04 19:37:04,App Performance,The app feels slow and sometimes freezes.,negative,3.89
902926,137746,2026-02-12 15:52:56,Payment Failure,My payment failed and I do not know why.,negative,4.81
902927,121329,2026-06-24 12:47:37,Payment Failure,My payment failed and I do not know why.,negative,7.52
902928,120280,2026-03-17 23:30:23,KYC Issues,I am unable to complete KYC document verification.,negative,14.16
902929,141886,2026-03-31 11:09:43,Account,I need help with my account.,neutral,7.74
902930,116546,2026-01-21 23:35:14,Account,I need help with my account.,neutral,15.23
902931,114068,2026-04-09 23:07:36,App Performance,The app feels slow and sometimes freezes.,negative,3.94
902932,120631,2026-01-22 03:14:10,KYC Issues,I am unable to complete KYC document verification.,negative,5.28
902933,121240,2026-04-25 11:20:26,KYC Issues,I am unable to complete KYC document verification.,negative,7.55
902934,127153,2026-05-04 12:06:39,App Performance,The app feels slow and sometimes freezes.,negative,6.78
902935,126635,2026-06-12 01:27:27,Rewards,The rewards experience is confusing.,neutral,6.22
902936,110822,2026-06-01 12:50:53,App Performance,The app feels slow and sometimes freezes.,negative,28.05
902937,119016,2026-02-02 01:05:58,Payment Failure,My payment failed and I do not know why.,negative,14.41
902938,114760,2026-03-21 20:18:08,Payment Failure,My payment failed and I do not know why.,negative,6.8
902939,118120,2026-03-26 05:44:20,Rewards,The rewards experience is confusing.,neutral,19.29
902940,142882,2026-06-03 20:12:26,Payment Failure,My payment failed and I do not know why.,negative,2.42
902941,136208,2026-06-11 10:23:01,Rewards,The rewards experience is confusing.,neutral,10.64
902942,149475,2026-05-20 15:11:10,Rewards,The rewards experience is confusing.,neutral,10.2
902943,101825,2026-06-26 00:30:54,App Performance,The app feels slow and sometimes freezes.,negative,7.65
902944,146195,2026-06-04 23:59:39,Rewards,The rewards experience is confusing.,neutral,11.32
902945,125435,2026-06-27 18:07:47,KYC Issues,I am unable to complete KYC document verification.,negative,6.02
902946,140079,2026-02-04 04:08:59,Rewards,The rewards experience is confusing.,neutral,11.38
902947,108910,2026-06-11 07:24:29,Account,I need help with my account.,neutral,12.55
902948,120854,2026-04-14 08:34:50,Account,I need help with my account.,neutral,14.0
902949,127451,2026-06-04 10:39:09,Rewards,The rewards experience is confusing.,neutral,6.63
902950,131938,2026-06-03 09:14:26,Rewards,The rewards experience is confusing.,neutral,5.17
902951,106947,2026-01-22 05:54:47,KYC Issues,I am unable to complete KYC document verification.,negative,16.87
902952,109686,2026-02-14 14:48:04,Rewards,The rewards experience is confusing.,neutral,5.05
902953,134335,2026-06-13 20:48:57,KYC Issues,I am unable to complete KYC document verification.,negative,3.37
902954,146759,2026-05-31 04:04:59,Account,I need help with my account.,neutral,19.77
902955,128475,2026-03-07 12:36:38,App Performance,The app feels slow and sometimes freezes.,negative,1.09
902956,118669,2026-03-01 01:31:58,Account,I need help with my account.,neutral,17.84
902957,137157,2026-05-22 11:58:34,KYC Issues,I am unable to complete KYC document verification.,negative,3.77
902958,103565,2026-05-30 07:26:09,Account,I need help with my account.,neutral,31.97
902959,128541,2026-05-24 14:27:22,Rewards,The rewards experience is confusing.,neutral,3.46
902960,118050,2026-01-30 18:06:12,KYC Issues,I am unable to complete KYC document verification.,negative,17.54
902961,128080,2026-05-17 21:56:28,KYC Issues,I am unable to complete KYC document verification.,negative,9.15
902962,128533,2026-01-31 19:11:30,App Performance,The app feels slow and sometimes freezes.,negative,9.74
902963,121421,2026-02-18 22:07:14,KYC Issues,I am unable to complete KYC document verification.,negative,23.2
902964,100323,2026-06-21 15:50:03,Payment Failure,My payment failed and I do not know why.,negative,10.11
902965,147971,2026-01-17 00:24:35,Account,I need help with my account.,neutral,4.43
902966,119346,2026-03-14 02:11:15,App Performance,The app feels slow and sometimes freezes.,negative,14.22
902967,114805,2026-03-01 00:02:34,App Performance,The app feels slow and sometimes freezes.,negative,9.7
902968,145992,2026-03-18 15:39:26,KYC Issues,I am unable to complete KYC document verification.,negative,24.63
902969,145620,2026-03-21 07:27:06,KYC Issues,I am unable to complete KYC document verification.,negative,12.78
902970,149166,2026-02-12 11:06:31,App Performance,The app feels slow and sometimes freezes.,negative,7.6
902971,128280,2026-06-03 19:48:10,Rewards,The rewards experience is confusing.,neutral,4.22
902972,138832,2026-05-23 08:45:23,Rewards,The rewards experience is confusing.,neutral,9.25
902973,129277,2026-02-13 03:43:30,Rewards,The rewards experience is confusing.,neutral,14.48
902974,127489,2026-06-09 03:05:31,Account,I need help with my account.,neutral,9.05
902975,143006,2026-03-22 11:36:52,App Performance,The app feels slow and sometimes freezes.,negative,16.76
902976,110497,2026-02-14 11:50:42,Rewards,The rewards experience is confusing.,neutral,3.17
902977,142663,2026-02-06 22:50:27,Payment Failure,My payment failed and I do not know why.,negative,4.4
902978,105529,2026-02-13 17:45:27,Account,I need help with my account.,neutral,4.28
902979,135388,2026-03-11 08:08:53,Payment Failure,My payment failed and I do not know why.,negative,6.96
902980,131209,2026-03-27 05:59:50,Account,I need help with my account.,neutral,12.6
902981,140988,2026-06-12 14:30:08,Payment Failure,My payment failed and I do not know why.,negative,4.62
902982,121333,2026-06-30 23:59:59,KYC Issues,I am unable to complete KYC document verification.,negative,14.16
902983,103403,2026-04-11 16:48:49,Account,I need help with my account.,neutral,19.72
902984,107781,2026-04-23 04:03:52,KYC Issues,I am unable to complete KYC document verification.,negative,3.26
902985,127136,2026-03-13 21:20:27,Payment Failure,My payment failed and I do not know why.,negative,2.65
902986,145930,2026-06-30 23:59:59,Account,I need help with my account.,neutral,24.46
902987,125716,2026-03-09 11:18:34,App Performance,The app feels slow and sometimes freezes.,negative,5.63
902988,122230,2026-05-31 22:07:50,App Performance,The app feels slow and sometimes freezes.,negative,14.8
902989,100483,2026-06-07 16:12:00,Account,I need help with my account.,neutral,5.81
902990,128662,2026-02-17 20:15:53,Rewards,The rewards experience is confusing.,neutral,0.81
902991,114182,2026-06-17 11:00:35,Payment Failure,My payment failed and I do not know why.,negative,9.76
902992,139685,2026-02-06 14:13:34,Account,I need help with my account.,neutral,7.3
902993,108791,2026-05-03 18:57:23,App Performance,The app feels slow and sometimes freezes.,negative,13.51
902994,138979,2026-02-06 01:46:41,Payment Failure,My payment failed and I do not know why.,negative,19.22
902995,140402,2026-05-12 07:43:30,App Performance,The app feels slow and sometimes freezes.,negative,10.11
902996,102875,2026-02-23 23:32:01,Payment Failure,My payment failed and I do not know why.,negative,7.05
902997,145436,2026-06-30 23:59:59,App Performance,The app feels slow and sometimes freezes.,negative,3.65
902998,122604,2026-03-20 12:50:09,Rewards,The rewards experience is confusing.,neutral,16.78
902999,137028,2026-05-10 03:04:47,Payment Failure,My payment failed and I do not know why.,negative,18.12
903000,144394,2026-06-30 23:59:59,KYC Issues,I am unable to complete KYC document verification.,negative,1.69
903001,104216,2026-06-08 21:08:08,App Performance,The app feels slow and sometimes freezes.,negative,10.27
903002,133068,2026-05-06 20:26:55,App Performance,The app feels slow and sometimes freezes.,negative,5.49
903003,113592,2026-06-08 01:50:23,KYC Issues,I am unable to complete KYC document verification.,negative,16.0
903004,144341,2026-03-09 00:55:53,KYC Issues,I am unable to complete KYC document verification.,negative,10.25
903005,138870,2026-04-25 11:58:22,Payment Failure,My payment failed and I do not know why.,negative,7.15
903006,146869,2026-04-24 08:45:36,Account,I need help with my account.,neutral,7.4
903007,100374,2026-06-08 16:14:13,KYC Issues,I am unable to complete KYC document verification.,negative,6.19
903008,148582,2026-06-25 15:54:33,App Performance,The app feels slow and sometimes freezes.,negative,2.4
903009,139617,2026-06-06 20:59:05,Account,I need help with my account.,neutral,24.54
903010,127089,2026-04-09 04:22:18,Account,I need help with my account.,neutral,4.68
903011,132025,2026-06-15 11:12:21,Account,I need help with my account.,neutral,14.01
903012,121635,2026-05-10 19:16:50,App Performance,The app feels slow and sometimes freezes.,negative,4.67
903013,104580,2026-04-28 10:02:27,Account,I need help with my account.,neutral,12.62
903014,139393,2026-03-15 08:01:55,Payment Failure,My payment failed and I do not know why.,negative,15.09
903015,117783,2026-02-23 19:11:52,Account,I need help with my account.,neutral,12.12
903016,140303,2026-03-05 02:25:13,App Performance,The app feels slow and sometimes freezes.,negative,11.37
903017,119517,2026-02-21 07:00:56,Account,I need help with my account.,neutral,13.38
903018,128310,2026-02-10 21:58:35,Payment Failure,My payment failed and I do not know why.,negative,3.95
903019,112618,2026-06-16 05:14:22,App Performance,The app feels slow and sometimes freezes.,negative,1.26
903020,135499,2026-01-25 00:22:37,KYC Issues,I am unable to complete KYC document verification.,negative,2.57
903021,135885,2026-06-30 23:59:59,Rewards,The rewards experience is confusing.,neutral,7.44
903022,131745,2026-03-19 19:49:20,App Performance,The app feels slow and sometimes freezes.,negative,7.18
903023,148721,2026-06-18 11:27:17,Payment Failure,My payment failed and I do not know why.,negative,7.12
903024,113912,2026-05-23 10:53:09,KYC Issues,I am unable to complete KYC document verification.,negative,7.72
903025,107095,2026-06-30 23:59:59,KYC Issues,I am unable to complete KYC document verification.,negative,12.31
903026,115401,2026-06-10 07:01:54,KYC Issues,I am unable to complete KYC document verification.,negative,3.76
903027,142130,2026-02-04 17:05:10,Account,I need help with my account.,neutral,17.68
903028,129298,2026-03-14 02:29:11,Account,I need help with my account.,neutral,13.61
903029,133130,2026-05-31 04:41:08,Rewards,The rewards experience is confusing.,neutral,13.29
903030,129117,2026-04-14 22:14:51,Payment Failure,My payment failed and I do not know why.,negative,5.66
903031,107688,2026-03-20 04:28:33,Payment Failure,My payment failed and I do not know why.,negative,31.5
903032,145115,2026-05-07 06:59:27,KYC Issues,I am unable to complete KYC document verification.,negative,13.19
903033,100063,2026-06-27 09:10:29,KYC Issues,I am unable to complete KYC document verification.,negative,44.18
903034,125110,2026-05-03 18:06:24,KYC Issues,I am unable to complete KYC document verification.,negative,20.47
903035,112025,2026-02-12 08:16:51,Account,I need help with my account.,neutral,5.14
903036,137596,2026-06-06 01:51:38,Payment Failure,My payment failed and I do not know why.,negative,5.65
903037,107893,2026-01-22 21:52:22,Account,I need help with my account.,neutral,9.59
903038,120266,2026-03-01 08:22:59,Payment Failure,My payment failed and I do not know why.,negative,1.76
903039,149707,2026-05-13 11:10:46,Payment Failure,My payment failed and I do not know why.,negative,14.22
903040,147293,2026-05-10 10:35:06,KYC Issues,I am unable to complete KYC document verification.,negative,11.66
903041,122682,2026-02-18 21:32:11,Rewards,The rewards experience is confusing.,neutral,15.47
903042,129910,2026-03-28 18:01:31,KYC Issues,I am unable to complete KYC document verification.,negative,5.44
903043,102386,2026-05-13 04:44:54,Account,I need help with my account.,neutral,9.54
903044,125885,2026-06-22 17:37:36,KYC Issues,I am unable to complete KYC document verification.,negative,19.51
903045,103185,2026-05-25 14:30:02,App Performance,The app feels slow and sometimes freezes.,negative,2.6
903046,121753,2026-02-24 11:43:28,Account,I need help with my account.,neutral,18.59
903047,108359,2026-06-30 23:59:59,KYC Issues,I am unable to complete KYC document verification.,negative,6.6
903048,104996,2026-06-08 13:31:19,KYC Issues,I am unable to complete KYC document verification.,negative,9.78
903049,119991,2026-06-15 09:02:32,Rewards,The rewards experience is confusing.,neutral,8.58
903050,137219,2026-05-20 13:45:39,App Performance,The app feels slow and sometimes freezes.,negative,2.31
903051,145048,2026-04-01 12:05:47,KYC Issues,I am unable to complete KYC document verification.,negative,11.23
903052,113735,2026-05-02 12:41:51,Account,I need help with my account.,neutral,21.08
903053,106112,2026-02-19 16:22:29,KYC Issues,I am unable to complete KYC document verification.,negative,12.1
903054,105374,2026-02-01 04:50:12,Account,I need help with my account.,neutral,7.68
903055,142275,2026-04-30 06:29:12,Account,I need help with my account.,neutral,2.01
903056,112432,2026-04-20 14:32:28,KYC Issues,I am unable to complete KYC document verification.,negative,14.65
903057,107919,2026-02-09 01:33:10,Account,I need help with my account.,neutral,3.87
903058,135812,2026-01-29 15:02:02,Account,I need help with my account.,neutral,12.9
903059,137631,2026-04-30 00:34:07,App Performance,The app feels slow and sometimes freezes.,negative,15.85
903060,112141,2026-02-03 18:36:49,Payment Failure,My payment failed and I do not know why.,negative,11.87
903061,139635,2026-01-23 10:38:11,App Performance,The app feels slow and sometimes freezes.,negative,16.28
903062,109646,2026-05-19 14:42:56,Account,I need help with my account.,neutral,4.18
903063,143842,2026-02-19 02:28:36,Payment Failure,My payment failed and I do not know why.,negative,15.47
903064,136449,2026-04-24 04:56:54,Account,I need help with my account.,neutral,4.43
903065,125314,2026-06-03 20:43:34,App Performance,The app feels slow and sometimes freezes.,negative,10.2
903066,146536,2026-02-01 01:27:25,Rewards,The rewards experience is confusing.,neutral,8.65
903067,105305,2026-04-12 23:51:54,KYC Issues,I am unable to complete KYC document verification.,negative,1.85
903068,138770,2026-05-08 14:20:19,Account,I need help with my account.,neutral,5.59
903069,122446,2026-06-30 23:59:59,KYC Issues,I am unable to complete KYC document verification.,negative,6.83
903070,110325,2026-02-04 03:56:28,App Performance,The app feels slow and sometimes freezes.,negative,7.57
903071,137747,2026-05-14 00:16:17,App Performance,The app feels slow and sometimes freezes.,negative,3.43
903072,141365,2026-05-25 23:21:19,Payment Failure,My payment failed and I do not know why.,negative,15.99
903073,103181,2026-04-08 15:01:11,Rewards,The rewards experience is confusing.,neutral,10.92
903074,129110,2026-03-13 19:29:21,Rewards,The rewards experience is confusing.,neutral,5.27
903075,126630,2026-06-20 01:56:05,Rewards,The rewards experience is confusing.,neutral,21.28
903076,117021,2026-05-12 17:57:54,Payment Failure,My payment failed and I do not know why.,negative,17.37
903077,104615,2026-01-18 10:49:15,Payment Failure,My payment failed and I do not know why.,negative,1.72
903078,130559,2026-03-21 19:27:31,Payment Failure,My payment failed and I do not know why.,negative,5.59
903079,100429,2026-05-16 21:03:46,Payment Failure,My payment failed and I do not know why.,negative,5.47
903080,145145,2026-05-04 00:53:56,Payment Failure,My payment failed and I do not know why.,negative,8.12
903081,136166,2026-02-14 18:13:34,Account,I need help with my account.,neutral,7.49
903082,146192,2026-03-30 12:42:24,KYC Issues,I am unable to complete KYC document verification.,negative,11.42
903083,143339,2026-04-06 20:55:58,App Performance,The app feels slow and sometimes freezes.,negative,5.25
903084,121862,2026-01-17 12:05:28,Rewards,The rewards experience is confusing.,neutral,4.92
903085,124212,2026-06-03 11:33:15,KYC Issues,I am unable to complete KYC document verification.,negative,1.29
903086,110366,2026-01-31 14:15:49,Rewards,The rewards experience is confusing.,neutral,5.61
903087,139273,2026-03-21 08:34:11,App Performance,The app feels slow and sometimes freezes.,negative,5.56
903088,133413,2026-06-30 23:59:59,App Performance,The app feels slow and sometimes freezes.,negative,6.38
903089,120850,2026-03-06 23:46:02,App Performance,The app feels slow and sometimes freezes.,negative,20.48
903090,116843,2026-06-04 16:11:34,Payment Failure,My payment failed and I do not know why.,negative,4.64
903091,109999,2026-02-18 05:27:03,Account,I need help with my account.,neutral,4.45
903092,123187,2026-06-15 08:12:08,Payment Failure,My payment failed and I do not know why.,negative,6.8
903093,107498,2026-03-11 03:54:58,Rewards,The rewards experience is confusing.,neutral,8.83
903094,105460,2026-04-02 11:18:04,Rewards,The rewards experience is confusing.,neutral,13.93
903095,104574,2026-02-19 08:43:18,Payment Failure,My payment failed and I do not know why.,negative,20.8
903096,108172,2026-03-05 12:58:21,Payment Failure,My payment failed and I do not know why.,negative,3.97
903097,133840,2026-01-20 07:33:49,Rewards,The rewards experience is confusing.,neutral,15.22
903098,123589,2026-01-23 14:15:20,Payment Failure,My payment failed and I do not know why.,negative,19.88
903099,141913,2026-06-13 10:20:23,Payment Failure,My payment failed and I do not know why.,negative,1.53
903100,107295,2026-04-20 14:58:26,Account,I need help with my account.,neutral,8.74
903101,125914,2026-06-03 05:03:27,Payment Failure,My payment failed and I do not know why.,negative,8.7
903102,116358,2026-04-09 14:34:52,Payment Failure,My payment failed and I do not know why.,negative,2.79
903103,136330,2026-03-10 13:07:26,Account,I need help with my account.,neutral,6.35
903104,146763,2026-06-28 07:00:51,Rewards,The rewards experience is confusing.,neutral,11.75
903105,113264,2026-01-25 08:16:19,KYC Issues,I am unable to complete KYC document verification.,negative,16.65
903106,133511,2026-06-14 19:48:43,App Performance,The app feels slow and sometimes freezes.,negative,6.7
903107,144106,2026-06-11 03:54:07,Payment Failure,My payment failed and I do not know why.,negative,15.0
903108,111193,2026-04-10 18:47:06,Rewards,The rewards experience is confusing.,neutral,20.67
903109,127639,2026-06-15 23:52:52,App Performance,The app feels slow and sometimes freezes.,negative,3.27
903110,135306,2026-06-21 08:40:27,App Performance,The app feels slow and sometimes freezes.,negative,4.45
903111,117715,2026-05-26 02:01:54,Account,I need help with my account.,neutral,9.87
903112,132664,2026-03-17 01:52:34,App Performance,The app feels slow and sometimes freezes.,negative,11.98
903113,113168,2026-02-17 08:29:35,KYC Issues,I am unable to complete KYC document verification.,negative,3.51
903114,125291,2026-01-24 18:10:55,Rewards,The rewards experience is confusing.,neutral,9.51
903115,127402,2026-04-08 17:12:32,KYC Issues,I am unable to complete KYC document verification.,negative,1.48
903116,112458,2026-03-17 08:06:38,Payment Failure,My payment failed and I do not know why.,negative,22.97
903117,102186,2026-04-03 01:47:07,Payment Failure,My payment failed and I do not know why.,negative,6.04
903118,137088,2026-04-01 02:44:17,App Performance,The app feels slow and sometimes freezes.,negative,10.26
903119,121359,2026-02-17 22:54:12,Rewards,The rewards experience is confusing.,neutral,2.97
903120,140554,2026-03-17 05:29:33,App Performance,The app feels slow and sometimes freezes.,negative,8.9
903121,125254,2026-02-16 01:28:59,Account,I need help with my account.,neutral,0.7
903122,102495,2026-02-08 09:25:17,App Performance,The app feels slow and sometimes freezes.,negative,1.85
903123,111033,2026-02-22 10:49:36,Rewards,The rewards experience is confusing.,neutral,4.42
903124,113612,2026-03-17 13:21:44,Rewards,The rewards experience is confusing.,neutral,6.93
903125,126445,2026-04-11 15:01:06,Account,I need help with my account.,neutral,3.79
903126,141258,2026-01-28 06:14:07,KYC Issues,I am unable to complete KYC document verification.,negative,14.56
903127,111763,2026-06-21 12:51:17,KYC Issues,I am unable to complete KYC document verification.,negative,9.86
903128,105236,2026-04-22 00:48:25,Account,I need help with my account.,neutral,2.3
903129,105764,2026-01-24 00:47:41,Rewards,The rewards experience is confusing.,neutral,28.44
903130,119733,2026-01-12 09:16:09,KYC Issues,I am unable to complete KYC document verification.,negative,7.16
903131,139018,2026-01-28 21:05:50,Rewards,The rewards experience is confusing.,neutral,5.98
903132,136079,2026-06-24 05:55:31,Account,I need help with my account.,neutral,12.98
903133,144768,2026-04-17 10:19:45,Rewards,The rewards experience is confusing.,neutral,7.74
903134,128281,2026-02-22 15:11:05,Account,I need help with my account.,neutral,13.52
903135,146355,2026-03-20 16:43:57,KYC Issues,I am unable to complete KYC document verification.,negative,8.7
903136,142759,2026-05-31 12:10:39,Rewards,The rewards experience is confusing.,neutral,5.59
903137,148921,2026-02-05 02:24:31,Rewards,The rewards experience is confusing.,neutral,15.48
903138,147079,2026-05-12 16:14:53,KYC Issues,I am unable to complete KYC document verification.,negative,10.65
903139,118152,2026-03-27 05:54:41,KYC Issues,I am unable to complete KYC document verification.,negative,8.64
903140,141441,2026-02-21 19:09:51,KYC Issues,I am unable to complete KYC document verification.,negative,5.41
903141,118347,2026-05-05 03:14:54,Rewards,The rewards experience is confusing.,neutral,12.03
903142,121523,2026-06-08 16:02:46,Rewards,The rewards experience is confusing.,neutral,4.53
903143,139093,2026-03-29 18:55:36,Payment Failure,My payment failed and I do not know why.,negative,6.18
903144,129609,2026-03-06 01:44:27,KYC Issues,I am unable to complete KYC document verification.,negative,14.94
903145,119137,2026-02-10 19:31:28,Payment Failure,My payment failed and I do not know why.,negative,7.02
903146,109385,2026-06-13 16:40:51,KYC Issues,I am unable to complete KYC document verification.,negative,11.96
903147,121113,2026-02-14 09:28:10,KYC Issues,I am unable to complete KYC document verification.,negative,2.28
903148,143031,2026-06-30 23:59:59,KYC Issues,I am unable to complete KYC document verification.,negative,9.32
903149,116159,2026-03-08 13:43:21,KYC Issues,I am unable to complete KYC document verification.,negative,8.64
903150,124593,2026-02-14 11:40:52,Payment Failure,My payment failed and I do not know why.,negative,6.06
903151,127462,2026-04-01 19:08:50,Account,I need help with my account.,neutral,15.28
903152,110167,2026-02-04 23:03:46,App Performance,The app feels slow and sometimes freezes.,negative,1.32
903153,134916,2026-03-01 03:41:48,App Performance,The app feels slow and sometimes freezes.,negative,1.41
903154,134138,2026-06-28 14:50:45,Account,I need help with my account.,neutral,16.0
903155,131231,2026-05-17 14:22:14,Rewards,The rewards experience is confusing.,neutral,5.69
903156,144958,2026-01-16 15:20:37,Payment Failure,My payment failed and I do not know why.,negative,6.92
903157,103031,2026-02-09 10:34:46,App Performance,The app feels slow and sometimes freezes.,negative,3.03
903158,129207,2026-04-20 01:56:13,KYC Issues,I am unable to complete KYC document verification.,negative,7.16
903159,131461,2026-03-17 02:55:36,Payment Failure,My payment failed and I do not know why.,negative,9.1
903160,140777,2026-04-22 01:10:28,KYC Issues,I am unable to complete KYC document verification.,negative,14.65
903161,143706,2026-06-16 05:29:32,App Performance,The app feels slow and sometimes freezes.,negative,7.7
903162,128615,2026-06-30 23:59:59,Account,I need help with my account.,neutral,8.25
903163,130871,2026-02-20 03:32:49,KYC Issues,I am unable to complete KYC document verification.,negative,16.14
903164,109069,2026-04-28 13:50:17,Payment Failure,My payment failed and I do not know why.,negative,2.55
903165,122922,2026-06-30 23:59:59,Rewards,The rewards experience is confusing.,neutral,11.5
903166,136212,2026-06-07 04:15:54,Payment Failure,My payment failed and I do not know why.,negative,6.25
903167,130421,2026-04-20 09:27:37,Rewards,The rewards experience is confusing.,neutral,4.0
903168,103228,2026-04-14 11:31:55,Account,I need help with my account.,neutral,7.33
903169,144490,2026-05-24 05:13:39,App Performance,The app feels slow and sometimes freezes.,negative,5.14
903170,125420,2026-06-03 05:05:23,KYC Issues,I am unable to complete KYC document verification.,negative,4.86
903171,132344,2026-05-28 12:57:10,Account,I need help with my account.,neutral,4.65
903172,130373,2026-05-06 16:03:17,KYC Issues,I am unable to complete KYC document verification.,negative,10.36
903173,118380,2026-06-15 17:46:47,KYC Issues,I am unable to complete KYC document verification.,negative,6.11
903174,135716,2026-02-24 05:09:01,Account,I need help with my account.,neutral,12.98
903175,143932,2026-04-20 21:54:45,App Performance,The app feels slow and sometimes freezes.,negative,21.45
903176,105708,2026-03-17 09:21:32,KYC Issues,I am unable to complete KYC document verification.,negative,4.73
903177,149578,2026-02-19 00:12:54,Payment Failure,My payment failed and I do not know why.,negative,7.07
903178,126773,2026-06-04 12:32:54,Rewards,The rewards experience is confusing.,neutral,6.75
903179,137655,2026-02-03 21:45:31,Account,I need help with my account.,neutral,8.1
903180,100386,2026-01-13 08:46:37,Payment Failure,My payment failed and I do not know why.,negative,0.95
903181,139191,2026-03-08 10:55:36,Account,I need help with my account.,neutral,7.49
903182,103376,2026-06-30 23:59:59,KYC Issues,I am unable to complete KYC document verification.,negative,3.83
903183,129725,2026-06-12 15:58:26,KYC Issues,I am unable to complete KYC document verification.,negative,15.06
903184,118893,2026-05-06 22:24:08,Account,I need help with my account.,neutral,11.6
903185,130062,2026-03-31 04:21:02,KYC Issues,I am unable to complete KYC document verification.,negative,5.08
903186,103864,2026-01-23 03:41:48,Account,I need help with my account.,neutral,18.85
903187,143116,2026-03-18 16:06:32,Account,I need help with my account.,neutral,18.44
903188,107210,2026-06-30 23:59:59,Rewards,The rewards experience is confusing.,neutral,9.13
903189,103367,2026-04-09 01:22:28,App Performance,The app feels slow and sometimes freezes.,negative,5.5
903190,114442,2026-03-20 14:39:00,KYC Issues,I am unable to complete KYC document verification.,negative,4.86
903191,115971,2026-06-04 23:15:41,KYC Issues,I am unable to complete KYC document verification.,negative,8.19
903192,145343,2026-05-10 04:17:16,KYC Issues,I am unable to complete KYC document verification.,negative,1.35
903193,106076,2026-02-12 21:37:59,Payment Failure,My payment failed and I do not know why.,negative,22.65
903194,132811,2026-02-15 04:25:47,App Performance,The app feels slow and sometimes freezes.,negative,19.82
903195,147849,2026-02-16 22:52:05,KYC Issues,I am unable to complete KYC document verification.,negative,2.91
903196,138202,2026-02-16 13:39:55,Payment Failure,My payment failed and I do not know why.,negative,6.47
903197,132662,2026-04-18 06:07:54,KYC Issues,I am unable to complete KYC document verification.,negative,5.11
903198,102096,2026-05-17 19:07:10,KYC Issues,I am unable to complete KYC document verification.,negative,16.13
903199,128781,2026-05-24 12:57:18,Rewards,The rewards experience is confusing.,neutral,3.86
903200,142963,2026-04-12 09:25:35,App Performance,The app feels slow and sometimes freezes.,negative,15.97
903201,131466,2026-06-30 23:59:59,App Performance,The app feels slow and sometimes freezes.,negative,6.61
903202,103759,2026-04-10 12:36:09,App Performance,The app feels slow and sometimes freezes.,negative,8.79
903203,130137,2026-04-04 14:16:58,App Performance,The app feels slow and sometimes freezes.,negative,11.94
903204,113343,2026-03-15 10:37:51,Payment Failure,My payment failed and I do not know why.,negative,23.56
903205,137834,2026-05-06 20:49:37,Payment Failure,My payment failed and I do not know why.,negative,5.28
903206,116919,2026-06-20 04:07:31,Payment Failure,My payment failed and I do not know why.,negative,18.82
903207,126793,2026-06-20 12:24:21,Payment Failure,My payment failed and I do not know why.,negative,2.19
903208,128792,2026-04-23 22:24:13,KYC Issues,I am unable to complete KYC document verification.,negative,17.46
903209,146386,2026-03-19 19:44:52,Rewards,The rewards experience is confusing.,neutral,0.82
903210,147795,2026-01-14 03:49:39,Payment Failure,My payment failed and I do not know why.,negative,1.95
903211,113675,2026-03-26 20:54:01,App Performance,The app feels slow and sometimes freezes.,negative,7.14
903212,119394,2026-01-20 02:38:14,App Performance,The app feels slow and sometimes freezes.,negative,5.74
903213,116766,2026-05-18 00:31:41,Account,I need help with my account.,neutral,24.6
903214,111314,2026-05-20 05:49:26,Account,I need help with my account.,neutral,4.48
903215,146457,2026-01-28 09:03:40,KYC Issues,I am unable to complete KYC document verification.,negative,30.89
903216,122609,2026-04-17 21:11:24,KYC Issues,I am unable to complete KYC document verification.,negative,7.71
903217,108921,2026-06-25 19:17:40,Payment Failure,My payment failed and I do not know why.,negative,12.82
903218,101282,2026-05-31 18:22:06,Account,I need help with my account.,neutral,4.23
903219,146450,2026-02-19 23:38:10,Account,I need help with my account.,neutral,15.55
903220,133864,2026-03-21 02:42:08,Payment Failure,My payment failed and I do not know why.,negative,7.64
903221,109065,2026-05-21 02:33:38,KYC Issues,I am unable to complete KYC document verification.,negative,22.47
903222,139822,2026-05-18 16:11:19,KYC Issues,I am unable to complete KYC document verification.,negative,6.54
903223,123078,2026-03-22 09:17:55,App Performance,The app feels slow and sometimes freezes.,negative,9.51
903224,124066,2026-01-24 03:02:07,App Performance,The app feels slow and sometimes freezes.,negative,9.93
903225,100915,2026-05-02 18:48:11,Account,I need help with my account.,neutral,5.42
903226,122126,2026-04-15 00:32:58,Payment Failure,My payment failed and I do not know why.,negative,3.28
903227,123365,2026-05-24 00:34:12,App Performance,The app feels slow and sometimes freezes.,negative,10.64
903228,131432,2026-02-04 00:48:14,App Performance,The app feels slow and sometimes freezes.,negative,5.37
903229,126750,2026-01-30 12:27:26,Payment Failure,My payment failed and I do not know why.,negative,8.1
903230,133780,2026-02-17 03:02:48,App Performance,The app feels slow and sometimes freezes.,negative,7.69
903231,141928,2026-05-22 06:58:09,KYC Issues,I am unable to complete KYC document verification.,negative,1.29
903232,117472,2026-02-11 16:08:35,KYC Issues,I am unable to complete KYC document verification.,negative,13.51
903233,119316,2026-04-12 03:14:44,KYC Issues,I am unable to complete KYC document verification.,negative,9.37
903234,144429,2026-05-14 06:27:30,Payment Failure,My payment failed and I do not know why.,negative,5.28
903235,132657,2026-05-13 15:22:41,Payment Failure,My payment failed and I do not know why.,negative,10.81
903236,136918,2026-03-19 14:37:43,Rewards,The rewards experience is confusing.,neutral,18.86
903237,100899,2026-01-24 09:07:22,KYC Issues,I am unable to complete KYC document verification.,negative,7.15
903238,123559,2026-05-20 21:27:04,Payment Failure,My payment failed and I do not know why.,negative,10.34
903239,146238,2026-06-01 11:52:56,Rewards,The rewards experience is confusing.,neutral,1.84
903240,140171,2026-04-22 18:55:51,Rewards,The rewards experience is confusing.,neutral,3.39
903241,123308,2026-03-30 02:58:11,App Performance,The app feels slow and sometimes freezes.,negative,6.07
903242,117629,2026-06-12 14:59:36,Rewards,The rewards experience is confusing.,neutral,4.27
903243,117519,2026-01-29 11:25:07,Account,I need help with my account.,neutral,8.68
903244,100972,2026-03-27 14:30:58,Payment Failure,My payment failed and I do not know why.,negative,32.92
903245,135853,2026-06-10 03:08:03,Rewards,The rewards experience is confusing.,neutral,2.6
903246,112131,2026-01-13 22:53:37,Rewards,The rewards experience is confusing.,neutral,17.33
903247,111462,2026-03-23 03:20:45,Payment Failure,My payment failed and I do not know why.,negative,5.66
903248,118695,2026-06-14 02:15:45,Payment Failure,My payment failed and I do not know why.,negative,3.05
903249,144136,2026-03-04 10:23:49,KYC Issues,I am unable to complete KYC document verification.,negative,18.4
903250,111049,2026-04-01 07:51:08,App Performance,The app feels slow and sometimes freezes.,negative,15.6
903251,118127,2026-06-30 23:59:59,Payment Failure,My payment failed and I do not know why.,negative,0.36
903252,106527,2026-04-29 03:57:32,KYC Issues,I am unable to complete KYC document verification.,negative,4.47
903253,135963,2026-06-18 12:25:13,Account,I need help with my account.,neutral,15.73
903254,102133,2026-04-10 07:59:35,Rewards,The rewards experience is confusing.,neutral,5.6
903255,132291,2026-05-21 08:22:48,Account,I need help with my account.,neutral,18.36
903256,111225,2026-02-01 01:56:49,App Performance,The app feels slow and sometimes freezes.,negative,11.57
903257,149691,2026-02-10 15:40:05,Payment Failure,My payment failed and I do not know why.,negative,9.88
903258,102373,2026-05-03 18:09:50,Payment Failure,My payment failed and I do not know why.,negative,7.37
903259,119000,2026-06-16 20:47:05,App Performance,The app feels slow and sometimes freezes.,negative,8.04
903260,106485,2026-01-24 05:23:48,KYC Issues,I am unable to complete KYC document verification.,negative,10.57
903261,118254,2026-04-07 10:19:02,Payment Failure,My payment failed and I do not know why.,negative,9.52
903262,138924,2026-06-30 23:59:59,Account,I need help with my account.,neutral,5.4
903263,108616,2026-05-24 04:54:22,Payment Failure,My payment failed and I do not know why.,negative,10.16
903264,128323,2026-03-13 21:38:48,Account,I need help with my account.,neutral,8.6
903265,136524,2026-05-06 16:37:44,Payment Failure,My payment failed and I do not know why.,negative,13.2
903266,108579,2026-03-21 15:46:46,App Performance,The app feels slow and sometimes freezes.,negative,14.98
903267,142514,2026-04-23 12:40:35,KYC Issues,I am unable to complete KYC document verification.,negative,9.45
903268,108021,2026-05-21 05:08:10,KYC Issues,I am unable to complete KYC document verification.,negative,5.22
903269,147345,2026-04-15 21:16:42,Payment Failure,My payment failed and I do not know why.,negative,7.36
903270,139101,2026-02-24 08:51:28,Account,I need help with my account.,neutral,6.0
903271,138367,2026-04-19 12:53:08,KYC Issues,I am unable to complete KYC document verification.,negative,6.57
903272,101013,2026-04-26 13:07:29,App Performance,The app feels slow and sometimes freezes.,negative,19.28
903273,102248,2026-04-11 09:43:33,Account,I need help with my account.,neutral,8.25
903274,121318,2026-04-11 04:12:03,Payment Failure,My payment failed and I do not know why.,negative,14.42
903275,144843,2026-01-28 14:47:13,Account,I need help with my account.,neutral,10.31
903276,133284,2026-03-11 02:07:15,Account,I need help with my account.,neutral,16.44
903277,137639,2026-06-02 06:04:31,Payment Failure,My payment failed and I do not know why.,negative,3.16
903278,141587,2026-06-15 09:35:19,Payment Failure,My payment failed and I do not know why.,negative,3.06
903279,149129,2026-05-09 21:54:18,KYC Issues,I am unable to complete KYC document verification.,negative,25.47
903280,148363,2026-03-23 05:18:11,Account,I need help with my account.,neutral,6.95
903281,144020,2026-06-02 18:34:51,App Performance,The app feels slow and sometimes freezes.,negative,3.96
903282,120496,2026-05-04 23:35:16,Account,I need help with my account.,neutral,17.49
903283,105568,2026-04-30 08:28:50,Payment Failure,My payment failed and I do not know why.,negative,9.91
903284,111833,2026-06-28 07:18:50,KYC Issues,I am unable to complete KYC document verification.,negative,9.04
903285,138331,2026-03-07 02:15:17,Account,I need help with my account.,neutral,17.96
903286,132212,2026-06-30 23:59:59,KYC Issues,I am unable to complete KYC document verification.,negative,1.51
903287,125616,2026-03-18 01:24:50,Rewards,The rewards experience is confusing.,neutral,3.27
903288,144932,2026-03-12 05:16:54,KYC Issues,I am unable to complete KYC document verification.,negative,5.57
903289,100232,2026-01-24 12:43:16,Rewards,The rewards experience is confusing.,neutral,4.09
903290,138515,2026-03-22 02:35:36,Rewards,The rewards experience is confusing.,neutral,3.86
903291,141664,2026-04-10 02:09:46,Payment Failure,My payment failed and I do not know why.,negative,2.97
903292,105978,2026-05-26 00:17:00,KYC Issues,I am unable to complete KYC document verification.,negative,10.87
903293,106649,2026-01-31 10:49:29,Rewards,The rewards experience is confusing.,neutral,11.11
903294,140880,2026-04-19 08:18:02,Account,I need help with my account.,neutral,3.9
903295,137519,2026-02-25 23:03:53,Account,I need help with my account.,neutral,13.06
903296,117610,2026-06-18 06:47:38,KYC Issues,I am unable to complete KYC document verification.,negative,20.97
903297,128060,2026-02-17 17:14:42,Payment Failure,My payment failed and I do not know why.,negative,11.97
903298,112258,2026-06-02 23:34:34,App Performance,The app feels slow and sometimes freezes.,negative,8.9
903299,123746,2026-04-20 00:34:25,App Performance,The app feels slow and sometimes freezes.,negative,1.39
903300,121357,2026-03-23 14:52:34,KYC Issues,I am unable to complete KYC document verification.,negative,8.95
903301,102894,2026-04-19 00:58:21,App Performance,The app feels slow and sometimes freezes.,negative,11.76
903302,124415,2026-03-09 14:14:19,Rewards,The rewards experience is confusing.,neutral,5.86
903303,114230,2026-06-30 23:59:59,Account,I need help with my account.,neutral,6.92
903304,123400,2026-03-29 23:04:25,Rewards,The rewards experience is confusing.,neutral,31.02
903305,102639,2026-01-24 19:29:53,App Performance,The app feels slow and sometimes freezes.,negative,9.72
903306,147262,2026-05-18 21:29:19,App Performance,The app feels slow and sometimes freezes.,negative,8.58
903307,110152,2026-06-10 10:41:22,Account,I need help with my account.,neutral,19.53
903308,145311,2026-01-20 13:21:16,KYC Issues,I am unable to complete KYC document verification.,negative,5.87
903309,114418,2026-05-08 10:17:24,Account,I need help with my account.,neutral,3.33
903310,139357,2026-05-22 21:06:37,KYC Issues,I am unable to complete KYC document verification.,negative,8.7
903311,130251,2026-02-22 09:33:45,Payment Failure,My payment failed and I do not know why.,negative,11.67
903312,128593,2026-03-01 14:17:05,App Performance,The app feels slow and sometimes freezes.,negative,6.75
903313,148389,2026-02-28 23:07:58,KYC Issues,I am unable to complete KYC document verification.,negative,4.66
903314,121211,2026-06-24 03:49:04,Account,I need help with my account.,neutral,3.55
903315,142733,2026-05-03 14:00:07,App Performance,The app feels slow and sometimes freezes.,negative,6.21
903316,110971,2026-03-18 07:57:14,Payment Failure,My payment failed and I do not know why.,negative,12.09
903317,131538,2026-05-24 15:01:35,App Performance,The app feels slow and sometimes freezes.,negative,1.91
903318,126534,2026-03-25 14:34:00,Payment Failure,My payment failed and I do not know why.,negative,32.49
903319,129312,2026-02-16 16:59:50,Account,I need help with my account.,neutral,15.72
903320,136836,2026-05-31 16:24:53,App Performance,The app feels slow and sometimes freezes.,negative,2.92
903321,105932,2026-02-11 22:52:18,App Performance,The app feels slow and sometimes freezes.,negative,9.92
903322,103805,2026-03-20 04:52:10,Account,I need help with my account.,neutral,5.77
903323,130203,2026-02-10 10:53:25,Payment Failure,My payment failed and I do not know why.,negative,9.91
903324,133212,2026-01-27 03:06:53,Payment Failure,My payment failed and I do not know why.,negative,7.46
903325,148170,2026-01-31 03:35:29,Payment Failure,My payment failed and I do not know why.,negative,13.92
903326,102981,2026-06-14 01:45:46,KYC Issues,I am unable to complete KYC document verification.,negative,1.97
903327,116786,2026-03-30 23:50:34,Rewards,The rewards experience is confusing.,neutral,3.51
903328,125498,2026-04-17 16:50:48,Payment Failure,My payment failed and I do not know why.,negative,13.94
903329,103738,2026-02-17 08:26:06,KYC Issues,I am unable to complete KYC document verification.,negative,11.26
903330,131467,2026-04-04 17:40:43,Account,I need help with my account.,neutral,5.44
903331,121681,2026-04-23 05:47:01,Rewards,The rewards experience is confusing.,neutral,1.12
903332,147030,2026-04-02 06:51:54,Payment Failure,My payment failed and I do not know why.,negative,28.09
903333,120993,2026-06-26 06:16:08,Account,I need help with my account.,neutral,4.13
903334,123410,2026-03-17 01:14:34,App Performance,The app feels slow and sometimes freezes.,negative,10.18
903335,104378,2026-02-18 22:19:05,Rewards,The rewards experience is confusing.,neutral,1.16
903336,124848,2026-05-27 22:07:18,Account,I need help with my account.,neutral,12.24
903337,145656,2026-02-17 17:00:13,Rewards,The rewards experience is confusing.,neutral,4.08
903338,142861,2026-04-13 05:00:43,Account,I need help with my account.,neutral,9.34
903339,143942,2026-06-13 00:45:14,Payment Failure,My payment failed and I do not know why.,negative,10.86
903340,103096,2026-01-15 20:01:59,Payment Failure,My payment failed and I do not know why.,negative,13.05
903341,136268,2026-03-09 00:54:23,KYC Issues,I am unable to complete KYC document verification.,negative,8.47
903342,114278,2026-06-30 23:59:59,KYC Issues,I am unable to complete KYC document verification.,negative,3.68
903343,111592,2026-03-23 03:11:15,Rewards,The rewards experience is confusing.,neutral,16.35
903344,144476,2026-02-13 10:31:42,Rewards,The rewards experience is confusing.,neutral,4.67
903345,146566,2026-03-08 09:44:05,Account,I need help with my account.,neutral,16.3
903346,143711,2026-04-22 01:17:24,KYC Issues,I am unable to complete KYC document verification.,negative,10.56
903347,138692,2026-02-23 19:15:11,KYC Issues,I am unable to complete KYC document verification.,negative,2.06
903348,127025,2026-02-05 15:17:34,Rewards,The rewards experience is confusing.,neutral,3.82
903349,138845,2026-05-30 00:38:03,Payment Failure,My payment failed and I do not know why.,negative,6.04
903350,130142,2026-04-09 00:08:13,Payment Failure,My payment failed and I do not know why.,negative,7.61
903351,108395,2026-04-30 21:39:39,App Performance,The app feels slow and sometimes freezes.,negative,23.63
903352,104606,2026-04-09 05:46:39,Payment Failure,My payment failed and I do not know why.,negative,25.25
903353,133052,2026-03-27 06:03:50,Payment Failure,My payment failed and I do not know why.,negative,9.12
903354,135010,2026-04-21 11:45:33,Account,I need help with my account.,neutral,13.38
903355,116696,2026-03-20 00:34:42,Payment Failure,My payment failed and I do not know why.,negative,14.47
903356,124588,2026-06-05 02:30:24,Payment Failure,My payment failed and I do not know why.,negative,4.22
903357,118984,2026-01-12 06:24:40,Payment Failure,My payment failed and I do not know why.,negative,0.9
903358,105716,2026-03-25 19:23:46,Payment Failure,My payment failed and I do not know why.,negative,8.66
903359,134076,2026-06-25 03:22:06,Account,I need help with my account.,neutral,14.19
903360,141052,2026-03-02 22:41:45,Payment Failure,My payment failed and I do not know why.,negative,3.34
903361,122740,2026-06-19 00:14:31,Payment Failure,My payment failed and I do not know why.,negative,5.79
903362,132477,2026-04-08 12:56:32,Payment Failure,My payment failed and I do not know why.,negative,3.75
903363,142199,2026-03-04 03:52:19,KYC Issues,I am unable to complete KYC document verification.,negative,0.72
903364,123866,2026-04-15 11:43:36,Payment Failure,My payment failed and I do not know why.,negative,15.38
903365,148816,2026-05-11 01:44:57,KYC Issues,I am unable to complete KYC document verification.,negative,1.99
903366,142085,2026-06-11 08:03:10,Account,I need help with my account.,neutral,6.4
903367,101877,2026-01-22 10:03:22,KYC Issues,I am unable to complete KYC document verification.,negative,4.21
903368,107790,2026-04-06 06:45:55,Payment Failure,My payment failed and I do not know why.,negative,12.84
903369,104306,2026-05-23 18:46:24,Payment Failure,My payment failed and I do not know why.,negative,14.15
903370,100626,2026-03-11 18:56:34,App Performance,The app feels slow and sometimes freezes.,negative,4.98
903371,139756,2026-01-13 15:50:10,App Performance,The app feels slow and sometimes freezes.,negative,10.81
903372,115001,2026-06-29 05:42:24,Payment Failure,My payment failed and I do not know why.,negative,16.27
903373,115645,2026-03-29 08:17:11,App Performance,The app feels slow and sometimes freezes.,negative,8.5
903374,130603,2026-06-16 13:14:10,Account,I need help with my account.,neutral,4.36
903375,129898,2026-06-30 23:59:59,Account,I need help with my account.,neutral,8.44
903376,134420,2026-01-29 11:08:16,Rewards,The rewards experience is confusing.,neutral,13.88
903377,141101,2026-04-01 09:49:17,KYC Issues,I am unable to complete KYC document verification.,negative,6.84
903378,114033,2026-01-24 00:02:41,Payment Failure,My payment failed and I do not know why.,negative,6.21
903379,119141,2026-02-09 08:59:26,KYC Issues,I am unable to complete KYC document verification.,negative,16.99
903380,135631,2026-03-07 13:29:08,KYC Issues,I am unable to complete KYC document verification.,negative,4.11
903381,148655,2026-04-12 01:20:55,Account,I need help with my account.,neutral,10.34
903382,135023,2026-04-11 04:51:49,Rewards,The rewards experience is confusing.,neutral,6.91
903383,146127,2026-03-15 13:08:44,KYC Issues,I am unable to complete KYC document verification.,negative,12.74
903384,105611,2026-06-24 18:09:33,Payment Failure,My payment failed and I do not know why.,negative,4.6
903385,139232,2026-03-15 01:48:28,Payment Failure,My payment failed and I do not know why.,negative,2.91
903386,110645,2026-02-10 20:00:07,Account,I need help with my account.,neutral,23.34
903387,149989,2026-02-23 11:07:19,Account,I need help with my account.,neutral,10.23
903388,119372,2026-05-11 17:36:19,Account,I need help with my account.,neutral,2.98
903389,135076,2026-03-22 23:01:41,App Performance,The app feels slow and sometimes freezes.,negative,4.35
903390,145172,2026-03-05 18:27:59,Payment Failure,My payment failed and I do not know why.,negative,2.77
903391,104385,2026-02-01 22:40:11,Payment Failure,My payment failed and I do not know why.,negative,25.11
903392,114459,2026-05-13 20:20:58,Account,I need help with my account.,neutral,8.88
903393,116477,2026-03-05 04:12:34,Rewards,The rewards experience is confusing.,neutral,16.21
903394,112762,2026-04-26 01:00:29,App Performance,The app feels slow and sometimes freezes.,negative,5.64
903395,124555,2026-03-22 14:39:22,App Performance,The app feels slow and sometimes freezes.,negative,1.51
903396,120454,2026-06-16 04:44:53,Payment Failure,My payment failed and I do not know why.,negative,7.39
903397,100481,2026-06-17 07:31:38,KYC Issues,I am unable to complete KYC document verification.,negative,12.42
903398,137869,2026-02-07 23:42:40,Payment Failure,My payment failed and I do not know why.,negative,3.86
903399,142002,2026-04-03 19:43:50,Account,I need help with my account.,neutral,21.62
903400,142704,2026-03-15 07:40:51,App Performance,The app feels slow and sometimes freezes.,negative,6.34
903401,138466,2026-02-20 12:15:10,Account,I need help with my account.,neutral,9.96
903402,112981,2026-06-27 22:51:03,KYC Issues,I am unable to complete KYC document verification.,negative,22.08
903403,109734,2026-05-07 20:48:44,KYC Issues,I am unable to complete KYC document verification.,negative,4.2
903404,126183,2026-04-20 02:03:45,Payment Failure,My payment failed and I do not know why.,negative,2.84
903405,128681,2026-06-26 13:24:13,KYC Issues,I am unable to complete KYC document verification.,negative,8.59
903406,115190,2026-04-05 12:50:11,App Performance,The app feels slow and sometimes freezes.,negative,10.1
903407,145947,2026-04-26 18:12:37,App Performance,The app feels slow and sometimes freezes.,negative,0.5
903408,136080,2026-05-24 11:10:04,Payment Failure,My payment failed and I do not know why.,negative,5.93
903409,131256,2026-03-09 04:44:11,KYC Issues,I am unable to complete KYC document verification.,negative,32.07
903410,147127,2026-06-27 18:43:54,Account,I need help with my account.,neutral,15.91
903411,126493,2026-04-10 03:02:11,KYC Issues,I am unable to complete KYC document verification.,negative,11.41
903412,147923,2026-06-30 23:59:59,KYC Issues,I am unable to complete KYC document verification.,negative,9.32
903413,107328,2026-03-08 16:40:32,KYC Issues,I am unable to complete KYC document verification.,negative,19.99
903414,100274,2026-04-13 07:59:27,Account,I need help with my account.,neutral,2.12
903415,129651,2026-03-09 06:18:26,KYC Issues,I am unable to complete KYC document verification.,negative,2.42
903416,132907,2026-01-13 08:05:00,Account,I need help with my account.,neutral,12.91
903417,115040,2026-06-12 11:22:47,Payment Failure,My payment failed and I do not know why.,negative,5.07
903418,123849,2026-03-14 09:35:48,Account,I need help with my account.,neutral,8.39
903419,132854,2026-05-16 00:41:15,Rewards,The rewards experience is confusing.,neutral,14.14
903420,115109,2026-05-03 15:32:59,KYC Issues,I am unable to complete KYC document verification.,negative,4.38
903421,116160,2026-04-02 23:49:38,Payment Failure,My payment failed and I do not know why.,negative,31.37
903422,142475,2026-05-24 13:10:16,KYC Issues,I am unable to complete KYC document verification.,negative,7.75
903423,102175,2026-05-14 05:37:31,App Performance,The app feels slow and sometimes freezes.,negative,11.03
903424,143099,2026-01-30 21:57:48,Rewards,The rewards experience is confusing.,neutral,8.79
903425,126678,2026-05-04 00:50:56,Account,I need help with my account.,neutral,14.62
903426,120125,2026-05-08 06:46:19,Rewards,The rewards experience is confusing.,neutral,6.2
903427,146575,2026-05-21 00:09:48,Rewards,The rewards experience is confusing.,neutral,9.13
903428,138342,2026-06-30 23:59:59,Rewards,The rewards experience is confusing.,neutral,11.37
903429,131064,2026-04-02 13:20:57,Account,I need help with my account.,neutral,6.22
903430,104352,2026-01-11 16:02:38,Payment Failure,My payment failed and I do not know why.,negative,13.53
903431,115299,2026-03-06 14:30:50,Payment Failure,My payment failed and I do not know why.,negative,22.2
903432,100759,2026-02-08 12:09:23,Payment Failure,My payment failed and I do not know why.,negative,12.07
903433,125813,2026-03-26 02:11:35,Rewards,The rewards experience is confusing.,neutral,10.34
903434,123973,2026-03-13 19:02:17,Account,I need help with my account.,neutral,4.79
903435,122141,2026-06-17 02:36:36,App Performance,The app feels slow and sometimes freezes.,negative,11.18
903436,107515,2026-05-30 23:25:35,KYC Issues,I am unable to complete KYC document verification.,negative,19.66
903437,101819,2026-05-19 01:23:37,Payment Failure,My payment failed and I do not know why.,negative,9.99
903438,113820,2026-04-16 22:44:57,App Performance,The app feels slow and sometimes freezes.,negative,3.77
903439,146526,2026-04-25 22:47:29,Payment Failure,My payment failed and I do not know why.,negative,29.59
903440,142048,2026-04-28 23:39:52,Account,I need help with my account.,neutral,12.15
903441,127012,2026-02-13 16:44:24,Account,I need help with my account.,neutral,3.84
903442,147048,2026-05-21 18:06:08,App Performance,The app feels slow and sometimes freezes.,negative,19.38
903443,114364,2026-06-19 06:54:23,Rewards,The rewards experience is confusing.,neutral,13.5
903444,113905,2026-04-20 11:25:53,Account,I need help with my account.,neutral,3.25
903445,136896,2026-01-25 16:49:46,Account,I need help with my account.,neutral,4.79
903446,138798,2026-02-24 13:11:15,App Performance,The app feels slow and sometimes freezes.,negative,13.24
903447,144982,2026-03-13 22:07:27,Account,I need help with my account.,neutral,15.03
903448,132837,2026-06-24 15:10:02,Account,I need help with my account.,neutral,2.78
903449,144959,2026-04-23 13:04:58,Account,I need help with my account.,neutral,1.14
903450,129503,2026-04-21 20:00:27,Account,I need help with my account.,neutral,2.74
903451,134119,2026-06-15 09:38:31,Payment Failure,My payment failed and I do not know why.,negative,4.58
903452,125431,2026-05-25 16:47:36,KYC Issues,I am unable to complete KYC document verification.,negative,4.41
903453,125377,2026-03-22 18:45:48,Payment Failure,My payment failed and I do not know why.,negative,9.53
903454,148787,2026-03-05 21:03:07,KYC Issues,I am unable to complete KYC document verification.,negative,9.03
903455,140185,2026-03-03 05:49:07,KYC Issues,I am unable to complete KYC document verification.,negative,3.34
903456,117594,2026-06-13 21:34:50,App Performance,The app feels slow and sometimes freezes.,negative,5.68
903457,122679,2026-06-12 15:51:44,Payment Failure,My payment failed and I do not know why.,negative,6.25
903458,115240,2026-04-18 14:39:14,App Performance,The app feels slow and sometimes freezes.,negative,29.74
903459,108405,2026-02-05 08:28:05,App Performance,The app feels slow and sometimes freezes.,negative,7.49
903460,111397,2026-06-12 20:40:18,Rewards,The rewards experience is confusing.,neutral,10.91
903461,138655,2026-05-19 20:09:30,KYC Issues,I am unable to complete KYC document verification.,negative,1.27
903462,120501,2026-02-23 02:22:28,Payment Failure,My payment failed and I do not know why.,negative,5.32
903463,117067,2026-05-01 14:31:03,KYC Issues,I am unable to complete KYC document verification.,negative,11.5
903464,148546,2026-03-21 05:23:46,KYC Issues,I am unable to complete KYC document verification.,negative,15.58
903465,107802,2026-06-13 05:02:53,Account,I need help with my account.,neutral,8.9
903466,144528,2026-04-05 00:16:59,KYC Issues,I am unable to complete KYC document verification.,negative,2.92
903467,146622,2026-03-31 22:23:09,Payment Failure,My payment failed and I do not know why.,negative,5.59
903468,112231,2026-04-05 03:45:40,Account,I need help with my account.,neutral,4.19
903469,126507,2026-02-22 10:40:43,App Performance,The app feels slow and sometimes freezes.,negative,7.5
903470,140433,2026-02-06 06:56:55,Payment Failure,My payment failed and I do not know why.,negative,17.21
903471,141027,2026-05-10 07:19:32,Payment Failure,My payment failed and I do not know why.,negative,2.13
903472,105267,2026-06-13 00:46:16,Rewards,The rewards experience is confusing.,neutral,6.47
903473,135760,2026-02-06 16:15:08,Account,I need help with my account.,neutral,3.44
903474,143568,2026-02-24 16:15:30,Account,I need help with my account.,neutral,13.81
903475,100352,2026-03-14 05:52:16,Payment Failure,My payment failed and I do not know why.,negative,10.7
903476,105012,2026-06-24 11:53:07,Payment Failure,My payment failed and I do not know why.,negative,6.94
903477,106577,2026-05-29 06:28:29,Payment Failure,My payment failed and I do not know why.,negative,21.22
903478,103223,2026-06-16 17:51:36,Account,I need help with my account.,neutral,5.7
903479,101577,2026-04-23 22:16:22,App Performance,The app feels slow and sometimes freezes.,negative,6.96
903480,103662,2026-04-07 12:50:30,App Performance,The app feels slow and sometimes freezes.,negative,3.46
903481,115045,2026-04-08 10:03:52,KYC Issues,I am unable to complete KYC document verification.,negative,11.01
903482,116235,2026-03-19 06:57:57,Account,I need help with my account.,neutral,2.8
903483,140297,2026-05-26 07:45:35,Account,I need help with my account.,neutral,8.96
903484,117547,2026-04-27 19:39:08,App Performance,The app feels slow and sometimes freezes.,negative,8.52
903485,122883,2026-03-27 20:53:39,Payment Failure,My payment failed and I do not know why.,negative,14.87
903486,103540,2026-03-26 09:22:58,KYC Issues,I am unable to complete KYC document verification.,negative,15.51
903487,111043,2026-06-14 19:23:00,KYC Issues,I am unable to complete KYC document verification.,negative,1.55
903488,121164,2026-05-20 14:02:11,App Performance,The app feels slow and sometimes freezes.,negative,7.56
903489,110825,2026-06-30 23:59:59,Rewards,The rewards experience is confusing.,neutral,3.08
903490,126492,2026-04-28 15:07:16,App Performance,The app feels slow and sometimes freezes.,negative,10.91
903491,113587,2026-06-27 22:28:41,KYC Issues,I am unable to complete KYC document verification.,negative,6.32
903492,131850,2026-03-13 17:30:16,Account,I need help with my account.,neutral,10.05
903493,118125,2026-06-23 23:40:01,KYC Issues,I am unable to complete KYC document verification.,negative,5.82
903494,103605,2026-05-02 11:11:17,Payment Failure,My payment failed and I do not know why.,negative,1.18
903495,144360,2026-03-25 02:18:37,Account,I need help with my account.,neutral,7.76
903496,125609,2026-06-19 22:01:01,Payment Failure,My payment failed and I do not know why.,negative,5.84
903497,135066,2026-05-14 16:54:33,App Performance,The app feels slow and sometimes freezes.,negative,12.03
903498,138939,2026-06-29 12:43:35,Payment Failure,My payment failed and I do not know why.,negative,5.89
903499,113487,2026-03-01 16:36:02,App Performance,The app feels slow and sometimes freezes.,negative,1.81
903500,149621,2026-05-16 00:45:20,Payment Failure,My payment failed and I do not know why.,negative,15.36
903501,114749,2026-02-19 20:42:01,KYC Issues,I am unable to complete KYC document verification.,negative,3.37
903502,141952,2026-06-26 17:36:09,KYC Issues,I am unable to complete KYC document verification.,negative,3.97
903503,137351,2026-04-28 01:50:25,App Performance,The app feels slow and sometimes freezes.,negative,12.33
903504,139609,2026-04-30 02:19:10,KYC Issues,I am unable to complete KYC document verification.,negative,6.58
903505,135203,2026-06-18 06:12:37,Account,I need help with my account.,neutral,6.73
903506,140379,2026-01-26 07:15:01,App Performance,The app feels slow and sometimes freezes.,negative,15.25
903507,146315,2026-06-07 13:21:31,Payment Failure,My payment failed and I do not know why.,negative,17.23
903508,138374,2026-05-17 00:07:37,Payment Failure,My payment failed and I do not know why.,negative,20.12
903509,126979,2026-04-12 20:08:50,Account,I need help with my account.,neutral,1.31
903510,133253,2026-05-05 02:20:19,Payment Failure,My payment failed and I do not know why.,negative,4.13
903511,141290,2026-04-24 08:10:56,KYC Issues,I am unable to complete KYC document verification.,negative,7.25
903512,144004,2026-06-30 23:59:59,App Performance,The app feels slow and sometimes freezes.,negative,13.72
903513,135416,2026-04-07 23:08:04,Account,I need help with my account.,neutral,12.89
903514,132841,2026-06-04 08:21:34,Account,I need help with my account.,neutral,20.63
903515,106966,2026-01-20 18:28:19,Rewards,The rewards experience is confusing.,neutral,8.83
903516,139301,2026-04-04 19:31:54,App Performance,The app feels slow and sometimes freezes.,negative,16.23
903517,130104,2026-06-19 00:41:21,Rewards,The rewards experience is confusing.,neutral,7.17
903518,106789,2026-04-02 16:50:56,Account,I need help with my account.,neutral,6.27
903519,129667,2026-03-29 01:57:05,Payment Failure,My payment failed and I do not know why.,negative,3.83
903520,135221,2026-01-21 09:48:37,Payment Failure,My payment failed and I do not know why.,negative,11.44
903521,118594,2026-03-30 02:28:44,KYC Issues,I am unable to complete KYC document verification.,negative,1.75
903522,135449,2026-01-30 01:27:48,App Performance,The app feels slow and sometimes freezes.,negative,18.61
903523,106996,2026-04-01 23:39:34,KYC Issues,I am unable to complete KYC document verification.,negative,8.95
903524,109166,2026-02-21 16:02:39,Rewards,The rewards experience is confusing.,neutral,3.39
903525,109190,2026-03-27 01:36:10,Payment Failure,My payment failed and I do not know why.,negative,1.99
903526,136616,2026-02-12 00:32:45,Rewards,The rewards experience is confusing.,neutral,10.58
903527,143159,2026-05-28 05:52:24,Payment Failure,My payment failed and I do not know why.,negative,9.38
903528,116781,2026-05-28 04:18:31,Account,I need help with my account.,neutral,28.57
903529,113672,2026-03-06 16:34:04,KYC Issues,I am unable to complete KYC document verification.,negative,0.45
903530,149474,2026-04-08 13:32:44,Account,I need help with my account.,neutral,14.68
903531,117420,2026-03-24 11:31:40,Rewards,The rewards experience is confusing.,neutral,15.12
903532,105035,2026-06-02 09:58:57,KYC Issues,I am unable to complete KYC document verification.,negative,0.34
903533,102903,2026-03-12 02:33:43,Rewards,The rewards experience is confusing.,neutral,30.48
903534,111477,2026-01-12 00:47:00,Account,I need help with my account.,neutral,6.87
903535,102435,2026-01-27 23:50:24,Payment Failure,My payment failed and I do not know why.,negative,10.65
903536,136501,2026-03-31 21:36:09,KYC Issues,I am unable to complete KYC document verification.,negative,10.63
903537,101854,2026-03-19 07:05:59,Rewards,The rewards experience is confusing.,neutral,6.76
903538,119474,2026-05-17 08:20:17,KYC Issues,I am unable to complete KYC document verification.,negative,4.61
903539,130046,2026-06-18 17:39:53,Payment Failure,My payment failed and I do not know why.,negative,8.87
903540,137818,2026-01-09 01:18:27,Payment Failure,My payment failed and I do not know why.,negative,9.51
903541,103830,2026-05-10 21:48:35,Payment Failure,My payment failed and I do not know why.,negative,9.34
903542,127075,2026-02-24 17:16:21,Payment Failure,My payment failed and I do not know why.,negative,5.23
903543,121052,2026-04-26 12:14:16,KYC Issues,I am unable to complete KYC document verification.,negative,5.37
903544,134500,2026-02-18 12:45:56,KYC Issues,I am unable to complete KYC document verification.,negative,11.84
903545,100559,2026-06-03 09:10:31,App Performance,The app feels slow and sometimes freezes.,negative,6.33
903546,126896,2026-04-14 10:29:21,KYC Issues,I am unable to complete KYC document verification.,negative,8.94
903547,139390,2026-06-30 23:59:59,Payment Failure,My payment failed and I do not know why.,negative,13.9
903548,111839,2026-02-25 08:20:34,Payment Failure,My payment failed and I do not know why.,negative,7.32
903549,146260,2026-02-15 20:16:01,App Performance,The app feels slow and sometimes freezes.,negative,14.42
903550,123813,2026-06-06 23:54:04,Account,I need help with my account.,neutral,7.71
903551,129540,2026-02-28 22:45:02,Payment Failure,My payment failed and I do not know why.,negative,7.23
903552,109667,2026-02-28 18:26:41,Account,I need help with my account.,neutral,11.68
903553,121112,2026-05-17 16:08:10,App Performance,The app feels slow and sometimes freezes.,negative,13.07
903554,112815,2026-05-14 03:59:18,Rewards,The rewards experience is confusing.,neutral,10.15
903555,140446,2026-02-08 23:49:33,Payment Failure,My payment failed and I do not know why.,negative,11.44
903556,108436,2026-02-10 07:52:46,KYC Issues,I am unable to complete KYC document verification.,negative,8.11
903557,109986,2026-02-09 09:21:17,KYC Issues,I am unable to complete KYC document verification.,negative,4.16
903558,112487,2026-04-28 23:21:04,Payment Failure,My payment failed and I do not know why.,negative,6.09
903559,143562,2026-02-14 14:14:13,App Performance,The app feels slow and sometimes freezes.,negative,3.0
903560,100104,2026-06-06 01:46:06,App Performance,The app feels slow and sometimes freezes.,negative,16.31
903561,148962,2026-06-21 19:06:34,KYC Issues,I am unable to complete KYC document verification.,negative,4.64
903562,136814,2026-04-05 18:11:35,App Performance,The app feels slow and sometimes freezes.,negative,4.0
903563,126138,2026-02-10 14:12:51,KYC Issues,I am unable to complete KYC document verification.,negative,3.48
903564,133089,2026-01-18 20:52:06,KYC Issues,I am unable to complete KYC document verification.,negative,6.53
903565,116342,2026-03-03 18:40:53,KYC Issues,I am unable to complete KYC document verification.,negative,14.22
903566,140021,2026-03-05 17:58:42,KYC Issues,I am unable to complete KYC document verification.,negative,13.5
903567,139722,2026-06-03 20:14:39,Payment Failure,My payment failed and I do not know why.,negative,6.16
903568,114598,2026-03-17 12:57:46,KYC Issues,I am unable to complete KYC document verification.,negative,6.46
903569,101481,2026-02-01 15:41:34,KYC Issues,I am unable to complete KYC document verification.,negative,3.47
903570,116691,2026-04-08 05:23:58,App Performance,The app feels slow and sometimes freezes.,negative,3.84
903571,119636,2026-04-10 17:03:27,KYC Issues,I am unable to complete KYC document verification.,negative,12.87
903572,103793,2026-01-27 20:03:16,Payment Failure,My payment failed and I do not know why.,negative,4.41
903573,104981,2026-06-03 20:00:26,Rewards,The rewards experience is confusing.,neutral,9.24
903574,119667,2026-02-08 11:51:02,App Performance,The app feels slow and sometimes freezes.,negative,4.37
903575,124641,2026-02-20 17:55:37,Account,I need help with my account.,neutral,7.66
903576,107504,2026-06-30 23:59:59,Account,I need help with my account.,neutral,8.87
903577,112576,2026-06-15 18:16:07,Account,I need help with my account.,neutral,5.88
903578,107123,2026-02-09 02:38:22,App Performance,The app feels slow and sometimes freezes.,negative,14.75
903579,138790,2026-05-07 07:21:19,App Performance,The app feels slow and sometimes freezes.,negative,2.14
903580,101867,2026-05-26 10:01:47,Payment Failure,My payment failed and I do not know why.,negative,6.12
903581,113204,2026-02-02 01:41:59,App Performance,The app feels slow and sometimes freezes.,negative,28.37
903582,124082,2026-06-19 12:09:59,App Performance,The app feels slow and sometimes freezes.,negative,16.28
903583,133385,2026-05-13 19:20:50,KYC Issues,I am unable to complete KYC document verification.,negative,21.37
903584,100849,2026-06-27 08:25:14,KYC Issues,I am unable to complete KYC document verification.,negative,1.83
903585,114050,2026-02-14 14:28:14,Payment Failure,My payment failed and I do not know why.,negative,6.29
903586,147308,2026-04-16 09:35:19,Payment Failure,My payment failed and I do not know why.,negative,9.92
903587,145634,2026-05-22 00:11:59,Account,I need help with my account.,neutral,3.67
903588,108659,2026-04-26 17:57:09,KYC Issues,I am unable to complete KYC document verification.,negative,14.37
903589,107516,2026-04-13 20:44:47,KYC Issues,I am unable to complete KYC document verification.,negative,5.21
903590,100703,2026-01-31 08:56:26,Rewards,The rewards experience is confusing.,neutral,10.25
903591,131987,2026-04-19 01:40:09,Account,I need help with my account.,neutral,8.62
903592,128488,2026-03-31 09:24:46,KYC Issues,I am unable to complete KYC document verification.,negative,12.97
903593,147472,2026-03-03 10:00:47,Rewards,The rewards experience is confusing.,neutral,10.79
903594,142185,2026-04-18 17:58:51,App Performance,The app feels slow and sometimes freezes.,negative,3.75
903595,125605,2026-02-12 21:15:17,App Performance,The app feels slow and sometimes freezes.,negative,6.59
903596,135675,2026-06-30 23:59:59,Payment Failure,My payment failed and I do not know why.,negative,13.39
903597,104670,2026-05-19 03:12:03,KYC Issues,I am unable to complete KYC document verification.,negative,0.71
903598,128049,2026-02-07 18:09:25,Payment Failure,My payment failed and I do not know why.,negative,8.2
903599,135033,2026-06-02 19:34:10,Rewards,The rewards experience is confusing.,neutral,8.98
903600,118240,2026-03-26 08:28:58,App Performance,The app feels slow and sometimes freezes.,negative,8.88
903601,126404,2026-06-07 18:26:01,App Performance,The app feels slow and sometimes freezes.,negative,8.95
903602,111209,2026-03-22 21:04:11,Account,I need help with my account.,neutral,1.51
903603,131334,2026-06-07 05:09:16,Payment Failure,My payment failed and I do not know why.,negative,6.66
903604,143186,2026-06-24 03:03:38,Payment Failure,My payment failed and I do not know why.,negative,33.96
903605,148347,2026-02-04 13:45:53,Rewards,The rewards experience is confusing.,neutral,3.81
903606,100777,2026-03-13 14:13:54,App Performance,The app feels slow and sometimes freezes.,negative,4.4
903607,120772,2026-03-27 18:28:08,App Performance,The app feels slow and sometimes freezes.,negative,5.75
903608,133265,2026-02-08 07:06:44,Payment Failure,My payment failed and I do not know why.,negative,5.1
903609,119215,2026-04-16 15:56:19,Payment Failure,My payment failed and I do not know why.,negative,3.57
903610,111798,2026-05-07 03:23:58,App Performance,The app feels slow and sometimes freezes.,negative,10.37
903611,108666,2026-05-08 07:00:22,KYC Issues,I am unable to complete KYC document verification.,negative,6.16
903612,115014,2026-03-01 09:20:37,App Performance,The app feels slow and sometimes freezes.,negative,11.38
903613,114225,2026-04-18 08:21:28,Rewards,The rewards experience is confusing.,neutral,6.54
903614,112869,2026-01-07 06:15:46,Payment Failure,My payment failed and I do not know why.,negative,12.78
903615,115046,2026-06-30 23:59:59,KYC Issues,I am unable to complete KYC document verification.,negative,16.07
903616,107837,2026-05-17 23:14:22,Account,I need help with my account.,neutral,1.19
903617,116090,2026-06-06 05:41:51,Rewards,The rewards experience is confusing.,neutral,8.89
903618,148553,2026-04-19 09:22:16,Payment Failure,My payment failed and I do not know why.,negative,15.67
903619,106101,2026-02-06 21:43:54,App Performance,The app feels slow and sometimes freezes.,negative,23.84
903620,102056,2026-06-06 08:18:50,KYC Issues,I am unable to complete KYC document verification.,negative,23.17
903621,100746,2026-03-03 19:39:31,Account,I need help with my account.,neutral,22.4
903622,113237,2026-05-05 04:21:34,Payment Failure,My payment failed and I do not know why.,negative,13.61
903623,113198,2026-04-17 06:26:59,App Performance,The app feels slow and sometimes freezes.,negative,13.93
903624,149958,2026-05-18 09:38:23,Payment Failure,My payment failed and I do not know why.,negative,10.4
903625,120629,2026-04-29 16:34:37,App Performance,The app feels slow and sometimes freezes.,negative,9.62
903626,102852,2026-05-30 07:36:46,Account,I need help with my account.,neutral,3.04
903627,139858,2026-06-30 23:59:59,Account,I need help with my account.,neutral,33.19
903628,120165,2026-05-18 22:32:06,App Performance,The app feels slow and sometimes freezes.,negative,1.91
903629,119151,2026-02-04 15:08:42,App Performance,The app feels slow and sometimes freezes.,negative,6.41
903630,146520,2026-02-02 04:00:43,Account,I need help with my account.,neutral,13.5
903631,110747,2026-02-26 12:35:31,Rewards,The rewards experience is confusing.,neutral,20.11
903632,128151,2026-03-06 08:16:43,Payment Failure,My payment failed and I do not know why.,negative,14.72
903633,103037,2026-04-17 05:43:14,Account,I need help with my account.,neutral,5.81
903634,107461,2026-06-08 07:05:22,App Performance,The app feels slow and sometimes freezes.,negative,6.26
903635,124114,2026-02-20 21:21:59,KYC Issues,I am unable to complete KYC document verification.,negative,19.56
903636,122643,2026-01-28 18:14:38,Payment Failure,My payment failed and I do not know why.,negative,2.95
903637,101683,2026-04-09 20:04:22,Payment Failure,My payment failed and I do not know why.,negative,5.48
903638,104878,2026-05-15 03:18:34,App Performance,The app feels slow and sometimes freezes.,negative,10.99
903639,113724,2026-06-28 01:52:08,Payment Failure,My payment failed and I do not know why.,negative,2.21
903640,110902,2026-01-22 08:26:00,KYC Issues,I am unable to complete KYC document verification.,negative,9.55
903641,149636,2026-04-05 17:17:14,Rewards,The rewards experience is confusing.,neutral,22.71
903642,121740,2026-05-22 00:53:13,KYC Issues,I am unable to complete KYC document verification.,negative,8.98
903643,105429,2026-04-13 19:46:33,KYC Issues,I am unable to complete KYC document verification.,negative,11.34
903644,115889,2026-06-19 03:12:39,Rewards,The rewards experience is confusing.,neutral,12.08
903645,129365,2026-05-04 19:04:17,Payment Failure,My payment failed and I do not know why.,negative,26.88
903646,136450,2026-05-07 20:41:25,KYC Issues,I am unable to complete KYC document verification.,negative,17.05
903647,141758,2026-02-12 02:39:19,Payment Failure,My payment failed and I do not know why.,negative,24.78
903648,107983,2026-05-08 04:17:35,Payment Failure,My payment failed and I do not know why.,negative,5.09
903649,108181,2026-03-18 22:28:52,Account,I need help with my account.,neutral,8.93
903650,123317,2026-03-05 21:19:58,App Performance,The app feels slow and sometimes freezes.,negative,16.93
903651,125892,2026-06-30 00:29:45,KYC Issues,I am unable to complete KYC document verification.,negative,11.68
903652,120490,2026-03-12 21:33:08,KYC Issues,I am unable to complete KYC document verification.,negative,3.25
903653,109607,2026-05-07 04:17:16,KYC Issues,I am unable to complete KYC document verification.,negative,5.09
903654,131688,2026-03-12 08:58:17,Account,I need help with my account.,neutral,8.55
903655,120974,2026-01-13 14:30:40,Account,I need help with my account.,neutral,3.47
903656,114961,2026-05-04 18:49:22,Account,I need help with my account.,neutral,14.52
903657,104832,2026-05-30 04:37:11,Payment Failure,My payment failed and I do not know why.,negative,9.09
903658,115881,2026-03-03 22:41:49,App Performance,The app feels slow and sometimes freezes.,negative,10.74
903659,114262,2026-01-27 14:49:06,Payment Failure,My payment failed and I do not know why.,negative,10.86
903660,134198,2026-06-06 03:52:09,App Performance,The app feels slow and sometimes freezes.,negative,9.05
903661,101001,2026-04-29 16:27:50,Rewards,The rewards experience is confusing.,neutral,12.11
903662,113115,2026-01-26 17:13:35,Rewards,The rewards experience is confusing.,neutral,9.77
903663,118873,2026-01-20 07:38:21,KYC Issues,I am unable to complete KYC document verification.,negative,4.99
903664,130971,2026-05-21 22:35:45,Account,I need help with my account.,neutral,32.55
903665,103987,2026-03-18 23:23:46,Account,I need help with my account.,neutral,15.25
903666,112790,2026-05-06 01:05:55,Rewards,The rewards experience is confusing.,neutral,3.64
903667,135643,2026-06-15 14:12:02,KYC Issues,I am unable to complete KYC document verification.,negative,10.18
903668,113696,2026-04-03 03:34:08,App Performance,The app feels slow and sometimes freezes.,negative,6.44
903669,113476,2026-03-07 12:46:24,Account,I need help with my account.,neutral,9.52
903670,111750,2026-03-31 14:15:31,KYC Issues,I am unable to complete KYC document verification.,negative,4.91
903671,110593,2026-02-24 16:36:25,App Performance,The app feels slow and sometimes freezes.,negative,10.74
903672,136536,2026-06-16 03:35:06,Rewards,The rewards experience is confusing.,neutral,21.25
903673,119272,2026-01-13 23:43:11,Payment Failure,My payment failed and I do not know why.,negative,21.43
903674,140740,2026-04-24 05:51:02,Account,I need help with my account.,neutral,3.19
903675,145397,2026-02-05 00:55:52,Payment Failure,My payment failed and I do not know why.,negative,11.77
903676,111873,2026-03-22 16:46:59,KYC Issues,I am unable to complete KYC document verification.,negative,8.72
903677,107479,2026-05-19 10:48:48,KYC Issues,I am unable to complete KYC document verification.,negative,3.68
903678,121082,2026-04-30 05:38:10,App Performance,The app feels slow and sometimes freezes.,negative,22.5
903679,113294,2026-03-21 19:53:02,Payment Failure,My payment failed and I do not know why.,negative,9.51
903680,124024,2026-03-09 10:37:55,Account,I need help with my account.,neutral,8.87
903681,123126,2026-02-14 06:22:24,Account,I need help with my account.,neutral,5.87
903682,111661,2026-03-03 19:38:48,App Performance,The app feels slow and sometimes freezes.,negative,3.66
903683,138199,2026-04-13 16:18:17,Account,I need help with my account.,neutral,8.59
903684,106751,2026-04-08 23:12:43,Account,I need help with my account.,neutral,4.14
903685,148819,2026-02-21 11:31:19,Payment Failure,My payment failed and I do not know why.,negative,5.54
903686,107917,2026-05-02 16:39:28,Account,I need help with my account.,neutral,14.14
903687,116605,2026-04-11 15:55:31,Payment Failure,My payment failed and I do not know why.,negative,7.63
903688,105368,2026-04-03 00:52:21,Payment Failure,My payment failed and I do not know why.,negative,9.37
903689,103445,2026-02-06 18:59:16,App Performance,The app feels slow and sometimes freezes.,negative,17.73
903690,108570,2026-05-29 11:26:35,KYC Issues,I am unable to complete KYC document verification.,negative,8.69
903691,108930,2026-02-03 23:48:38,KYC Issues,I am unable to complete KYC document verification.,negative,8.13
903692,121908,2026-06-30 23:59:59,KYC Issues,I am unable to complete KYC document verification.,negative,10.47
903693,103932,2026-04-04 10:03:40,Account,I need help with my account.,neutral,13.15
903694,105349,2026-03-02 12:40:09,Rewards,The rewards experience is confusing.,neutral,7.78
903695,128245,2026-06-22 02:19:46,Rewards,The rewards experience is confusing.,neutral,0.75
903696,132605,2026-03-11 10:14:26,Payment Failure,My payment failed and I do not know why.,negative,6.49
903697,111536,2026-03-08 15:18:22,Account,I need help with my account.,neutral,3.38
903698,117122,2026-04-19 08:19:10,Payment Failure,My payment failed and I do not know why.,negative,5.76
903699,146474,2026-02-20 11:01:43,Payment Failure,My payment failed and I do not know why.,negative,13.43
903700,122349,2026-06-30 23:59:59,App Performance,The app feels slow and sometimes freezes.,negative,15.85
903701,126261,2026-01-16 12:04:59,Payment Failure,My payment failed and I do not know why.,negative,9.19
903702,116136,2026-06-22 10:01:37,KYC Issues,I am unable to complete KYC document verification.,negative,8.08
903703,110501,2026-04-13 14:49:19,App Performance,The app feels slow and sometimes freezes.,negative,2.81
903704,118234,2026-05-04 15:35:35,Payment Failure,My payment failed and I do not know why.,negative,6.39
903705,113296,2026-06-30 23:59:59,Payment Failure,My payment failed and I do not know why.,negative,15.38
903706,128715,2026-06-24 22:17:49,KYC Issues,I am unable to complete KYC document verification.,negative,3.73
903707,127661,2026-03-02 14:59:28,Rewards,The rewards experience is confusing.,neutral,30.12
903708,113269,2026-06-30 23:59:59,Payment Failure,My payment failed and I do not know why.,negative,9.15
903709,147920,2026-02-16 23:37:19,KYC Issues,I am unable to complete KYC document verification.,negative,18.24
903710,134429,2026-03-05 21:28:06,Payment Failure,My payment failed and I do not know why.,negative,4.34
903711,103266,2026-04-25 08:52:31,Payment Failure,My payment failed and I do not know why.,negative,1.95
903712,145851,2026-05-09 22:19:35,Account,I need help with my account.,neutral,19.7
903713,115005,2026-06-12 10:08:43,KYC Issues,I am unable to complete KYC document verification.,negative,5.73
903714,122397,2026-02-13 14:39:01,KYC Issues,I am unable to complete KYC document verification.,negative,4.96
903715,134430,2026-02-27 07:41:53,KYC Issues,I am unable to complete KYC document verification.,negative,5.0
903716,124213,2026-02-23 19:36:50,Payment Failure,My payment failed and I do not know why.,negative,13.86
903717,144043,2026-06-04 19:59:09,Account,I need help with my account.,neutral,1.09
903718,106523,2026-02-06 03:30:55,Rewards,The rewards experience is confusing.,neutral,12.27
903719,128633,2026-03-23 20:09:40,App Performance,The app feels slow and sometimes freezes.,negative,13.83
903720,147704,2026-02-05 08:42:40,Rewards,The rewards experience is confusing.,neutral,7.01
903721,120212,2026-05-05 16:32:57,KYC Issues,I am unable to complete KYC document verification.,negative,7.8
903722,131723,2026-02-24 10:53:48,Rewards,The rewards experience is confusing.,neutral,8.92
903723,104895,2026-05-30 19:11:39,Rewards,The rewards experience is confusing.,neutral,1.96
903724,115192,2026-03-05 22:33:43,Payment Failure,My payment failed and I do not know why.,negative,9.3
903725,118210,2026-06-18 01:55:25,Payment Failure,My payment failed and I do not know why.,negative,7.7
903726,139809,2026-02-09 19:38:40,KYC Issues,I am unable to complete KYC document verification.,negative,1.44
903727,130546,2026-03-18 21:37:43,KYC Issues,I am unable to complete KYC document verification.,negative,8.62
903728,107668,2026-05-23 07:52:46,KYC Issues,I am unable to complete KYC document verification.,negative,5.93
903729,128074,2026-05-16 23:55:31,KYC Issues,I am unable to complete KYC document verification.,negative,7.06
903730,134015,2026-02-06 01:38:30,Payment Failure,My payment failed and I do not know why.,negative,31.36
903731,131119,2026-05-25 16:50:16,Account,I need help with my account.,neutral,6.12
903732,100461,2026-01-31 01:00:08,Payment Failure,My payment failed and I do not know why.,negative,35.8
903733,128187,2026-03-26 16:44:49,App Performance,The app feels slow and sometimes freezes.,negative,7.15
903734,125681,2026-04-07 22:49:39,KYC Issues,I am unable to complete KYC document verification.,negative,3.83
903735,111681,2026-01-12 10:41:50,App Performance,The app feels slow and sometimes freezes.,negative,31.79
903736,112948,2026-05-22 22:29:35,Rewards,The rewards experience is confusing.,neutral,4.99
903737,114238,2026-01-12 21:18:01,Payment Failure,My payment failed and I do not know why.,negative,6.66
903738,107687,2026-06-22 07:41:02,KYC Issues,I am unable to complete KYC document verification.,negative,7.45
903739,146605,2026-01-14 03:38:10,Payment Failure,My payment failed and I do not know why.,negative,12.69
903740,123443,2026-05-05 19:26:20,Payment Failure,My payment failed and I do not know why.,negative,17.22
903741,109932,2026-03-29 13:09:56,Payment Failure,My payment failed and I do not know why.,negative,23.8
903742,132939,2026-02-22 23:53:52,Rewards,The rewards experience is confusing.,neutral,11.77
903743,128217,2026-06-02 19:02:01,KYC Issues,I am unable to complete KYC document verification.,negative,4.45
903744,108455,2026-06-07 10:24:24,Rewards,The rewards experience is confusing.,neutral,8.4
903745,105842,2026-04-21 18:51:17,Payment Failure,My payment failed and I do not know why.,negative,40.31
903746,113376,2026-05-18 04:32:05,Rewards,The rewards experience is confusing.,neutral,1.6
903747,137380,2026-01-20 17:58:23,App Performance,The app feels slow and sometimes freezes.,negative,5.3
903748,102136,2026-06-27 21:56:10,App Performance,The app feels slow and sometimes freezes.,negative,14.1
903749,107818,2026-04-09 05:07:30,KYC Issues,I am unable to complete KYC document verification.,negative,17.74
903750,101378,2026-04-28 14:23:45,App Performance,The app feels slow and sometimes freezes.,negative,4.46
903751,110176,2026-05-25 11:01:30,Account,I need help with my account.,neutral,7.95
903752,104690,2026-03-16 11:01:48,Account,I need help with my account.,neutral,15.08
903753,128427,2026-05-12 08:11:00,Account,I need help with my account.,neutral,6.72
903754,146128,2026-03-25 10:18:42,KYC Issues,I am unable to complete KYC document verification.,negative,12.23
903755,120185,2026-01-08 13:09:56,KYC Issues,I am unable to complete KYC document verification.,negative,17.81
903756,149386,2026-06-27 06:53:13,Payment Failure,My payment failed and I do not know why.,negative,8.75
903757,140578,2026-03-23 04:01:55,Rewards,The rewards experience is confusing.,neutral,17.67
903758,111814,2026-03-05 15:07:08,Rewards,The rewards experience is confusing.,neutral,2.64
903759,127521,2026-04-20 18:30:21,App Performance,The app feels slow and sometimes freezes.,negative,14.04
903760,142505,2026-04-09 07:04:33,Account,I need help with my account.,neutral,2.14
903761,124354,2026-05-14 02:17:01,KYC Issues,I am unable to complete KYC document verification.,negative,8.24
903762,122295,2026-06-30 23:59:59,KYC Issues,I am unable to complete KYC document verification.,negative,30.15
903763,147725,2026-03-31 09:31:02,Account,I need help with my account.,neutral,1.04
903764,131462,2026-04-01 02:36:23,KYC Issues,I am unable to complete KYC document verification.,negative,11.71
903765,131870,2026-02-13 17:48:54,Payment Failure,My payment failed and I do not know why.,negative,9.75
903766,139164,2026-01-09 23:30:39,Payment Failure,My payment failed and I do not know why.,negative,10.81
903767,147877,2026-05-26 22:42:34,KYC Issues,I am unable to complete KYC document verification.,negative,14.3
903768,104257,2026-06-30 23:59:59,App Performance,The app feels slow and sometimes freezes.,negative,5.09
903769,105188,2026-06-30 23:59:59,KYC Issues,I am unable to complete KYC document verification.,negative,5.09
903770,129761,2026-04-03 07:43:07,Payment Failure,My payment failed and I do not know why.,negative,12.19
903771,104741,2026-03-06 12:08:40,KYC Issues,I am unable to complete KYC document verification.,negative,5.36
903772,147836,2026-04-10 13:02:26,KYC Issues,I am unable to complete KYC document verification.,negative,4.02
903773,106014,2026-04-12 01:21:36,App Performance,The app feels slow and sometimes freezes.,negative,4.24
903774,116056,2026-05-15 08:37:43,Payment Failure,My payment failed and I do not know why.,negative,8.05
903775,103701,2026-05-15 12:07:02,App Performance,The app feels slow and sometimes freezes.,negative,13.71
903776,100217,2026-02-16 05:55:52,KYC Issues,I am unable to complete KYC document verification.,negative,7.13
903777,140469,2026-04-29 23:38:13,Payment Failure,My payment failed and I do not know why.,negative,7.88
903778,123895,2026-06-30 23:59:59,Rewards,The rewards experience is confusing.,neutral,4.9
903779,130501,2026-03-20 04:18:58,Rewards,The rewards experience is confusing.,neutral,10.69
903780,127238,2026-04-12 05:41:11,KYC Issues,I am unable to complete KYC document verification.,negative,3.45
903781,113884,2026-02-17 08:14:02,Account,I need help with my account.,neutral,20.04
903782,121548,2026-03-08 20:28:24,Rewards,The rewards experience is confusing.,neutral,24.95
903783,122511,2026-05-10 23:23:25,App Performance,The app feels slow and sometimes freezes.,negative,3.58
903784,111036,2026-06-04 19:39:51,Payment Failure,My payment failed and I do not know why.,negative,15.26
903785,120692,2026-01-11 22:04:49,Account,I need help with my account.,neutral,4.84
903786,135721,2026-04-21 16:00:30,App Performance,The app feels slow and sometimes freezes.,negative,10.89
903787,114505,2026-03-21 07:22:15,Rewards,The rewards experience is confusing.,neutral,10.79
903788,107894,2026-05-01 04:27:39,KYC Issues,I am unable to complete KYC document verification.,negative,4.76
903789,127680,2026-03-19 14:24:01,App Performance,The app feels slow and sometimes freezes.,negative,7.1
903790,105909,2026-04-26 08:53:09,Payment Failure,My payment failed and I do not know why.,negative,2.43
903791,104505,2026-06-30 23:59:59,Account,I need help with my account.,neutral,8.45
903792,109087,2026-03-18 20:41:14,Account,I need help with my account.,neutral,17.89
903793,102329,2026-04-19 06:02:05,Account,I need help with my account.,neutral,16.77
903794,144442,2026-04-21 20:53:08,Rewards,The rewards experience is confusing.,neutral,7.83
903795,132784,2026-02-04 22:54:28,Account,I need help with my account.,neutral,14.94
903796,147360,2026-03-18 22:15:13,KYC Issues,I am unable to complete KYC document verification.,negative,1.26
903797,146675,2026-03-21 06:56:59,Payment Failure,My payment failed and I do not know why.,negative,4.28
903798,115855,2026-05-18 21:11:01,KYC Issues,I am unable to complete KYC document verification.,negative,3.99
903799,149480,2026-04-06 19:24:35,Account,I need help with my account.,neutral,1.16
903800,142205,2026-05-21 04:30:22,Payment Failure,My payment failed and I do not know why.,negative,2.34
903801,112958,2026-06-12 15:42:02,Rewards,The rewards experience is confusing.,neutral,17.16
903802,135130,2026-04-05 15:45:50,KYC Issues,I am unable to complete KYC document verification.,negative,0.71
903803,115147,2026-04-29 04:07:08,Payment Failure,My payment failed and I do not know why.,negative,8.34
903804,131308,2026-02-18 23:49:56,Rewards,The rewards experience is confusing.,neutral,14.98
903805,107415,2026-04-06 12:27:48,KYC Issues,I am unable to complete KYC document verification.,negative,7.11
903806,106309,2026-06-18 05:01:44,Rewards,The rewards experience is confusing.,neutral,9.29
903807,127368,2026-04-25 14:34:45,App Performance,The app feels slow and sometimes freezes.,negative,5.46
903808,109847,2026-03-27 14:29:10,Account,I need help with my account.,neutral,2.25
903809,113371,2026-04-20 19:49:56,Payment Failure,My payment failed and I do not know why.,negative,6.37
903810,145334,2026-04-29 19:43:14,Account,I need help with my account.,neutral,8.35
903811,133177,2026-02-16 02:00:22,Payment Failure,My payment failed and I do not know why.,negative,10.16
903812,132130,2026-04-21 23:12:12,App Performance,The app feels slow and sometimes freezes.,negative,22.43
903813,117213,2026-06-12 02:29:09,Rewards,The rewards experience is confusing.,neutral,2.65
903814,124295,2026-03-15 20:50:25,Payment Failure,My payment failed and I do not know why.,negative,1.73
903815,113745,2026-04-14 15:26:26,Payment Failure,My payment failed and I do not know why.,negative,7.57
903816,102437,2026-02-24 00:59:37,Account,I need help with my account.,neutral,15.72
903817,122106,2026-01-27 05:37:06,Account,I need help with my account.,neutral,19.23
903818,147786,2026-01-03 09:47:29,Account,I need help with my account.,neutral,6.37
903819,134895,2026-04-28 16:08:23,App Performance,The app feels slow and sometimes freezes.,negative,11.87
903820,120411,2026-03-20 09:02:32,Rewards,The rewards experience is confusing.,neutral,3.87
903821,132237,2026-04-07 02:17:05,Payment Failure,My payment failed and I do not know why.,negative,9.71
903822,130913,2026-05-26 03:31:01,KYC Issues,I am unable to complete KYC document verification.,negative,5.37
903823,148464,2026-02-28 08:20:17,Payment Failure,My payment failed and I do not know why.,negative,17.27
903824,132885,2026-03-20 15:17:52,Payment Failure,My payment failed and I do not know why.,negative,7.1
903825,142110,2026-01-21 03:39:49,Payment Failure,My payment failed and I do not know why.,negative,1.45
903826,139510,2026-03-16 13:41:17,Payment Failure,My payment failed and I do not know why.,negative,3.9
903827,141122,2026-03-15 12:11:17,Account,I need help with my account.,neutral,10.37
903828,129711,2026-06-27 03:11:19,Payment Failure,My payment failed and I do not know why.,negative,23.11
903829,133117,2026-03-11 22:56:00,Payment Failure,My payment failed and I do not know why.,negative,7.39
903830,109350,2026-03-14 01:39:22,KYC Issues,I am unable to complete KYC document verification.,negative,9.68
903831,120841,2026-04-19 06:10:44,Account,I need help with my account.,neutral,7.53
903832,140354,2026-01-17 15:05:54,App Performance,The app feels slow and sometimes freezes.,negative,14.48
903833,117240,2026-01-14 19:05:50,Rewards,The rewards experience is confusing.,neutral,13.71
903834,148606,2026-06-23 01:04:21,KYC Issues,I am unable to complete KYC document verification.,negative,20.67
903835,116177,2026-06-30 23:54:01,Payment Failure,My payment failed and I do not know why.,negative,1.74
903836,112832,2026-02-17 18:58:08,Account,I need help with my account.,neutral,5.38
903837,138589,2026-06-02 15:02:23,KYC Issues,I am unable to complete KYC document verification.,negative,10.18
903838,148801,2026-05-01 14:32:20,Payment Failure,My payment failed and I do not know why.,negative,6.97
903839,145872,2026-01-14 03:14:30,Payment Failure,My payment failed and I do not know why.,negative,1.41
903840,148922,2026-05-15 20:55:23,Account,I need help with my account.,neutral,29.34
903841,107201,2026-03-12 12:15:45,KYC Issues,I am unable to complete KYC document verification.,negative,6.24
903842,136990,2026-02-08 01:33:58,Account,I need help with my account.,neutral,22.65
903843,145963,2026-06-17 02:02:59,KYC Issues,I am unable to complete KYC document verification.,negative,10.43
903844,100891,2026-04-19 06:23:49,Account,I need help with my account.,neutral,12.44
903845,148015,2026-04-03 20:46:57,Payment Failure,My payment failed and I do not know why.,negative,20.64
903846,107891,2026-01-25 08:54:39,Account,I need help with my account.,neutral,1.97
903847,120400,2026-05-17 07:29:13,Payment Failure,My payment failed and I do not know why.,negative,3.98
903848,116228,2026-06-05 18:30:33,KYC Issues,I am unable to complete KYC document verification.,negative,8.12
903849,105688,2026-04-06 13:43:37,KYC Issues,I am unable to complete KYC document verification.,negative,6.17
903850,131163,2026-06-14 13:00:41,KYC Issues,I am unable to complete KYC document verification.,negative,15.58
903851,143029,2026-04-06 23:50:36,KYC Issues,I am unable to complete KYC document verification.,negative,5.11
903852,148149,2026-03-05 01:12:50,Payment Failure,My payment failed and I do not know why.,negative,31.32
903853,145402,2026-06-18 20:09:07,KYC Issues,I am unable to complete KYC document verification.,negative,3.01
903854,141757,2026-03-13 16:23:39,Payment Failure,My payment failed and I do not know why.,negative,9.45
903855,108529,2026-01-22 23:33:54,Payment Failure,My payment failed and I do not know why.,negative,14.37
903856,140909,2026-02-26 10:07:06,Account,I need help with my account.,neutral,11.33
903857,100652,2026-02-06 08:16:06,Payment Failure,My payment failed and I do not know why.,negative,9.07
903858,113907,2026-02-03 15:03:38,Rewards,The rewards experience is confusing.,neutral,7.96
903859,123232,2026-03-25 17:51:19,KYC Issues,I am unable to complete KYC document verification.,negative,7.29
903860,123344,2026-05-24 05:36:55,App Performance,The app feels slow and sometimes freezes.,negative,6.55
903861,127498,2026-04-30 16:09:51,App Performance,The app feels slow and sometimes freezes.,negative,18.94
903862,105011,2026-05-18 07:10:35,Account,I need help with my account.,neutral,15.29
903863,118149,2026-06-12 19:07:48,Rewards,The rewards experience is confusing.,neutral,20.47
903864,136688,2026-04-14 09:16:28,Rewards,The rewards experience is confusing.,neutral,10.99
903865,128577,2026-05-15 15:43:28,Account,I need help with my account.,neutral,5.83
903866,134714,2026-05-23 22:20:39,Account,I need help with my account.,neutral,10.13
903867,133392,2026-03-27 11:43:12,Account,I need help with my account.,neutral,15.17
903868,149768,2026-06-03 15:59:44,Account,I need help with my account.,neutral,8.67
903869,146160,2026-04-29 06:30:40,Account,I need help with my account.,neutral,33.33
903870,135268,2026-05-29 22:19:37,Rewards,The rewards experience is confusing.,neutral,13.39
903871,102555,2026-04-01 06:46:39,App Performance,The app feels slow and sometimes freezes.,negative,35.63
903872,103715,2026-04-21 01:41:10,App Performance,The app feels slow and sometimes freezes.,negative,8.91
903873,116564,2026-02-04 02:20:37,Account,I need help with my account.,neutral,2.05
903874,124881,2026-02-27 22:38:13,KYC Issues,I am unable to complete KYC document verification.,negative,7.31
903875,121280,2026-02-20 17:05:49,Payment Failure,My payment failed and I do not know why.,negative,5.35
903876,138942,2026-06-18 01:05:34,Payment Failure,My payment failed and I do not know why.,negative,14.4
903877,112388,2026-02-08 22:56:36,Account,I need help with my account.,neutral,4.03
903878,133417,2026-02-28 05:16:30,Payment Failure,My payment failed and I do not know why.,negative,18.3
903879,111809,2026-05-29 22:36:23,App Performance,The app feels slow and sometimes freezes.,negative,6.11
903880,125954,2026-02-27 17:04:18,KYC Issues,I am unable to complete KYC document verification.,negative,22.49
903881,119322,2026-06-09 15:34:35,Account,I need help with my account.,neutral,2.73
903882,143437,2026-06-08 15:21:43,App Performance,The app feels slow and sometimes freezes.,negative,7.58
903883,126429,2026-03-02 12:46:10,Rewards,The rewards experience is confusing.,neutral,9.91
903884,134883,2026-03-13 05:50:03,KYC Issues,I am unable to complete KYC document verification.,negative,4.06
903885,110010,2026-03-07 02:51:37,Rewards,The rewards experience is confusing.,neutral,2.4
903886,127091,2026-06-09 22:44:41,Payment Failure,My payment failed and I do not know why.,negative,17.92
903887,109126,2026-03-18 05:54:59,App Performance,The app feels slow and sometimes freezes.,negative,4.68
903888,137456,2026-01-07 12:34:38,App Performance,The app feels slow and sometimes freezes.,negative,22.11
903889,148233,2026-04-04 09:05:07,Account,I need help with my account.,neutral,7.1
903890,129214,2026-03-24 20:56:18,Account,I need help with my account.,neutral,20.43
903891,108518,2026-05-30 13:19:24,KYC Issues,I am unable to complete KYC document verification.,negative,3.55
903892,117714,2026-01-12 00:15:10,App Performance,The app feels slow and sometimes freezes.,negative,1.67
903893,122947,2026-03-30 10:40:08,Account,I need help with my account.,neutral,4.12
903894,137539,2026-05-26 08:34:27,Account,I need help with my account.,neutral,4.32
903895,108275,2026-01-29 23:45:18,KYC Issues,I am unable to complete KYC document verification.,negative,7.46
903896,134449,2026-04-28 18:45:33,App Performance,The app feels slow and sometimes freezes.,negative,2.92
903897,148377,2026-04-27 01:44:53,Account,I need help with my account.,neutral,8.28
903898,149914,2026-02-22 17:15:15,Rewards,The rewards experience is confusing.,neutral,9.67
903899,130339,2026-05-19 03:38:38,Payment Failure,My payment failed and I do not know why.,negative,5.88
903900,129619,2026-03-11 19:06:01,Payment Failure,My payment failed and I do not know why.,negative,9.4
903901,104827,2026-04-21 09:31:55,Rewards,The rewards experience is confusing.,neutral,1.3
903902,132086,2026-05-19 05:55:57,App Performance,The app feels slow and sometimes freezes.,negative,13.83
903903,110172,2026-05-26 21:32:21,KYC Issues,I am unable to complete KYC document verification.,negative,9.0
903904,110784,2026-02-06 05:40:36,App Performance,The app feels slow and sometimes freezes.,negative,8.74
903905,117691,2026-04-09 20:50:14,Rewards,The rewards experience is confusing.,neutral,1.95
903906,145905,2026-03-11 12:31:34,KYC Issues,I am unable to complete KYC document verification.,negative,16.46
903907,139304,2026-03-27 01:32:35,KYC Issues,I am unable to complete KYC document verification.,negative,4.63
903908,133544,2026-06-26 21:08:55,Rewards,The rewards experience is confusing.,neutral,4.1
903909,121675,2026-05-21 22:20:05,Account,I need help with my account.,neutral,31.35
903910,115220,2026-06-30 23:59:59,App Performance,The app feels slow and sometimes freezes.,negative,25.76
903911,107512,2026-01-28 09:42:58,Rewards,The rewards experience is confusing.,neutral,4.05
903912,119435,2026-04-25 23:50:50,Payment Failure,My payment failed and I do not know why.,negative,26.45
903913,122923,2026-06-30 00:52:51,Payment Failure,My payment failed and I do not know why.,negative,14.36
903914,138110,2026-04-20 09:59:58,App Performance,The app feels slow and sometimes freezes.,negative,8.31
903915,146999,2026-02-07 14:21:51,Account,I need help with my account.,neutral,6.34
903916,140521,2026-04-03 16:10:50,KYC Issues,I am unable to complete KYC document verification.,negative,9.56
903917,136347,2026-04-07 09:44:57,App Performance,The app feels slow and sometimes freezes.,negative,2.3
903918,102515,2026-01-20 16:57:46,Payment Failure,My payment failed and I do not know why.,negative,17.8
903919,119719,2026-02-05 20:53:09,KYC Issues,I am unable to complete KYC document verification.,negative,0.62
903920,142954,2026-04-01 01:52:14,KYC Issues,I am unable to complete KYC document verification.,negative,14.0
903921,117142,2026-04-17 12:26:26,App Performance,The app feels slow and sometimes freezes.,negative,9.88
903922,135992,2026-03-06 22:30:08,Account,I need help with my account.,neutral,5.58
903923,107678,2026-05-14 05:24:57,Account,I need help with my account.,neutral,4.57
903924,108443,2026-05-24 10:41:58,App Performance,The app feels slow and sometimes freezes.,negative,3.67
903925,148274,2026-06-28 02:51:40,Payment Failure,My payment failed and I do not know why.,negative,29.31
903926,143494,2026-04-30 17:27:46,KYC Issues,I am unable to complete KYC document verification.,negative,6.18
903927,148640,2026-03-10 19:12:46,Rewards,The rewards experience is confusing.,neutral,2.77
903928,143503,2026-06-01 01:33:56,Account,I need help with my account.,neutral,9.02
903929,113792,2026-03-23 04:05:16,KYC Issues,I am unable to complete KYC document verification.,negative,2.39
903930,108618,2026-06-13 03:23:08,Payment Failure,My payment failed and I do not know why.,negative,3.55
903931,104249,2026-02-04 10:10:12,Rewards,The rewards experience is confusing.,neutral,3.65
903932,121721,2026-06-14 05:50:56,App Performance,The app feels slow and sometimes freezes.,negative,18.56
903933,126309,2026-05-09 14:50:49,Payment Failure,My payment failed and I do not know why.,negative,11.33
903934,102516,2026-02-19 14:25:34,KYC Issues,I am unable to complete KYC document verification.,negative,11.89
903935,102727,2026-03-07 00:26:48,Rewards,The rewards experience is confusing.,neutral,13.99
903936,149877,2026-06-20 22:53:49,KYC Issues,I am unable to complete KYC document verification.,negative,8.84
903937,122551,2026-06-30 23:59:59,KYC Issues,I am unable to complete KYC document verification.,negative,13.65
903938,125562,2026-05-21 08:11:56,KYC Issues,I am unable to complete KYC document verification.,negative,6.49
903939,146564,2026-05-01 09:07:18,KYC Issues,I am unable to complete KYC document verification.,negative,4.41
903940,106586,2026-04-17 06:18:11,Account,I need help with my account.,neutral,15.78
903941,140733,2026-01-18 22:20:03,App Performance,The app feels slow and sometimes freezes.,negative,14.63
903942,124852,2026-06-28 17:30:43,Rewards,The rewards experience is confusing.,neutral,3.22
903943,129429,2026-03-29 15:26:15,App Performance,The app feels slow and sometimes freezes.,negative,29.77
903944,131804,2026-06-21 06:50:21,App Performance,The app feels slow and sometimes freezes.,negative,1.6
903945,143731,2026-04-24 15:44:56,App Performance,The app feels slow and sometimes freezes.,negative,9.96
903946,125705,2026-03-04 15:56:57,Account,I need help with my account.,neutral,0.43
903947,130343,2026-06-25 03:30:43,Payment Failure,My payment failed and I do not know why.,negative,12.74
903948,121074,2026-04-08 00:24:52,App Performance,The app feels slow and sometimes freezes.,negative,3.65
903949,116813,2026-05-06 18:41:50,KYC Issues,I am unable to complete KYC document verification.,negative,4.44
903950,146205,2026-03-29 18:33:36,KYC Issues,I am unable to complete KYC document verification.,negative,6.79
903951,132292,2026-04-09 16:08:40,Account,I need help with my account.,neutral,16.18
903952,135506,2026-04-30 16:16:08,KYC Issues,I am unable to complete KYC document verification.,negative,9.48
903953,129984,2026-06-01 07:57:24,KYC Issues,I am unable to complete KYC document verification.,negative,18.05
903954,135084,2026-05-30 15:03:57,Account,I need help with my account.,neutral,3.26
903955,114286,2026-04-02 06:41:33,Payment Failure,My payment failed and I do not know why.,negative,15.15
903956,131624,2026-02-14 03:20:58,Payment Failure,My payment failed and I do not know why.,negative,2.45
903957,137327,2026-01-26 01:50:27,App Performance,The app feels slow and sometimes freezes.,negative,9.76
903958,106794,2026-06-14 15:13:32,KYC Issues,I am unable to complete KYC document verification.,negative,10.75
903959,102901,2026-06-30 23:59:59,Account,I need help with my account.,neutral,23.78
903960,109744,2026-05-01 00:39:31,Payment Failure,My payment failed and I do not know why.,negative,5.29
903961,115838,2026-02-25 21:11:05,App Performance,The app feels slow and sometimes freezes.,negative,8.02
903962,142212,2026-06-30 23:59:59,App Performance,The app feels slow and sometimes freezes.,negative,4.41
903963,104705,2026-04-25 06:27:32,App Performance,The app feels slow and sometimes freezes.,negative,26.11
903964,127326,2026-02-22 17:15:48,App Performance,The app feels slow and sometimes freezes.,negative,20.86
903965,129520,2026-06-22 16:34:17,KYC Issues,I am unable to complete KYC document verification.,negative,30.18
903966,112525,2026-06-05 11:41:31,App Performance,The app feels slow and sometimes freezes.,negative,11.35
903967,100937,2026-04-07 08:24:59,Payment Failure,My payment failed and I do not know why.,negative,5.15
903968,138818,2026-02-09 02:42:53,Account,I need help with my account.,neutral,15.52
903969,140299,2026-01-14 13:27:41,Account,I need help with my account.,neutral,5.52
903970,130143,2026-02-16 13:58:39,Payment Failure,My payment failed and I do not know why.,negative,11.92
903971,132194,2026-05-03 02:08:59,Account,I need help with my account.,neutral,15.59
903972,140975,2026-03-16 12:06:36,Account,I need help with my account.,neutral,23.82
903973,105749,2026-03-02 17:54:45,Account,I need help with my account.,neutral,4.46
903974,121049,2026-03-22 20:01:33,Account,I need help with my account.,neutral,8.04
903975,121974,2026-05-15 16:44:40,Payment Failure,My payment failed and I do not know why.,negative,18.29
903976,114555,2026-06-02 20:01:09,KYC Issues,I am unable to complete KYC document verification.,negative,16.62
903977,120563,2026-03-19 18:43:53,Payment Failure,My payment failed and I do not know why.,negative,1.67
903978,148809,2026-06-19 11:41:53,KYC Issues,I am unable to complete KYC document verification.,negative,9.79
903979,127160,2026-06-30 23:59:59,KYC Issues,I am unable to complete KYC document verification.,negative,10.94
903980,131828,2026-02-18 20:48:19,Payment Failure,My payment failed and I do not know why.,negative,12.46
903981,112623,2026-03-20 17:31:16,App Performance,The app feels slow and sometimes freezes.,negative,3.87
903982,105922,2026-03-20 11:49:33,App Performance,The app feels slow and sometimes freezes.,negative,4.77
903983,101721,2026-05-13 13:02:09,Account,I need help with my account.,neutral,12.74
903984,100582,2026-02-02 19:12:07,Payment Failure,My payment failed and I do not know why.,negative,2.16
903985,124466,2026-04-20 15:12:42,Account,I need help with my account.,neutral,19.02
903986,106144,2026-05-23 01:25:55,KYC Issues,I am unable to complete KYC document verification.,negative,2.07
903987,147121,2026-02-25 16:06:19,KYC Issues,I am unable to complete KYC document verification.,negative,3.43
903988,112663,2026-06-16 15:47:50,Rewards,The rewards experience is confusing.,neutral,4.5
903989,106362,2026-02-15 14:36:11,KYC Issues,I am unable to complete KYC document verification.,negative,1.93
903990,142202,2026-01-25 03:40:11,Account,I need help with my account.,neutral,3.52
903991,134562,2026-06-30 22:44:59,Payment Failure,My payment failed and I do not know why.,negative,4.47
903992,129124,2026-03-10 06:36:29,Payment Failure,My payment failed and I do not know why.,negative,11.35
903993,120306,2026-05-03 20:34:13,App Performance,The app feels slow and sometimes freezes.,negative,4.6
903994,134089,2026-06-25 07:38:53,KYC Issues,I am unable to complete KYC document verification.,negative,9.77
903995,110255,2026-02-22 03:54:54,KYC Issues,I am unable to complete KYC document verification.,negative,27.51
903996,146736,2026-03-21 09:50:08,Account,I need help with my account.,neutral,3.18
903997,128682,2026-03-16 18:48:56,Payment Failure,My payment failed and I do not know why.,negative,3.53
903998,146607,2026-06-17 10:11:08,App Performance,The app feels slow and sometimes freezes.,negative,8.52
903999,107500,2026-06-14 14:46:03,Payment Failure,My payment failed and I do not know why.,negative,0.14
904000,124976,2026-03-23 03:29:29,Account,I need help with my account.,neutral,8.76
904001,116001,2026-04-18 02:35:36,Rewards,The rewards experience is confusing.,neutral,2.08
904002,140863,2026-06-04 12:01:54,Rewards,The rewards experience is confusing.,neutral,1.59
904003,123014,2026-06-04 03:51:27,KYC Issues,I am unable to complete KYC document verification.,negative,9.08
904004,100771,2026-01-22 02:28:02,Payment Failure,My payment failed and I do not know why.,negative,14.77
904005,104092,2026-01-18 13:28:56,Account,I need help with my account.,neutral,4.87
904006,147649,2026-06-05 07:00:23,KYC Issues,I am unable to complete KYC document verification.,negative,6.92
904007,130054,2026-03-07 20:47:23,App Performance,The app feels slow and sometimes freezes.,negative,3.78
904008,148859,2026-04-13 09:40:49,Payment Failure,My payment failed and I do not know why.,negative,16.9
904009,119581,2026-05-04 03:00:41,Account,I need help with my account.,neutral,5.12
904010,130108,2026-05-16 04:55:42,Rewards,The rewards experience is confusing.,neutral,5.05
904011,142971,2026-06-13 06:44:22,App Performance,The app feels slow and sometimes freezes.,negative,10.88
904012,143110,2026-03-14 06:06:49,Payment Failure,My payment failed and I do not know why.,negative,6.98
904013,135981,2026-03-04 14:24:57,KYC Issues,I am unable to complete KYC document verification.,negative,18.71
904014,116314,2026-05-27 11:00:58,Payment Failure,My payment failed and I do not know why.,negative,10.96
904015,138043,2026-06-30 18:31:07,App Performance,The app feels slow and sometimes freezes.,negative,0.44
904016,145023,2026-04-08 13:58:47,App Performance,The app feels slow and sometimes freezes.,negative,18.7
904017,114357,2026-03-13 08:55:45,Account,I need help with my account.,neutral,9.71
904018,100298,2026-03-04 01:10:02,Payment Failure,My payment failed and I do not know why.,negative,3.85
904019,133785,2026-06-17 01:27:20,Rewards,The rewards experience is confusing.,neutral,26.12
904020,134174,2026-05-24 10:49:01,Payment Failure,My payment failed and I do not know why.,negative,1.49
904021,123495,2026-04-11 05:18:49,Account,I need help with my account.,neutral,13.91
904022,143720,2026-02-23 07:39:37,Rewards,The rewards experience is confusing.,neutral,3.73
904023,140397,2026-04-24 13:24:23,App Performance,The app feels slow and sometimes freezes.,negative,8.07
904024,121601,2026-03-01 02:22:13,Account,I need help with my account.,neutral,13.72
904025,112396,2026-04-03 11:20:58,KYC Issues,I am unable to complete KYC document verification.,negative,7.38
904026,134846,2026-06-30 23:59:59,Account,I need help with my account.,neutral,11.59
904027,113996,2026-05-04 19:44:40,Payment Failure,My payment failed and I do not know why.,negative,4.93
904028,145700,2026-02-10 15:21:05,Payment Failure,My payment failed and I do not know why.,negative,6.6
904029,101279,2026-05-23 03:07:56,App Performance,The app feels slow and sometimes freezes.,negative,5.63
904030,142636,2026-05-16 11:35:28,Account,I need help with my account.,neutral,18.51
904031,104725,2026-03-06 22:57:59,Account,I need help with my account.,neutral,7.83
904032,132826,2026-03-11 21:44:46,Payment Failure,My payment failed and I do not know why.,negative,10.67
904033,126813,2026-03-14 04:59:47,KYC Issues,I am unable to complete KYC document verification.,negative,3.78
904034,120223,2026-06-10 12:32:47,Rewards,The rewards experience is confusing.,neutral,7.74
904035,142965,2026-02-19 02:43:51,KYC Issues,I am unable to complete KYC document verification.,negative,4.64
904036,127614,2026-03-19 13:13:57,App Performance,The app feels slow and sometimes freezes.,negative,20.32
904037,119362,2026-01-23 06:47:36,KYC Issues,I am unable to complete KYC document verification.,negative,11.07
904038,118371,2026-06-30 23:59:59,KYC Issues,I am unable to complete KYC document verification.,negative,10.76
904039,146232,2026-01-20 09:47:08,KYC Issues,I am unable to complete KYC document verification.,negative,10.83
904040,145630,2026-03-21 15:30:04,Rewards,The rewards experience is confusing.,neutral,8.18
904041,137761,2026-01-25 09:44:59,KYC Issues,I am unable to complete KYC document verification.,negative,11.56
904042,143167,2026-04-11 05:20:06,Account,I need help with my account.,neutral,11.06
904043,128122,2026-04-27 20:57:21,Rewards,The rewards experience is confusing.,neutral,11.38
904044,103309,2026-06-23 16:30:29,KYC Issues,I am unable to complete KYC document verification.,negative,0.67
904045,117682,2026-05-28 08:26:10,Payment Failure,My payment failed and I do not know why.,negative,1.98
904046,129103,2026-04-19 11:25:58,App Performance,The app feels slow and sometimes freezes.,negative,3.86
904047,112105,2026-06-23 11:40:03,Account,I need help with my account.,neutral,19.76
904048,117487,2026-02-17 02:09:36,KYC Issues,I am unable to complete KYC document verification.,negative,2.28
904049,138604,2026-05-02 05:11:34,Account,I need help with my account.,neutral,4.56
904050,138486,2026-03-13 03:17:00,Account,I need help with my account.,neutral,10.46
904051,134692,2026-01-20 04:59:22,Account,I need help with my account.,neutral,7.08
904052,114062,2026-06-30 23:59:59,KYC Issues,I am unable to complete KYC document verification.,negative,6.33
904053,131027,2026-03-23 13:28:08,Account,I need help with my account.,neutral,1.26
904054,109926,2026-06-13 23:13:01,Account,I need help with my account.,neutral,0.3
904055,103402,2026-05-20 03:12:32,App Performance,The app feels slow and sometimes freezes.,negative,18.34
904056,143024,2026-01-31 10:48:17,Payment Failure,My payment failed and I do not know why.,negative,7.14
904057,115297,2026-06-14 01:33:09,KYC Issues,I am unable to complete KYC document verification.,negative,3.41
904058,118675,2026-05-03 20:25:02,App Performance,The app feels slow and sometimes freezes.,negative,5.28
904059,147624,2026-05-10 03:27:55,KYC Issues,I am unable to complete KYC document verification.,negative,11.68
904060,123615,2026-04-04 14:34:32,Payment Failure,My payment failed and I do not know why.,negative,13.09
904061,126363,2026-03-11 22:58:40,Payment Failure,My payment failed and I do not know why.,negative,29.85
904062,137637,2026-05-29 14:37:58,App Performance,The app feels slow and sometimes freezes.,negative,11.93
904063,130888,2026-03-26 12:54:20,KYC Issues,I am unable to complete KYC document verification.,negative,4.09
904064,146316,2026-02-10 07:11:07,App Performance,The app feels slow and sometimes freezes.,negative,3.8
904065,109382,2026-03-24 04:43:01,App Performance,The app feels slow and sometimes freezes.,negative,8.07
904066,122703,2026-03-17 11:44:13,Payment Failure,My payment failed and I do not know why.,negative,7.51
904067,143633,2026-03-05 19:02:48,Payment Failure,My payment failed and I do not know why.,negative,9.55
904068,127562,2026-06-01 20:45:55,App Performance,The app feels slow and sometimes freezes.,negative,10.5
904069,133625,2026-04-22 02:45:18,Account,I need help with my account.,neutral,4.42
904070,147597,2026-02-19 19:26:46,KYC Issues,I am unable to complete KYC document verification.,negative,22.62
904071,121936,2026-04-12 13:02:06,App Performance,The app feels slow and sometimes freezes.,negative,20.96
904072,118170,2026-06-04 22:57:44,Account,I need help with my account.,neutral,15.07
904073,129420,2026-06-24 00:04:33,Rewards,The rewards experience is confusing.,neutral,3.75
904074,136617,2026-03-01 23:14:32,Payment Failure,My payment failed and I do not know why.,negative,7.08
904075,110594,2026-06-30 23:59:59,KYC Issues,I am unable to complete KYC document verification.,negative,3.68
904076,137424,2026-02-08 19:08:28,App Performance,The app feels slow and sometimes freezes.,negative,7.95
904077,116675,2026-05-08 02:58:52,App Performance,The app feels slow and sometimes freezes.,negative,25.18
904078,121394,2026-02-09 11:53:03,Rewards,The rewards experience is confusing.,neutral,16.3
904079,144423,2026-02-13 14:59:00,Payment Failure,My payment failed and I do not know why.,negative,13.13
904080,106294,2026-03-15 09:58:39,Account,I need help with my account.,neutral,8.8
904081,137182,2026-01-17 12:23:45,Rewards,The rewards experience is confusing.,neutral,9.63
904082,118588,2026-02-06 16:12:56,KYC Issues,I am unable to complete KYC document verification.,negative,2.11
904083,103426,2026-02-26 07:26:50,KYC Issues,I am unable to complete KYC document verification.,negative,12.4
904084,103231,2026-06-30 23:59:59,KYC Issues,I am unable to complete KYC document verification.,negative,1.62
904085,141879,2026-03-12 21:10:10,KYC Issues,I am unable to complete KYC document verification.,negative,5.9
904086,114464,2026-02-20 20:25:47,Account,I need help with my account.,neutral,12.03
904087,115354,2026-03-11 18:45:06,KYC Issues,I am unable to complete KYC document verification.,negative,10.51
904088,142731,2026-02-16 10:56:59,Account,I need help with my account.,neutral,12.79
904089,117787,2026-05-27 21:17:41,Rewards,The rewards experience is confusing.,neutral,3.57
904090,146331,2026-05-31 22:31:43,Account,I need help with my account.,neutral,1.2
904091,116393,2026-01-25 21:00:34,KYC Issues,I am unable to complete KYC document verification.,negative,18.97
904092,116853,2026-02-02 00:05:10,Rewards,The rewards experience is confusing.,neutral,1.48
904093,134835,2026-05-14 15:17:40,KYC Issues,I am unable to complete KYC document verification.,negative,30.83
904094,132530,2026-05-09 20:34:23,Payment Failure,My payment failed and I do not know why.,negative,18.23
904095,143524,2026-06-30 23:59:59,Account,I need help with my account.,neutral,21.21
904096,141558,2026-03-31 11:44:57,Account,I need help with my account.,neutral,2.04
904097,116582,2026-06-01 09:27:07,KYC Issues,I am unable to complete KYC document verification.,negative,3.86
904098,117556,2026-04-17 23:15:43,Payment Failure,My payment failed and I do not know why.,negative,10.04
904099,130230,2026-03-01 04:58:50,KYC Issues,I am unable to complete KYC document verification.,negative,7.52
904100,104131,2026-04-27 00:39:29,KYC Issues,I am unable to complete KYC document verification.,negative,22.28
904101,138307,2026-02-17 03:50:40,Account,I need help with my account.,neutral,21.31
904102,126809,2026-06-10 05:53:20,App Performance,The app feels slow and sometimes freezes.,negative,15.78
904103,137062,2026-03-18 03:54:17,App Performance,The app feels slow and sometimes freezes.,negative,2.38
904104,117363,2026-03-10 05:58:34,Rewards,The rewards experience is confusing.,neutral,7.77
904105,148398,2026-05-03 07:09:04,Payment Failure,My payment failed and I do not know why.,negative,10.85
904106,101078,2026-06-21 12:52:54,Payment Failure,My payment failed and I do not know why.,negative,8.77
904107,147207,2026-05-20 12:09:52,KYC Issues,I am unable to complete KYC document verification.,negative,5.29
904108,141034,2026-02-27 23:47:43,Rewards,The rewards experience is confusing.,neutral,27.93
904109,105502,2026-04-11 19:28:35,App Performance,The app feels slow and sometimes freezes.,negative,4.75
904110,104414,2026-06-06 23:04:28,Account,I need help with my account.,neutral,13.86
904111,123803,2026-01-18 10:55:48,Account,I need help with my account.,neutral,12.46
904112,134529,2026-03-30 14:26:10,Account,I need help with my account.,neutral,7.82
904113,121245,2026-03-26 22:55:53,Payment Failure,My payment failed and I do not know why.,negative,28.27
904114,103001,2026-04-01 15:48:15,Payment Failure,My payment failed and I do not know why.,negative,2.8
904115,139704,2026-04-09 14:40:48,Account,I need help with my account.,neutral,24.47
904116,147445,2026-01-29 08:12:34,Payment Failure,My payment failed and I do not know why.,negative,14.66
904117,104760,2026-01-25 00:34:17,Rewards,The rewards experience is confusing.,neutral,8.56
904118,149277,2026-03-04 11:03:10,Payment Failure,My payment failed and I do not know why.,negative,12.67
904119,144283,2026-05-13 04:58:57,Account,I need help with my account.,neutral,5.67
904120,116540,2026-05-18 19:10:58,Account,I need help with my account.,neutral,24.08
904121,143801,2026-04-18 17:33:52,Rewards,The rewards experience is confusing.,neutral,9.29
904122,125152,2026-05-16 15:51:39,App Performance,The app feels slow and sometimes freezes.,negative,11.74
904123,108323,2026-02-24 21:10:03,KYC Issues,I am unable to complete KYC document verification.,negative,14.7
904124,138151,2026-06-30 23:59:59,KYC Issues,I am unable to complete KYC document verification.,negative,10.21
904125,147905,2026-02-22 20:51:25,Payment Failure,My payment failed and I do not know why.,negative,28.22
904126,114947,2026-03-21 05:01:37,Payment Failure,My payment failed and I do not know why.,negative,3.01
904127,148621,2026-03-27 06:47:09,Account,I need help with my account.,neutral,2.0
904128,143423,2026-06-11 11:02:17,Payment Failure,My payment failed and I do not know why.,negative,10.68
904129,109469,2026-03-07 18:11:29,Rewards,The rewards experience is confusing.,neutral,15.92
904130,105309,2026-03-10 03:32:18,Payment Failure,My payment failed and I do not know why.,negative,13.65
904131,124989,2026-02-22 22:53:50,App Performance,The app feels slow and sometimes freezes.,negative,4.83
904132,134483,2026-01-16 05:51:23,Rewards,The rewards experience is confusing.,neutral,12.11
904133,131681,2026-06-07 03:03:57,Payment Failure,My payment failed and I do not know why.,negative,6.57
904134,104476,2026-04-07 12:13:25,Payment Failure,My payment failed and I do not know why.,negative,11.99
904135,123091,2026-05-24 09:34:34,Account,I need help with my account.,neutral,7.88
904136,112262,2026-02-24 19:44:45,Account,I need help with my account.,neutral,4.59
904137,102418,2026-03-18 02:50:24,KYC Issues,I am unable to complete KYC document verification.,negative,9.84
904138,110215,2026-02-01 05:48:26,Payment Failure,My payment failed and I do not know why.,negative,7.94
904139,142120,2026-01-09 18:42:11,Payment Failure,My payment failed and I do not know why.,negative,14.43
904140,106986,2026-04-23 19:45:52,App Performance,The app feels slow and sometimes freezes.,negative,17.57
904141,104121,2026-04-14 06:34:51,Payment Failure,My payment failed and I do not know why.,negative,5.76
904142,134897,2026-03-11 03:06:34,Payment Failure,My payment failed and I do not know why.,negative,32.62
904143,126496,2026-01-08 21:12:16,Payment Failure,My payment failed and I do not know why.,negative,22.81
904144,149745,2026-02-24 18:47:28,Payment Failure,My payment failed and I do not know why.,negative,11.73
904145,105795,2026-04-08 02:15:19,Payment Failure,My payment failed and I do not know why.,negative,15.46
904146,132818,2026-05-20 09:44:24,KYC Issues,I am unable to complete KYC document verification.,negative,3.3
904147,138895,2026-06-18 11:05:11,App Performance,The app feels slow and sometimes freezes.,negative,3.79
904148,124906,2026-01-29 02:58:47,App Performance,The app feels slow and sometimes freezes.,negative,10.63
904149,110164,2026-03-10 00:56:29,Payment Failure,My payment failed and I do not know why.,negative,5.72
904150,102830,2026-06-30 23:59:59,KYC Issues,I am unable to complete KYC document verification.,negative,10.95
904151,146557,2026-06-15 05:17:28,Payment Failure,My payment failed and I do not know why.,negative,8.16
904152,137520,2026-04-05 11:32:15,App Performance,The app feels slow and sometimes freezes.,negative,10.28
904153,113827,2026-06-30 23:59:59,Rewards,The rewards experience is confusing.,neutral,16.86
904154,130761,2026-04-17 23:16:55,KYC Issues,I am unable to complete KYC document verification.,negative,0.63
904155,132272,2026-05-05 16:15:27,Payment Failure,My payment failed and I do not know why.,negative,8.36
904156,123116,2026-06-29 00:14:58,KYC Issues,I am unable to complete KYC document verification.,negative,5.5
904157,122684,2026-04-06 16:36:27,Payment Failure,My payment failed and I do not know why.,negative,7.91
904158,128908,2026-03-05 02:36:42,Payment Failure,My payment failed and I do not know why.,negative,15.74
904159,100442,2026-02-19 15:04:21,Account,I need help with my account.,neutral,10.33
904160,135277,2026-05-05 22:45:35,KYC Issues,I am unable to complete KYC document verification.,negative,9.04
904161,138709,2026-01-05 19:33:56,Rewards,The rewards experience is confusing.,neutral,0.84
904162,134544,2026-06-19 01:53:33,Payment Failure,My payment failed and I do not know why.,negative,12.3
904163,115365,2026-02-08 19:43:57,Account,I need help with my account.,neutral,13.08
904164,133649,2026-05-20 23:06:53,Payment Failure,My payment failed and I do not know why.,negative,6.81
904165,100196,2026-03-21 20:58:03,App Performance,The app feels slow and sometimes freezes.,negative,9.03
904166,102706,2026-06-30 23:59:59,KYC Issues,I am unable to complete KYC document verification.,negative,11.61
904167,116461,2026-01-13 06:43:57,KYC Issues,I am unable to complete KYC document verification.,negative,7.06
904168,142390,2026-02-05 02:33:21,App Performance,The app feels slow and sometimes freezes.,negative,4.63
904169,132668,2026-03-21 08:54:27,Payment Failure,My payment failed and I do not know why.,negative,5.96
904170,131903,2026-04-24 09:15:25,KYC Issues,I am unable to complete KYC document verification.,negative,18.08
904171,124320,2026-02-23 05:40:42,KYC Issues,I am unable to complete KYC document verification.,negative,13.84
904172,127516,2026-02-06 21:26:08,Payment Failure,My payment failed and I do not know why.,negative,15.87
904173,139163,2026-01-25 06:30:31,Rewards,The rewards experience is confusing.,neutral,5.0
904174,116915,2026-03-31 15:24:54,KYC Issues,I am unable to complete KYC document verification.,negative,2.7
904175,140618,2026-06-21 22:34:55,Rewards,The rewards experience is confusing.,neutral,20.01
904176,144156,2026-02-09 20:41:45,Payment Failure,My payment failed and I do not know why.,negative,1.92
904177,132385,2026-03-01 11:39:24,KYC Issues,I am unable to complete KYC document verification.,negative,3.9
904178,129602,2026-04-07 18:05:43,Payment Failure,My payment failed and I do not know why.,negative,4.2
904179,134542,2026-01-16 04:01:22,KYC Issues,I am unable to complete KYC document verification.,negative,1.14
904180,106654,2026-02-22 19:32:47,App Performance,The app feels slow and sometimes freezes.,negative,19.51
904181,146469,2026-02-03 21:26:48,KYC Issues,I am unable to complete KYC document verification.,negative,18.39
904182,101471,2026-02-11 09:01:18,Rewards,The rewards experience is confusing.,neutral,4.12
904183,110908,2026-06-11 11:33:08,Account,I need help with my account.,neutral,5.62
904184,141442,2026-06-22 21:47:14,KYC Issues,I am unable to complete KYC document verification.,negative,6.14
904185,143322,2026-05-31 10:14:06,KYC Issues,I am unable to complete KYC document verification.,negative,7.66
904186,106393,2026-04-27 01:08:38,App Performance,The app feels slow and sometimes freezes.,negative,5.39
904187,128954,2026-05-17 02:11:16,KYC Issues,I am unable to complete KYC document verification.,negative,11.68
904188,116657,2026-02-10 15:51:03,Payment Failure,My payment failed and I do not know why.,negative,5.05
904189,117923,2026-03-06 01:45:27,KYC Issues,I am unable to complete KYC document verification.,negative,5.44
904190,119589,2026-01-09 23:19:37,Payment Failure,My payment failed and I do not know why.,negative,6.15
904191,132632,2026-03-11 12:24:36,App Performance,The app feels slow and sometimes freezes.,negative,16.54
904192,122898,2026-04-05 01:39:32,Account,I need help with my account.,neutral,2.88
904193,106341,2026-03-19 19:52:26,Account,I need help with my account.,neutral,4.94
904194,123906,2026-04-27 04:25:07,Account,I need help with my account.,neutral,19.77
904195,138423,2026-05-19 09:32:13,App Performance,The app feels slow and sometimes freezes.,negative,5.73
904196,118917,2026-05-09 00:05:55,KYC Issues,I am unable to complete KYC document verification.,negative,8.27
904197,125896,2026-02-20 15:57:40,Account,I need help with my account.,neutral,7.61
904198,112956,2026-05-24 22:26:07,Account,I need help with my account.,neutral,7.85
904199,129066,2026-03-21 08:56:36,Payment Failure,My payment failed and I do not know why.,negative,14.29
904200,145252,2026-03-16 20:05:41,KYC Issues,I am unable to complete KYC document verification.,negative,12.02
904201,135183,2026-06-15 03:44:48,Payment Failure,My payment failed and I do not know why.,negative,5.26
904202,131471,2026-06-30 23:59:59,KYC Issues,I am unable to complete KYC document verification.,negative,7.64
904203,101158,2026-03-18 16:28:14,Account,I need help with my account.,neutral,4.43
904204,118108,2026-05-22 11:30:10,Account,I need help with my account.,neutral,11.99
904205,128859,2026-05-03 21:33:50,Payment Failure,My payment failed and I do not know why.,negative,6.99
904206,116052,2026-06-30 23:59:59,Payment Failure,My payment failed and I do not know why.,negative,17.76
904207,117288,2026-06-30 23:59:59,KYC Issues,I am unable to complete KYC document verification.,negative,13.09
904208,129983,2026-04-09 14:29:31,App Performance,The app feels slow and sometimes freezes.,negative,22.23
904209,100579,2026-02-07 20:50:00,KYC Issues,I am unable to complete KYC document verification.,negative,2.08
904210,105693,2026-04-10 06:53:17,KYC Issues,I am unable to complete KYC document verification.,negative,5.04
904211,125473,2026-02-07 13:34:49,Payment Failure,My payment failed and I do not know why.,negative,3.42
904212,140200,2026-06-09 16:53:18,KYC Issues,I am unable to complete KYC document verification.,negative,2.43
904213,108961,2026-06-07 15:18:45,KYC Issues,I am unable to complete KYC document verification.,negative,8.02
904214,103859,2026-04-13 10:16:15,KYC Issues,I am unable to complete KYC document verification.,negative,2.29
904215,132562,2026-04-20 14:41:22,Payment Failure,My payment failed and I do not know why.,negative,15.06
904216,138793,2026-03-08 05:03:39,Payment Failure,My payment failed and I do not know why.,negative,4.51
904217,108446,2026-06-03 11:31:17,Payment Failure,My payment failed and I do not know why.,negative,5.41
904218,107773,2026-06-16 15:11:54,App Performance,The app feels slow and sometimes freezes.,negative,8.66
904219,110870,2026-05-25 06:10:34,Account,I need help with my account.,neutral,5.03
904220,146361,2026-02-19 02:41:55,Account,I need help with my account.,neutral,9.01
904221,148807,2026-02-09 12:39:27,KYC Issues,I am unable to complete KYC document verification.,negative,1.23
904222,129175,2026-03-24 00:02:04,Rewards,The rewards experience is confusing.,neutral,3.2
904223,141829,2026-03-03 16:12:19,KYC Issues,I am unable to complete KYC document verification.,negative,15.82
904224,129274,2026-02-13 19:34:46,Rewards,The rewards experience is confusing.,neutral,19.25
904225,116740,2026-05-06 13:07:03,App Performance,The app feels slow and sometimes freezes.,negative,6.16
904226,143133,2026-03-17 23:02:50,Account,I need help with my account.,neutral,19.26
904227,126969,2026-02-13 11:45:53,Account,I need help with my account.,neutral,8.97
904228,121536,2026-06-30 23:59:59,KYC Issues,I am unable to complete KYC document verification.,negative,9.08
904229,130282,2026-01-30 01:07:48,KYC Issues,I am unable to complete KYC document verification.,negative,8.57
904230,129014,2026-04-12 10:08:01,Account,I need help with my account.,neutral,10.58
904231,143841,2026-02-26 03:22:50,Account,I need help with my account.,neutral,9.98
904232,148723,2026-05-05 12:44:50,KYC Issues,I am unable to complete KYC document verification.,negative,10.44
904233,132478,2026-02-02 20:16:51,App Performance,The app feels slow and sometimes freezes.,negative,8.86
904234,115042,2026-02-02 00:44:06,Rewards,The rewards experience is confusing.,neutral,2.26
904235,102741,2026-06-15 07:25:19,Rewards,The rewards experience is confusing.,neutral,5.88
904236,148418,2026-05-15 21:55:05,Account,I need help with my account.,neutral,2.41
904237,106129,2026-06-30 23:59:59,App Performance,The app feels slow and sometimes freezes.,negative,3.42
904238,111576,2026-06-05 05:56:53,Payment Failure,My payment failed and I do not know why.,negative,7.35
904239,126971,2026-06-07 04:59:09,KYC Issues,I am unable to complete KYC document verification.,negative,18.64
904240,148529,2026-05-11 14:52:16,Payment Failure,My payment failed and I do not know why.,negative,19.88
904241,125632,2026-04-18 04:13:25,KYC Issues,I am unable to complete KYC document verification.,negative,8.83
904242,104035,2026-02-08 07:46:50,Account,I need help with my account.,neutral,2.82
904243,116730,2026-04-22 15:20:04,App Performance,The app feels slow and sometimes freezes.,negative,14.98
904244,126042,2026-03-09 20:56:35,Account,I need help with my account.,neutral,3.02
904245,142859,2026-02-22 19:15:00,App Performance,The app feels slow and sometimes freezes.,negative,5.4
904246,141755,2026-04-20 07:32:27,Account,I need help with my account.,neutral,1.42
904247,129996,2026-04-10 03:56:01,Payment Failure,My payment failed and I do not know why.,negative,19.55
904248,119793,2026-02-02 00:49:18,Account,I need help with my account.,neutral,10.18
904249,140179,2026-02-26 11:54:54,Rewards,The rewards experience is confusing.,neutral,10.19
904250,120211,2026-06-30 23:59:59,Account,I need help with my account.,neutral,3.56
904251,113965,2026-05-24 13:49:38,KYC Issues,I am unable to complete KYC document verification.,negative,13.76
904252,127920,2026-05-21 10:27:35,Payment Failure,My payment failed and I do not know why.,negative,12.27
904253,118138,2026-04-08 11:46:22,KYC Issues,I am unable to complete KYC document verification.,negative,12.58
904254,130114,2026-03-25 18:51:11,Rewards,The rewards experience is confusing.,neutral,19.15
904255,137768,2026-03-24 16:58:54,Payment Failure,My payment failed and I do not know why.,negative,4.79
904256,149317,2026-06-29 21:56:30,Account,I need help with my account.,neutral,5.86
904257,124250,2026-04-13 16:06:03,Payment Failure,My payment failed and I do not know why.,negative,13.58
904258,117354,2026-02-11 14:31:35,Payment Failure,My payment failed and I do not know why.,negative,4.6
904259,102082,2026-05-10 07:49:37,Payment Failure,My payment failed and I do not know why.,negative,6.97
904260,141682,2026-05-31 10:11:39,KYC Issues,I am unable to complete KYC document verification.,negative,4.74
904261,143417,2026-01-31 08:30:25,Payment Failure,My payment failed and I do not know why.,negative,0.57
904262,130366,2026-03-26 08:46:40,Payment Failure,My payment failed and I do not know why.,negative,2.55
904263,141712,2026-04-02 15:24:44,Payment Failure,My payment failed and I do not know why.,negative,8.43
904264,140156,2026-03-11 09:25:38,KYC Issues,I am unable to complete KYC document verification.,negative,7.98
904265,142811,2026-03-21 00:32:19,App Performance,The app feels slow and sometimes freezes.,negative,2.01
904266,130365,2026-06-21 06:40:13,Payment Failure,My payment failed and I do not know why.,negative,5.39
904267,142193,2026-03-31 05:32:02,Account,I need help with my account.,neutral,7.15
904268,106851,2026-05-16 06:52:07,Payment Failure,My payment failed and I do not know why.,negative,20.45
904269,112066,2026-05-26 16:03:27,Account,I need help with my account.,neutral,7.78
904270,111221,2026-04-23 03:44:55,Payment Failure,My payment failed and I do not know why.,negative,2.9
904271,115945,2026-06-04 09:07:19,Rewards,The rewards experience is confusing.,neutral,20.43
904272,100524,2026-03-07 22:11:13,KYC Issues,I am unable to complete KYC document verification.,negative,21.8
904273,138824,2026-04-19 06:44:58,App Performance,The app feels slow and sometimes freezes.,negative,4.2
904274,140946,2026-04-16 11:12:58,App Performance,The app feels slow and sometimes freezes.,negative,9.01
904275,135690,2026-02-19 16:34:08,KYC Issues,I am unable to complete KYC document verification.,negative,10.63
904276,130838,2026-02-22 12:15:16,Payment Failure,My payment failed and I do not know why.,negative,39.38
904277,111988,2026-05-11 16:05:52,App Performance,The app feels slow and sometimes freezes.,negative,1.79
904278,138203,2026-02-02 14:10:20,App Performance,The app feels slow and sometimes freezes.,negative,5.48
904279,138004,2026-03-27 02:00:25,Rewards,The rewards experience is confusing.,neutral,19.65
904280,118481,2026-04-01 05:34:16,Payment Failure,My payment failed and I do not know why.,negative,5.67
904281,144014,2026-06-26 13:42:24,App Performance,The app feels slow and sometimes freezes.,negative,2.67
904282,130037,2026-06-23 21:07:21,Payment Failure,My payment failed and I do not know why.,negative,3.56
904283,146036,2026-03-24 07:16:00,KYC Issues,I am unable to complete KYC document verification.,negative,15.02
904284,136925,2026-02-18 23:19:32,Account,I need help with my account.,neutral,12.91
904285,129625,2026-02-05 21:16:43,Rewards,The rewards experience is confusing.,neutral,20.58
904286,130694,2026-02-18 08:49:09,Payment Failure,My payment failed and I do not know why.,negative,3.14
904287,136551,2026-01-31 15:41:45,App Performance,The app feels slow and sometimes freezes.,negative,8.3
904288,124994,2026-05-30 19:13:36,App Performance,The app feels slow and sometimes freezes.,negative,6.41
904289,147110,2026-03-02 11:21:20,App Performance,The app feels slow and sometimes freezes.,negative,4.97
904290,123987,2026-04-17 21:53:10,Rewards,The rewards experience is confusing.,neutral,22.73
904291,103069,2026-05-29 04:54:53,Payment Failure,My payment failed and I do not know why.,negative,7.42
904292,140643,2026-05-31 18:50:41,App Performance,The app feels slow and sometimes freezes.,negative,10.99
904293,140699,2026-04-23 19:52:15,Payment Failure,My payment failed and I do not know why.,negative,4.29
904294,123264,2026-01-28 11:47:07,KYC Issues,I am unable to complete KYC document verification.,negative,6.35
904295,144117,2026-06-30 23:59:59,KYC Issues,I am unable to complete KYC document verification.,negative,2.7
904296,133422,2026-04-24 12:22:25,Rewards,The rewards experience is confusing.,neutral,3.44
904297,138748,2026-04-11 05:54:38,Account,I need help with my account.,neutral,2.92
904298,127450,2026-06-26 22:17:53,App Performance,The app feels slow and sometimes freezes.,negative,21.36
904299,105397,2026-04-28 15:19:12,Rewards,The rewards experience is confusing.,neutral,11.01
904300,119169,2026-04-13 21:11:45,Account,I need help with my account.,neutral,12.53
904301,103760,2026-05-24 17:04:47,Rewards,The rewards experience is confusing.,neutral,6.68
904302,115704,2026-01-18 15:51:21,Payment Failure,My payment failed and I do not know why.,negative,3.79
904303,118830,2026-04-09 13:36:00,Rewards,The rewards experience is confusing.,neutral,17.8
904304,143812,2026-06-21 18:49:49,KYC Issues,I am unable to complete KYC document verification.,negative,15.97
904305,119225,2026-03-16 07:05:43,App Performance,The app feels slow and sometimes freezes.,negative,4.11
904306,125163,2026-06-10 15:54:18,Account,I need help with my account.,neutral,16.09
904307,129248,2026-01-27 21:35:01,Rewards,The rewards experience is confusing.,neutral,7.55
904308,105492,2026-04-06 02:45:20,Payment Failure,My payment failed and I do not know why.,negative,13.67
904309,149788,2026-04-10 10:55:28,Account,I need help with my account.,neutral,10.13
904310,130974,2026-04-21 07:00:37,Payment Failure,My payment failed and I do not know why.,negative,42.54
904311,148782,2026-04-27 01:17:31,Account,I need help with my account.,neutral,10.39
904312,117197,2026-06-15 14:09:53,KYC Issues,I am unable to complete KYC document verification.,negative,16.59
904313,136609,2026-02-22 04:06:54,KYC Issues,I am unable to complete KYC document verification.,negative,4.6
904314,147879,2026-05-28 08:55:38,Account,I need help with my account.,neutral,6.24
904315,125285,2026-03-11 06:39:13,KYC Issues,I am unable to complete KYC document verification.,negative,6.38
904316,123075,2026-03-19 18:10:50,KYC Issues,I am unable to complete KYC document verification.,negative,8.5
904317,142738,2026-06-07 06:59:09,Rewards,The rewards experience is confusing.,neutral,7.26
904318,110743,2026-06-02 23:41:28,Account,I need help with my account.,neutral,15.13
904319,130602,2026-03-11 12:19:18,Rewards,The rewards experience is confusing.,neutral,7.98
904320,138276,2026-02-20 18:35:38,KYC Issues,I am unable to complete KYC document verification.,negative,8.88
904321,132739,2026-05-10 10:30:36,Account,I need help with my account.,neutral,2.99
904322,144094,2026-06-01 03:43:43,Rewards,The rewards experience is confusing.,neutral,7.91
904323,141105,2026-06-15 12:42:52,Account,I need help with my account.,neutral,29.44
904324,101183,2026-04-08 00:26:03,Account,I need help with my account.,neutral,6.99
904325,134648,2026-06-30 23:59:59,Account,I need help with my account.,neutral,1.13
904326,112241,2026-02-24 02:35:52,KYC Issues,I am unable to complete KYC document verification.,negative,9.91
904327,121565,2026-03-04 05:11:15,Rewards,The rewards experience is confusing.,neutral,4.06
904328,148812,2026-06-16 03:36:39,Account,I need help with my account.,neutral,11.87
904329,138783,2026-06-16 05:25:48,Rewards,The rewards experience is confusing.,neutral,32.03
904330,141809,2026-01-30 19:41:19,KYC Issues,I am unable to complete KYC document verification.,negative,5.58
904331,117096,2026-03-23 05:08:51,Account,I need help with my account.,neutral,4.48
904332,130583,2026-06-10 01:41:55,Payment Failure,My payment failed and I do not know why.,negative,3.16
904333,116750,2026-04-10 09:30:04,Rewards,The rewards experience is confusing.,neutral,7.51
904334,127753,2026-04-07 08:57:15,KYC Issues,I am unable to complete KYC document verification.,negative,9.13
904335,116777,2026-05-05 17:55:57,Rewards,The rewards experience is confusing.,neutral,2.01
904336,105712,2026-03-08 08:41:27,Account,I need help with my account.,neutral,16.96
904337,136441,2026-05-02 08:34:41,Payment Failure,My payment failed and I do not know why.,negative,2.87
904338,148138,2026-02-01 16:56:30,Payment Failure,My payment failed and I do not know why.,negative,9.04
904339,106202,2026-03-30 13:24:42,Account,I need help with my account.,neutral,1.35
904340,131966,2026-03-23 20:19:43,Account,I need help with my account.,neutral,6.38
904341,142773,2026-02-16 03:51:21,KYC Issues,I am unable to complete KYC document verification.,negative,3.85
904342,103462,2026-04-08 20:51:26,KYC Issues,I am unable to complete KYC document verification.,negative,2.55
904343,122961,2026-04-15 07:08:14,Account,I need help with my account.,neutral,11.45
904344,133521,2026-02-18 01:08:42,Account,I need help with my account.,neutral,5.73
904345,132339,2026-04-29 21:41:32,Payment Failure,My payment failed and I do not know why.,negative,13.17
904346,141591,2026-04-02 02:27:36,Payment Failure,My payment failed and I do not know why.,negative,2.5
904347,135239,2026-01-21 12:36:26,Payment Failure,My payment failed and I do not know why.,negative,5.92
904348,102528,2026-05-21 11:58:02,Rewards,The rewards experience is confusing.,neutral,6.76
904349,118882,2026-02-13 08:09:00,Payment Failure,My payment failed and I do not know why.,negative,3.96
904350,101485,2026-01-14 00:58:01,Payment Failure,My payment failed and I do not know why.,negative,2.05
904351,129709,2026-06-04 00:01:11,Rewards,The rewards experience is confusing.,neutral,9.09
904352,103271,2026-02-23 00:12:47,Payment Failure,My payment failed and I do not know why.,negative,8.56
904353,103611,2026-04-03 09:44:40,KYC Issues,I am unable to complete KYC document verification.,negative,2.02
904354,111847,2026-04-30 20:57:41,KYC Issues,I am unable to complete KYC document verification.,negative,3.86
904355,124067,2026-05-18 10:06:05,Account,I need help with my account.,neutral,1.23
904356,108761,2026-02-15 08:56:18,Rewards,The rewards experience is confusing.,neutral,8.3
904357,135553,2026-05-13 01:30:20,App Performance,The app feels slow and sometimes freezes.,negative,13.91
904358,110370,2026-05-01 10:44:17,Account,I need help with my account.,neutral,9.48
904359,102465,2026-02-08 00:39:30,KYC Issues,I am unable to complete KYC document verification.,negative,5.13
904360,148583,2026-01-15 10:09:36,Payment Failure,My payment failed and I do not know why.,negative,9.83
904361,128500,2026-04-03 20:47:55,App Performance,The app feels slow and sometimes freezes.,negative,8.8
904362,122040,2026-04-13 00:32:01,Account,I need help with my account.,neutral,11.1
904363,142172,2026-03-20 08:28:29,App Performance,The app feels slow and sometimes freezes.,negative,8.08
904364,135907,2026-02-21 03:03:48,KYC Issues,I am unable to complete KYC document verification.,negative,5.53
904365,109390,2026-03-12 07:46:15,Account,I need help with my account.,neutral,7.14
904366,128176,2026-05-12 22:27:46,KYC Issues,I am unable to complete KYC document verification.,negative,12.13
904367,146340,2026-04-27 06:05:50,Account,I need help with my account.,neutral,10.77
904368,111164,2026-01-06 22:36:03,Rewards,The rewards experience is confusing.,neutral,12.91
904369,148267,2026-05-09 16:06:47,Rewards,The rewards experience is confusing.,neutral,1.61
904370,146901,2026-04-26 07:52:56,Account,I need help with my account.,neutral,10.85
904371,110759,2026-04-26 17:38:28,KYC Issues,I am unable to complete KYC document verification.,negative,7.54
904372,145755,2026-05-06 23:39:01,Account,I need help with my account.,neutral,3.58
904373,137079,2026-02-20 23:46:03,App Performance,The app feels slow and sometimes freezes.,negative,19.39
904374,123503,2026-05-15 22:06:39,Payment Failure,My payment failed and I do not know why.,negative,0.68
904375,138333,2026-06-10 09:56:51,Account,I need help with my account.,neutral,3.99
904376,138058,2026-04-22 05:05:50,Payment Failure,My payment failed and I do not know why.,negative,10.27
904377,142244,2026-06-11 21:35:59,KYC Issues,I am unable to complete KYC document verification.,negative,3.83
904378,128618,2026-04-15 06:19:58,App Performance,The app feels slow and sometimes freezes.,negative,20.22
904379,137795,2026-02-20 08:59:33,Rewards,The rewards experience is confusing.,neutral,14.23
904380,105565,2026-06-30 23:59:59,Payment Failure,My payment failed and I do not know why.,negative,4.27
904381,105908,2026-06-06 19:14:03,KYC Issues,I am unable to complete KYC document verification.,negative,9.61
904382,131305,2026-03-19 13:54:48,App Performance,The app feels slow and sometimes freezes.,negative,12.61
904383,123182,2026-02-02 16:05:47,KYC Issues,I am unable to complete KYC document verification.,negative,3.5
904384,137740,2026-05-23 09:22:29,KYC Issues,I am unable to complete KYC document verification.,negative,13.14
904385,141691,2026-04-25 06:34:05,App Performance,The app feels slow and sometimes freezes.,negative,14.27
904386,123373,2026-05-16 10:49:06,Payment Failure,My payment failed and I do not know why.,negative,10.78
904387,133790,2026-04-04 09:23:33,Rewards,The rewards experience is confusing.,neutral,2.38
904388,107443,2026-04-08 23:50:37,App Performance,The app feels slow and sometimes freezes.,negative,3.55
904389,107475,2026-02-22 16:43:56,Account,I need help with my account.,neutral,3.04
904390,124964,2026-02-12 03:25:19,KYC Issues,I am unable to complete KYC document verification.,negative,4.98
904391,141066,2026-04-04 21:07:21,Rewards,The rewards experience is confusing.,neutral,23.24
904392,149172,2026-03-31 15:34:06,Account,I need help with my account.,neutral,11.31
904393,135528,2026-03-26 00:07:08,Account,I need help with my account.,neutral,8.83
904394,120377,2026-04-13 07:10:12,Rewards,The rewards experience is confusing.,neutral,3.87
904395,146011,2026-05-05 23:24:00,Payment Failure,My payment failed and I do not know why.,negative,3.44
904396,141548,2026-06-27 08:21:37,KYC Issues,I am unable to complete KYC document verification.,negative,2.43
904397,126459,2026-06-30 23:59:59,KYC Issues,I am unable to complete KYC document verification.,negative,4.5
904398,120874,2026-06-30 23:59:59,KYC Issues,I am unable to complete KYC document verification.,negative,21.93
904399,120484,2026-03-12 15:25:42,Rewards,The rewards experience is confusing.,neutral,24.03
904400,123499,2026-06-30 21:26:30,Account,I need help with my account.,neutral,19.43
904401,100641,2026-06-30 23:59:59,KYC Issues,I am unable to complete KYC document verification.,negative,4.88
904402,144856,2026-04-11 01:31:22,Payment Failure,My payment failed and I do not know why.,negative,17.21
904403,114762,2026-02-25 21:59:37,App Performance,The app feels slow and sometimes freezes.,negative,20.34
904404,110446,2026-06-09 17:28:45,Payment Failure,My payment failed and I do not know why.,negative,1.8
904405,144158,2026-01-27 02:32:22,Payment Failure,My payment failed and I do not know why.,negative,6.73
904406,102876,2026-04-28 23:22:37,KYC Issues,I am unable to complete KYC document verification.,negative,7.16
904407,147178,2026-06-17 02:48:38,Payment Failure,My payment failed and I do not know why.,negative,10.74
904408,131532,2026-04-25 05:43:51,Payment Failure,My payment failed and I do not know why.,negative,12.57
904409,125679,2026-04-14 16:54:26,Payment Failure,My payment failed and I do not know why.,negative,15.83
904410,109849,2026-05-09 03:05:50,Rewards,The rewards experience is confusing.,neutral,11.14
904411,110599,2026-03-21 16:14:52,Account,I need help with my account.,neutral,28.3
904412,104525,2026-06-04 10:19:22,Payment Failure,My payment failed and I do not know why.,negative,26.85
904413,146201,2026-03-05 23:00:56,KYC Issues,I am unable to complete KYC document verification.,negative,29.85
904414,148140,2026-02-26 07:17:26,App Performance,The app feels slow and sometimes freezes.,negative,19.4
904415,106516,2026-04-01 09:00:13,Account,I need help with my account.,neutral,1.33
904416,125695,2026-02-20 07:52:35,Account,I need help with my account.,neutral,4.53
904417,101509,2026-02-14 00:17:48,KYC Issues,I am unable to complete KYC document verification.,negative,9.11
904418,142358,2026-06-01 06:27:02,KYC Issues,I am unable to complete KYC document verification.,negative,9.95
904419,112286,2026-04-21 21:36:03,Rewards,The rewards experience is confusing.,neutral,5.06
904420,111016,2026-04-22 02:37:46,Payment Failure,My payment failed and I do not know why.,negative,1.48
904421,146616,2026-01-16 03:50:23,App Performance,The app feels slow and sometimes freezes.,negative,8.32
904422,127601,2026-06-24 16:31:24,App Performance,The app feels slow and sometimes freezes.,negative,13.78
904423,140772,2026-05-28 00:31:58,Payment Failure,My payment failed and I do not know why.,negative,10.74
904424,146865,2026-02-23 10:23:08,KYC Issues,I am unable to complete KYC document verification.,negative,14.44
904425,129802,2026-05-08 15:49:24,Rewards,The rewards experience is confusing.,neutral,11.88
904426,118876,2026-03-08 19:51:35,Payment Failure,My payment failed and I do not know why.,negative,18.68
904427,112794,2026-01-15 14:47:09,App Performance,The app feels slow and sometimes freezes.,negative,10.83
904428,105740,2026-03-13 06:11:35,KYC Issues,I am unable to complete KYC document verification.,negative,9.88
904429,100737,2026-05-15 06:10:29,App Performance,The app feels slow and sometimes freezes.,negative,7.47
904430,103608,2026-05-15 01:03:56,KYC Issues,I am unable to complete KYC document verification.,negative,19.93
904431,125430,2026-06-21 13:16:56,KYC Issues,I am unable to complete KYC document verification.,negative,3.57
904432,130966,2026-02-03 03:28:56,Payment Failure,My payment failed and I do not know why.,negative,3.7
904433,119707,2026-03-14 17:44:25,Rewards,The rewards experience is confusing.,neutral,6.7
904434,119971,2026-06-30 23:59:59,App Performance,The app feels slow and sometimes freezes.,negative,6.75
904435,117458,2026-06-01 20:55:50,Rewards,The rewards experience is confusing.,neutral,15.93
904436,124793,2026-06-16 00:49:50,Account,I need help with my account.,neutral,2.13
904437,146484,2026-06-05 11:39:30,Payment Failure,My payment failed and I do not know why.,negative,2.39
904438,149632,2026-05-31 23:18:14,KYC Issues,I am unable to complete KYC document verification.,negative,7.36
904439,125084,2026-06-30 23:59:59,Account,I need help with my account.,neutral,13.18
904440,102625,2026-05-16 18:23:58,Account,I need help with my account.,neutral,7.0
904441,106955,2026-02-14 05:50:15,Payment Failure,My payment failed and I do not know why.,negative,7.45
904442,128740,2026-02-21 12:44:30,App Performance,The app feels slow and sometimes freezes.,negative,5.77
904443,127657,2026-02-17 23:44:39,Account,I need help with my account.,neutral,2.24
904444,120368,2026-04-15 02:23:28,KYC Issues,I am unable to complete KYC document verification.,negative,8.38
904445,123478,2026-01-31 16:03:27,App Performance,The app feels slow and sometimes freezes.,negative,10.95
904446,127624,2026-05-24 18:19:21,Rewards,The rewards experience is confusing.,neutral,19.34
904447,119340,2026-03-29 12:40:01,KYC Issues,I am unable to complete KYC document verification.,negative,0.97
904448,121493,2026-01-14 06:02:36,Rewards,The rewards experience is confusing.,neutral,0.59
904449,137083,2026-03-05 21:47:19,Payment Failure,My payment failed and I do not know why.,negative,10.09
904450,137058,2026-06-30 23:59:59,KYC Issues,I am unable to complete KYC document verification.,negative,11.07
904451,111547,2026-05-25 22:53:15,KYC Issues,I am unable to complete KYC document verification.,negative,12.21
904452,113096,2026-03-28 21:47:36,Payment Failure,My payment failed and I do not know why.,negative,0.67
904453,142858,2026-04-22 08:43:01,Payment Failure,My payment failed and I do not know why.,negative,11.58
904454,129729,2026-02-15 08:20:35,Account,I need help with my account.,neutral,4.12
904455,109988,2026-01-18 23:40:33,Payment Failure,My payment failed and I do not know why.,negative,5.14
904456,108478,2026-02-17 17:49:50,App Performance,The app feels slow and sometimes freezes.,negative,6.87
904457,130170,2026-04-05 23:36:15,App Performance,The app feels slow and sometimes freezes.,negative,16.9
904458,118973,2026-02-05 17:06:38,Account,I need help with my account.,neutral,3.3
904459,139471,2026-01-19 05:18:28,Rewards,The rewards experience is confusing.,neutral,7.24
904460,110735,2026-02-09 04:37:41,KYC Issues,I am unable to complete KYC document verification.,negative,1.93
904461,102212,2026-06-26 05:27:38,KYC Issues,I am unable to complete KYC document verification.,negative,11.5
904462,138742,2026-04-18 13:02:59,Rewards,The rewards experience is confusing.,neutral,2.93
904463,125388,2026-06-29 15:07:25,KYC Issues,I am unable to complete KYC document verification.,negative,0.25
904464,127452,2026-06-22 15:43:56,KYC Issues,I am unable to complete KYC document verification.,negative,20.45
904465,131211,2026-01-11 04:55:24,Account,I need help with my account.,neutral,6.34
904466,132078,2026-06-30 23:59:59,Rewards,The rewards experience is confusing.,neutral,8.6
904467,118305,2026-03-01 16:52:30,Payment Failure,My payment failed and I do not know why.,negative,3.8
904468,136451,2026-05-16 04:50:46,Rewards,The rewards experience is confusing.,neutral,4.83
904469,113671,2026-06-26 02:04:03,Payment Failure,My payment failed and I do not know why.,negative,7.08
904470,108194,2026-05-17 21:06:31,Account,I need help with my account.,neutral,3.33
904471,103289,2026-06-15 06:16:31,KYC Issues,I am unable to complete KYC document verification.,negative,6.6
904472,147083,2026-01-14 20:12:02,Account,I need help with my account.,neutral,12.45
904473,131430,2026-03-18 10:11:54,App Performance,The app feels slow and sometimes freezes.,negative,10.79
904474,148364,2026-05-23 11:18:34,Rewards,The rewards experience is confusing.,neutral,3.61
904475,131993,2026-01-25 14:49:53,Rewards,The rewards experience is confusing.,neutral,15.35
904476,136437,2026-03-07 06:04:56,KYC Issues,I am unable to complete KYC document verification.,negative,4.52
904477,121629,2026-01-26 10:15:34,Payment Failure,My payment failed and I do not know why.,negative,9.95
904478,138021,2026-05-24 12:23:57,Account,I need help with my account.,neutral,9.6
904479,126165,2026-01-12 06:45:24,KYC Issues,I am unable to complete KYC document verification.,negative,15.45
904480,112533,2026-01-19 16:29:57,Account,I need help with my account.,neutral,12.31
904481,100408,2026-06-13 03:17:51,KYC Issues,I am unable to complete KYC document verification.,negative,10.78
904482,148608,2026-02-19 08:21:38,Account,I need help with my account.,neutral,24.77
904483,126367,2026-03-24 06:10:09,Rewards,The rewards experience is confusing.,neutral,11.71
904484,110744,2026-06-20 03:37:16,Account,I need help with my account.,neutral,3.27
904485,133090,2026-02-10 03:57:13,Account,I need help with my account.,neutral,1.88
904486,110158,2026-03-13 23:43:04,Rewards,The rewards experience is confusing.,neutral,2.47
904487,117165,2026-03-01 20:57:07,Rewards,The rewards experience is confusing.,neutral,1.67
904488,143184,2026-06-05 06:40:32,KYC Issues,I am unable to complete KYC document verification.,negative,13.81
904489,102916,2026-02-01 14:56:45,KYC Issues,I am unable to complete KYC document verification.,negative,2.78
904490,127176,2026-01-25 04:45:25,Account,I need help with my account.,neutral,11.42
904491,117898,2026-04-29 07:20:26,KYC Issues,I am unable to complete KYC document verification.,negative,7.25
904492,122473,2026-04-21 04:48:55,KYC Issues,I am unable to complete KYC document verification.,negative,12.99
904493,105229,2026-06-16 01:25:33,App Performance,The app feels slow and sometimes freezes.,negative,6.81
904494,144791,2026-04-09 22:24:27,App Performance,The app feels slow and sometimes freezes.,negative,9.57
904495,100344,2026-06-17 17:47:22,KYC Issues,I am unable to complete KYC document verification.,negative,17.05
904496,149311,2026-04-30 22:13:29,Account,I need help with my account.,neutral,23.28
904497,148980,2026-04-12 00:59:51,KYC Issues,I am unable to complete KYC document verification.,negative,8.17
904498,114585,2026-05-19 16:22:44,Payment Failure,My payment failed and I do not know why.,negative,14.44
904499,120217,2026-06-23 03:02:35,Rewards,The rewards experience is confusing.,neutral,1.85
904500,123414,2026-02-13 10:43:40,App Performance,The app feels slow and sometimes freezes.,negative,4.96
904501,137274,2026-04-11 17:44:05,Account,I need help with my account.,neutral,9.09
904502,147947,2026-03-28 01:54:29,KYC Issues,I am unable to complete KYC document verification.,negative,21.75
904503,142106,2026-06-26 21:04:17,Rewards,The rewards experience is confusing.,neutral,4.44
904504,107238,2026-05-09 09:25:28,App Performance,The app feels slow and sometimes freezes.,negative,8.71
904505,131867,2026-05-15 20:38:10,Payment Failure,My payment failed and I do not know why.,negative,3.03
904506,139266,2026-05-12 10:38:42,Rewards,The rewards experience is confusing.,neutral,6.78
904507,145052,2026-04-26 16:39:53,Payment Failure,My payment failed and I do not know why.,negative,2.36
904508,147975,2026-06-14 01:14:34,Rewards,The rewards experience is confusing.,neutral,6.35
904509,127394,2026-05-11 09:36:12,Account,I need help with my account.,neutral,5.79
904510,122777,2026-06-29 09:10:11,Payment Failure,My payment failed and I do not know why.,negative,13.08
904511,117378,2026-01-17 03:31:16,KYC Issues,I am unable to complete KYC document verification.,negative,11.34
904512,126295,2026-03-14 09:12:22,KYC Issues,I am unable to complete KYC document verification.,negative,3.45
904513,107252,2026-04-19 02:04:21,App Performance,The app feels slow and sometimes freezes.,negative,5.47
904514,125225,2026-04-13 00:27:21,KYC Issues,I am unable to complete KYC document verification.,negative,11.17
904515,126541,2026-05-10 01:07:46,KYC Issues,I am unable to complete KYC document verification.,negative,11.02
904516,107432,2026-06-05 08:03:56,Payment Failure,My payment failed and I do not know why.,negative,6.94
904517,101049,2026-04-17 08:43:53,KYC Issues,I am unable to complete KYC document verification.,negative,13.59
904518,144160,2026-03-06 13:38:40,Payment Failure,My payment failed and I do not know why.,negative,7.68
904519,109119,2026-04-13 07:44:30,App Performance,The app feels slow and sometimes freezes.,negative,7.35
904520,132805,2026-04-30 22:17:33,KYC Issues,I am unable to complete KYC document verification.,negative,2.43
904521,145950,2026-05-12 21:30:33,Account,I need help with my account.,neutral,7.58
904522,134108,2026-06-22 22:14:19,Account,I need help with my account.,neutral,9.71
904523,119722,2026-04-11 10:07:44,Payment Failure,My payment failed and I do not know why.,negative,4.14
904524,138371,2026-04-11 05:28:38,Payment Failure,My payment failed and I do not know why.,negative,2.62
904525,142960,2026-05-04 11:47:52,Rewards,The rewards experience is confusing.,neutral,17.33
904526,112557,2026-06-27 09:53:20,KYC Issues,I am unable to complete KYC document verification.,negative,19.86
904527,136317,2026-06-13 06:47:33,KYC Issues,I am unable to complete KYC document verification.,negative,13.05
904528,127205,2026-06-09 14:55:30,Payment Failure,My payment failed and I do not know why.,negative,8.39
904529,139090,2026-06-30 23:59:59,KYC Issues,I am unable to complete KYC document verification.,negative,28.47
904530,108192,2026-02-02 23:40:19,Payment Failure,My payment failed and I do not know why.,negative,3.96
904531,114280,2026-02-04 16:40:49,Account,I need help with my account.,neutral,11.0
904532,138464,2026-02-25 15:55:55,KYC Issues,I am unable to complete KYC document verification.,negative,3.46
904533,107673,2026-06-16 16:47:15,Payment Failure,My payment failed and I do not know why.,negative,15.1
904534,126392,2026-06-30 23:59:59,Payment Failure,My payment failed and I do not know why.,negative,8.6
904535,139901,2026-05-09 22:31:15,Payment Failure,My payment failed and I do not know why.,negative,12.71
904536,136779,2026-05-04 00:00:44,App Performance,The app feels slow and sometimes freezes.,negative,53.78
904537,143653,2026-03-31 04:12:51,KYC Issues,I am unable to complete KYC document verification.,negative,13.04
904538,117760,2026-02-14 07:49:49,KYC Issues,I am unable to complete KYC document verification.,negative,2.59
904539,148384,2026-01-25 00:14:44,Rewards,The rewards experience is confusing.,neutral,12.4
904540,100863,2026-06-17 10:23:33,KYC Issues,I am unable to complete KYC document verification.,negative,17.4
904541,119262,2026-02-13 00:34:28,Rewards,The rewards experience is confusing.,neutral,11.35
904542,145076,2026-04-30 17:32:55,Payment Failure,My payment failed and I do not know why.,negative,1.8
904543,119558,2026-04-26 01:03:59,Rewards,The rewards experience is confusing.,neutral,9.95
904544,123429,2026-03-06 01:45:59,Rewards,The rewards experience is confusing.,neutral,12.3
904545,119273,2026-05-26 16:14:22,Payment Failure,My payment failed and I do not know why.,negative,14.71
904546,140677,2026-02-16 02:52:13,Payment Failure,My payment failed and I do not know why.,negative,44.06
904547,105569,2026-06-23 03:27:55,Payment Failure,My payment failed and I do not know why.,negative,3.53
904548,119285,2026-04-12 06:15:10,Account,I need help with my account.,neutral,4.44
904549,117875,2026-04-26 15:45:07,Payment Failure,My payment failed and I do not know why.,negative,12.33
904550,103162,2026-05-24 14:39:33,KYC Issues,I am unable to complete KYC document verification.,negative,9.83
904551,124546,2026-06-23 22:34:09,KYC Issues,I am unable to complete KYC document verification.,negative,0.34
904552,149218,2026-06-08 07:14:01,Account,I need help with my account.,neutral,15.37
904553,131792,2026-04-09 20:58:19,Rewards,The rewards experience is confusing.,neutral,14.14
904554,101132,2026-06-04 07:39:42,Payment Failure,My payment failed and I do not know why.,negative,7.27
904555,124565,2026-04-01 13:23:47,Rewards,The rewards experience is confusing.,neutral,4.36
904556,131149,2026-03-09 20:54:27,Payment Failure,My payment failed and I do not know why.,negative,10.44
904557,131492,2026-05-12 08:28:43,Payment Failure,My payment failed and I do not know why.,negative,3.55
904558,137517,2026-03-22 22:53:08,KYC Issues,I am unable to complete KYC document verification.,negative,29.27
904559,143064,2026-06-05 09:01:16,Account,I need help with my account.,neutral,24.56
904560,109402,2026-02-25 09:10:49,App Performance,The app feels slow and sometimes freezes.,negative,4.55
904561,135420,2026-03-17 09:05:57,App Performance,The app feels slow and sometimes freezes.,negative,6.2
904562,107341,2026-06-08 09:08:10,Account,I need help with my account.,neutral,4.66
904563,124870,2026-06-21 08:09:26,Account,I need help with my account.,neutral,7.8
904564,148944,2026-05-15 04:09:32,KYC Issues,I am unable to complete KYC document verification.,negative,11.88
904565,127525,2026-03-16 23:32:39,Rewards,The rewards experience is confusing.,neutral,2.73
904566,128196,2026-06-07 14:09:43,KYC Issues,I am unable to complete KYC document verification.,negative,13.78
904567,115952,2026-01-12 13:48:08,Rewards,The rewards experience is confusing.,neutral,26.46
904568,125031,2026-03-24 00:29:12,Account,I need help with my account.,neutral,12.14
904569,123401,2026-06-30 23:59:59,Payment Failure,My payment failed and I do not know why.,negative,5.05
904570,122731,2026-04-06 20:49:52,Account,I need help with my account.,neutral,16.84
904571,129416,2026-04-07 22:11:42,Account,I need help with my account.,neutral,8.53
904572,139274,2026-04-13 06:12:04,Payment Failure,My payment failed and I do not know why.,negative,11.58
904573,149189,2026-06-04 08:58:33,Payment Failure,My payment failed and I do not know why.,negative,23.46
904574,134884,2026-06-30 23:59:59,Payment Failure,My payment failed and I do not know why.,negative,1.93
904575,118968,2026-06-18 08:32:06,KYC Issues,I am unable to complete KYC document verification.,negative,14.33
904576,147711,2026-06-05 19:28:28,Payment Failure,My payment failed and I do not know why.,negative,5.09
904577,131661,2026-04-09 21:43:43,App Performance,The app feels slow and sometimes freezes.,negative,11.64
904578,126754,2026-03-06 10:44:22,Account,I need help with my account.,neutral,4.82
904579,136418,2026-03-04 00:44:05,Rewards,The rewards experience is confusing.,neutral,31.01
904580,140653,2026-05-07 07:20:36,Rewards,The rewards experience is confusing.,neutral,13.43
904581,102743,2026-06-30 23:59:59,KYC Issues,I am unable to complete KYC document verification.,negative,2.46
904582,103050,2026-06-18 19:08:37,KYC Issues,I am unable to complete KYC document verification.,negative,12.98
904583,100050,2026-05-24 07:13:55,Account,I need help with my account.,neutral,7.89
904584,139860,2026-05-29 12:13:09,Payment Failure,My payment failed and I do not know why.,negative,7.53
904585,108746,2026-02-24 12:38:09,Payment Failure,My payment failed and I do not know why.,negative,16.01
904586,104746,2026-02-20 21:20:10,App Performance,The app feels slow and sometimes freezes.,negative,14.58
904587,109195,2026-05-06 08:35:07,Payment Failure,My payment failed and I do not know why.,negative,11.3
904588,107614,2026-04-07 07:38:38,KYC Issues,I am unable to complete KYC document verification.,negative,7.28
904589,146148,2026-01-20 06:46:48,Payment Failure,My payment failed and I do not know why.,negative,59.42
904590,120016,2026-04-08 05:24:19,Payment Failure,My payment failed and I do not know why.,negative,17.4
904591,144979,2026-04-11 12:19:07,Payment Failure,My payment failed and I do not know why.,negative,8.23
904592,115171,2026-03-16 17:52:10,App Performance,The app feels slow and sometimes freezes.,negative,8.16
904593,117973,2026-06-02 00:32:37,Payment Failure,My payment failed and I do not know why.,negative,13.22
904594,122513,2026-04-02 13:03:17,Rewards,The rewards experience is confusing.,neutral,4.29
904595,124394,2026-02-13 20:28:32,Account,I need help with my account.,neutral,6.01
904596,128355,2026-02-04 15:01:06,App Performance,The app feels slow and sometimes freezes.,negative,15.66
904597,107004,2026-06-30 23:59:59,KYC Issues,I am unable to complete KYC document verification.,negative,7.23
904598,135264,2026-04-05 05:55:44,Payment Failure,My payment failed and I do not know why.,negative,2.84
904599,139996,2026-02-01 07:44:09,Account,I need help with my account.,neutral,8.9
904600,100174,2026-05-08 20:32:44,Account,I need help with my account.,neutral,6.64
904601,119902,2026-04-17 21:49:02,Rewards,The rewards experience is confusing.,neutral,5.36
904602,146794,2026-06-16 09:23:57,KYC Issues,I am unable to complete KYC document verification.,negative,4.34
904603,113014,2026-06-30 23:59:59,KYC Issues,I am unable to complete KYC document verification.,negative,12.11
904604,134514,2026-01-04 16:11:59,KYC Issues,I am unable to complete KYC document verification.,negative,11.88
904605,115801,2026-03-25 22:42:13,Rewards,The rewards experience is confusing.,neutral,2.47
904606,145751,2026-03-16 01:54:04,Payment Failure,My payment failed and I do not know why.,negative,15.8
904607,100420,2026-06-30 23:59:59,Payment Failure,My payment failed and I do not know why.,negative,1.29
904608,116296,2026-04-30 23:40:53,KYC Issues,I am unable to complete KYC document verification.,negative,13.13
904609,129308,2026-06-14 00:16:20,KYC Issues,I am unable to complete KYC document verification.,negative,2.98
904610,122178,2026-03-06 03:43:29,KYC Issues,I am unable to complete KYC document verification.,negative,4.21
904611,116752,2026-01-08 12:42:19,Payment Failure,My payment failed and I do not know why.,negative,33.2
904612,118699,2026-02-24 01:52:21,KYC Issues,I am unable to complete KYC document verification.,negative,6.66
904613,139388,2026-05-18 22:44:25,App Performance,The app feels slow and sometimes freezes.,negative,9.75
904614,132977,2026-02-05 19:48:06,KYC Issues,I am unable to complete KYC document verification.,negative,15.15
904615,105837,2026-02-02 21:34:15,App Performance,The app feels slow and sometimes freezes.,negative,35.57
904616,139625,2026-02-07 14:10:23,Payment Failure,My payment failed and I do not know why.,negative,17.32
904617,130505,2026-04-14 01:54:36,KYC Issues,I am unable to complete KYC document verification.,negative,4.12
904618,140916,2026-03-13 20:55:35,KYC Issues,I am unable to complete KYC document verification.,negative,6.43
904619,140654,2026-03-10 20:05:42,Account,I need help with my account.,neutral,22.01
904620,124106,2026-02-25 14:37:18,Payment Failure,My payment failed and I do not know why.,negative,4.14
904621,130535,2026-05-14 21:00:41,Payment Failure,My payment failed and I do not know why.,negative,30.61
904622,128397,2026-03-01 22:17:47,Payment Failure,My payment failed and I do not know why.,negative,0.83
904623,103244,2026-03-23 16:42:16,Account,I need help with my account.,neutral,9.07
904624,100801,2026-04-25 05:54:57,Payment Failure,My payment failed and I do not know why.,negative,9.42
904625,134941,2026-02-11 23:22:14,KYC Issues,I am unable to complete KYC document verification.,negative,10.88
904626,140232,2026-06-13 22:37:05,KYC Issues,I am unable to complete KYC document verification.,negative,28.42
904627,110414,2026-03-26 20:59:32,Account,I need help with my account.,neutral,2.57
904628,117972,2026-02-17 20:42:04,KYC Issues,I am unable to complete KYC document verification.,negative,19.31
904629,144277,2026-04-03 20:41:24,KYC Issues,I am unable to complete KYC document verification.,negative,18.71
904630,142494,2026-01-31 06:48:48,Rewards,The rewards experience is confusing.,neutral,3.12
904631,123554,2026-05-18 18:20:57,App Performance,The app feels slow and sometimes freezes.,negative,5.84
904632,132692,2026-06-03 06:36:39,App Performance,The app feels slow and sometimes freezes.,negative,14.42
904633,143114,2026-06-18 23:02:01,KYC Issues,I am unable to complete KYC document verification.,negative,8.25
904634,110946,2026-06-30 23:59:59,KYC Issues,I am unable to complete KYC document verification.,negative,4.36
904635,119823,2026-03-03 22:26:06,KYC Issues,I am unable to complete KYC document verification.,negative,11.14
904636,144730,2026-04-21 14:16:37,Rewards,The rewards experience is confusing.,neutral,20.7
904637,138934,2026-05-11 12:15:20,Account,I need help with my account.,neutral,9.68
904638,117228,2026-05-20 04:01:20,KYC Issues,I am unable to complete KYC document verification.,negative,13.47
904639,126566,2026-05-05 06:06:04,Payment Failure,My payment failed and I do not know why.,negative,2.35
904640,107561,2026-05-09 07:42:30,KYC Issues,I am unable to complete KYC document verification.,negative,16.62
904641,141020,2026-06-27 05:50:37,Account,I need help with my account.,neutral,2.29
904642,103664,2026-02-17 05:06:44,App Performance,The app feels slow and sometimes freezes.,negative,6.43
904643,128957,2026-06-14 04:40:30,App Performance,The app feels slow and sometimes freezes.,negative,11.77
904644,140155,2026-03-31 05:00:10,KYC Issues,I am unable to complete KYC document verification.,negative,8.11
904645,141553,2026-01-28 02:54:39,App Performance,The app feels slow and sometimes freezes.,negative,6.19
904646,106366,2026-03-03 19:40:26,KYC Issues,I am unable to complete KYC document verification.,negative,10.92
904647,103708,2026-06-04 23:25:02,App Performance,The app feels slow and sometimes freezes.,negative,6.69
904648,135386,2026-03-23 04:19:50,KYC Issues,I am unable to complete KYC document verification.,negative,3.54
904649,127613,2026-05-27 02:37:00,KYC Issues,I am unable to complete KYC document verification.,negative,10.35
904650,114218,2026-02-13 10:24:55,Payment Failure,My payment failed and I do not know why.,negative,8.39
904651,100072,2026-04-14 10:01:02,Account,I need help with my account.,neutral,6.17
904652,104281,2026-03-01 23:26:48,Account,I need help with my account.,neutral,7.07
904653,103556,2026-03-29 16:33:36,Payment Failure,My payment failed and I do not know why.,negative,7.22
904654,108469,2026-04-13 10:46:08,Account,I need help with my account.,neutral,27.21
904655,144321,2026-01-09 08:27:44,KYC Issues,I am unable to complete KYC document verification.,negative,2.46
904656,121921,2026-02-12 19:55:43,Account,I need help with my account.,neutral,3.19
904657,109599,2026-02-27 07:43:01,Payment Failure,My payment failed and I do not know why.,negative,5.47
904658,133699,2026-06-28 14:42:45,Payment Failure,My payment failed and I do not know why.,negative,17.76
904659,111015,2026-04-28 11:58:33,Account,I need help with my account.,neutral,3.35
904660,128714,2026-03-27 03:13:31,App Performance,The app feels slow and sometimes freezes.,negative,2.08
904661,146974,2026-06-14 14:26:07,Account,I need help with my account.,neutral,5.57
904662,129679,2026-06-26 02:42:57,Payment Failure,My payment failed and I do not know why.,negative,10.91
904663,145564,2026-06-05 10:49:05,App Performance,The app feels slow and sometimes freezes.,negative,5.72
904664,131179,2026-03-01 10:15:32,Account,I need help with my account.,neutral,3.64
904665,121610,2026-06-30 23:59:59,Account,I need help with my account.,neutral,17.99
904666,125409,2026-01-23 11:12:29,Account,I need help with my account.,neutral,10.21
904667,143345,2026-02-18 08:27:09,App Performance,The app feels slow and sometimes freezes.,negative,19.66
904668,149197,2026-05-28 09:12:11,Payment Failure,My payment failed and I do not know why.,negative,4.59
904669,126734,2026-04-17 21:21:28,App Performance,The app feels slow and sometimes freezes.,negative,2.48
904670,148429,2026-03-17 06:24:59,KYC Issues,I am unable to complete KYC document verification.,negative,4.48
904671,118687,2026-01-22 23:16:24,Payment Failure,My payment failed and I do not know why.,negative,12.52
904672,116650,2026-04-27 08:29:45,Account,I need help with my account.,neutral,9.72
904673,124776,2026-06-05 23:29:55,Account,I need help with my account.,neutral,17.7
904674,124570,2026-04-27 20:17:09,App Performance,The app feels slow and sometimes freezes.,negative,2.66
904675,142826,2026-05-31 10:03:04,Payment Failure,My payment failed and I do not know why.,negative,2.99
904676,125404,2026-01-21 19:21:59,Payment Failure,My payment failed and I do not know why.,negative,13.11
904677,124603,2026-02-28 10:45:34,Account,I need help with my account.,neutral,6.24
904678,149698,2026-01-31 00:11:35,KYC Issues,I am unable to complete KYC document verification.,negative,34.89
904679,113848,2026-05-22 22:07:32,Account,I need help with my account.,neutral,11.46
904680,149247,2026-02-05 17:45:32,Payment Failure,My payment failed and I do not know why.,negative,10.97
904681,142943,2026-03-14 17:21:10,Account,I need help with my account.,neutral,12.9
904682,139968,2026-02-02 00:06:27,Rewards,The rewards experience is confusing.,neutral,7.59
904683,128981,2026-03-02 08:42:41,Rewards,The rewards experience is confusing.,neutral,3.71
904684,102800,2026-03-09 09:08:31,Rewards,The rewards experience is confusing.,neutral,7.09
904685,130335,2026-06-27 01:04:38,Payment Failure,My payment failed and I do not know why.,negative,27.07
904686,105276,2026-03-20 14:46:29,Payment Failure,My payment failed and I do not know why.,negative,4.07
904687,110821,2026-05-16 03:19:12,KYC Issues,I am unable to complete KYC document verification.,negative,16.1
904688,131366,2026-01-13 00:44:32,Account,I need help with my account.,neutral,7.57
904689,124809,2026-06-21 19:37:51,KYC Issues,I am unable to complete KYC document verification.,negative,12.63
904690,144597,2026-06-12 13:57:24,Account,I need help with my account.,neutral,10.77
904691,121155,2026-05-18 18:06:52,Account,I need help with my account.,neutral,5.13
904692,145055,2026-04-16 18:37:47,Account,I need help with my account.,neutral,10.37
904693,121132,2026-06-30 23:59:59,Payment Failure,My payment failed and I do not know why.,negative,8.99
904694,111602,2026-04-01 04:56:34,Account,I need help with my account.,neutral,7.79
904695,103789,2026-03-17 08:22:03,App Performance,The app feels slow and sometimes freezes.,negative,2.95
904696,122893,2026-01-11 23:41:43,Rewards,The rewards experience is confusing.,neutral,4.35
904697,133902,2026-03-31 18:15:15,Account,I need help with my account.,neutral,6.5
904698,113619,2026-01-23 18:58:05,Payment Failure,My payment failed and I do not know why.,negative,1.27
904699,126684,2026-05-30 09:08:48,Account,I need help with my account.,neutral,5.36
904700,146297,2026-06-09 09:24:58,KYC Issues,I am unable to complete KYC document verification.,negative,4.79
904701,118497,2026-03-22 14:06:34,KYC Issues,I am unable to complete KYC document verification.,negative,27.66
904702,148626,2026-04-19 13:47:40,App Performance,The app feels slow and sometimes freezes.,negative,9.98
904703,136288,2026-05-02 21:06:34,KYC Issues,I am unable to complete KYC document verification.,negative,7.71
904704,145452,2026-03-07 09:03:08,Payment Failure,My payment failed and I do not know why.,negative,18.65
904705,129834,2026-02-04 22:19:15,KYC Issues,I am unable to complete KYC document verification.,negative,10.57
904706,101669,2026-05-08 11:42:03,App Performance,The app feels slow and sometimes freezes.,negative,7.52
904707,108248,2026-04-28 20:24:08,KYC Issues,I am unable to complete KYC document verification.,negative,3.18
904708,123293,2026-03-28 16:48:41,Payment Failure,My payment failed and I do not know why.,negative,17.7
904709,115799,2026-06-21 12:45:29,Account,I need help with my account.,neutral,3.27
904710,131329,2026-01-29 13:31:34,KYC Issues,I am unable to complete KYC document verification.,negative,8.38
904711,121044,2026-05-23 09:48:37,KYC Issues,I am unable to complete KYC document verification.,negative,5.84
904712,129168,2026-03-22 05:18:04,Rewards,The rewards experience is confusing.,neutral,12.36
904713,148246,2026-03-05 11:42:47,KYC Issues,I am unable to complete KYC document verification.,negative,12.83
904714,134523,2026-03-03 15:37:41,Payment Failure,My payment failed and I do not know why.,negative,38.87
904715,132504,2026-01-08 18:36:22,KYC Issues,I am unable to complete KYC document verification.,negative,0.66
904716,133000,2026-06-08 23:19:31,Payment Failure,My payment failed and I do not know why.,negative,5.26
904717,149896,2026-06-30 23:59:59,App Performance,The app feels slow and sometimes freezes.,negative,12.83
904718,126877,2026-02-07 10:16:11,App Performance,The app feels slow and sometimes freezes.,negative,12.68
904719,114500,2026-01-29 16:35:48,Payment Failure,My payment failed and I do not know why.,negative,4.97
904720,136252,2026-06-27 19:48:16,Payment Failure,My payment failed and I do not know why.,negative,3.82
904721,129575,2026-05-31 15:06:53,Payment Failure,My payment failed and I do not know why.,negative,28.54
904722,139974,2026-02-27 13:12:15,Rewards,The rewards experience is confusing.,neutral,18.48
904723,122953,2026-03-30 23:00:04,KYC Issues,I am unable to complete KYC document verification.,negative,22.92
904724,144579,2026-05-06 18:45:31,KYC Issues,I am unable to complete KYC document verification.,negative,4.86
904725,103487,2026-06-02 04:56:06,Account,I need help with my account.,neutral,9.07
904726,148173,2026-06-04 08:22:59,Payment Failure,My payment failed and I do not know why.,negative,24.59
904727,148697,2026-05-20 20:08:09,KYC Issues,I am unable to complete KYC document verification.,negative,7.56
904728,120706,2026-05-11 09:29:19,App Performance,The app feels slow and sometimes freezes.,negative,17.82
904729,100355,2026-06-24 21:28:45,Payment Failure,My payment failed and I do not know why.,negative,11.75
904730,107853,2026-01-14 13:44:36,Payment Failure,My payment failed and I do not know why.,negative,7.08
904731,140566,2026-02-02 05:11:27,KYC Issues,I am unable to complete KYC document verification.,negative,23.71
904732,110065,2026-05-06 16:11:30,KYC Issues,I am unable to complete KYC document verification.,negative,15.63
904733,130769,2026-02-04 21:49:22,KYC Issues,I am unable to complete KYC document verification.,negative,4.78
904734,146183,2026-05-01 18:59:22,Account,I need help with my account.,neutral,7.24
904735,130622,2026-04-11 21:24:49,Payment Failure,My payment failed and I do not know why.,negative,6.98
904736,125407,2026-05-13 08:02:46,Rewards,The rewards experience is confusing.,neutral,2.09
904737,117105,2026-06-30 23:59:59,Account,I need help with my account.,neutral,17.64
904738,110477,2026-06-04 23:34:42,Rewards,The rewards experience is confusing.,neutral,23.31
904739,138295,2026-04-26 19:13:40,Rewards,The rewards experience is confusing.,neutral,13.37
904740,140255,2026-06-30 23:59:59,Payment Failure,My payment failed and I do not know why.,negative,8.22
904741,107380,2026-01-24 17:03:56,Account,I need help with my account.,neutral,4.44
904742,119497,2026-03-11 06:59:47,KYC Issues,I am unable to complete KYC document verification.,negative,16.86
904743,139589,2026-04-02 04:15:05,KYC Issues,I am unable to complete KYC document verification.,negative,1.97
904744,148063,2026-04-18 01:15:00,Account,I need help with my account.,neutral,2.38
904745,148296,2026-02-05 04:50:24,App Performance,The app feels slow and sometimes freezes.,negative,7.04
904746,122265,2026-06-24 22:46:09,KYC Issues,I am unable to complete KYC document verification.,negative,2.86
904747,137822,2026-03-06 07:52:35,Payment Failure,My payment failed and I do not know why.,negative,9.86
904748,144339,2026-03-17 00:02:10,Payment Failure,My payment failed and I do not know why.,negative,30.94
904749,102653,2026-02-24 20:16:43,Payment Failure,My payment failed and I do not know why.,negative,10.0
904750,136787,2026-06-27 05:17:54,Account,I need help with my account.,neutral,10.87
904751,132691,2026-06-15 23:37:26,App Performance,The app feels slow and sometimes freezes.,negative,19.56
904752,139700,2026-03-13 22:23:34,Rewards,The rewards experience is confusing.,neutral,9.57
904753,149032,2026-02-11 16:20:35,KYC Issues,I am unable to complete KYC document verification.,negative,4.34
904754,114170,2026-06-09 16:36:19,Rewards,The rewards experience is confusing.,neutral,9.66
904755,109401,2026-04-05 05:11:45,App Performance,The app feels slow and sometimes freezes.,negative,10.25
904756,138878,2026-01-18 10:12:56,Account,I need help with my account.,neutral,6.42
904757,122780,2026-05-04 07:53:49,Payment Failure,My payment failed and I do not know why.,negative,8.36
904758,129904,2026-05-29 00:53:06,KYC Issues,I am unable to complete KYC document verification.,negative,8.52
904759,121297,2026-06-11 06:36:43,KYC Issues,I am unable to complete KYC document verification.,negative,5.73
904760,128774,2026-05-23 15:19:17,KYC Issues,I am unable to complete KYC document verification.,negative,18.78
904761,105046,2026-06-17 02:20:13,Payment Failure,My payment failed and I do not know why.,negative,13.09
904762,125599,2026-04-24 18:03:23,Account,I need help with my account.,neutral,5.12
904763,115159,2026-04-09 20:10:21,KYC Issues,I am unable to complete KYC document verification.,negative,6.41
904764,142213,2026-02-16 16:14:07,KYC Issues,I am unable to complete KYC document verification.,negative,47.41
904765,127620,2026-01-20 22:49:29,Payment Failure,My payment failed and I do not know why.,negative,2.09
904766,138003,2026-01-27 23:39:39,Account,I need help with my account.,neutral,6.99
904767,122655,2026-02-14 18:52:20,KYC Issues,I am unable to complete KYC document verification.,negative,29.77
904768,124318,2026-02-15 11:13:01,Payment Failure,My payment failed and I do not know why.,negative,8.03
904769,138926,2026-04-14 18:52:44,App Performance,The app feels slow and sometimes freezes.,negative,20.22
904770,111730,2026-04-02 11:31:50,KYC Issues,I am unable to complete KYC document verification.,negative,10.45
904771,136600,2026-01-23 07:20:38,Rewards,The rewards experience is confusing.,neutral,6.64
904772,137316,2026-06-17 19:57:51,Rewards,The rewards experience is confusing.,neutral,0.24
904773,140984,2026-03-24 11:12:45,App Performance,The app feels slow and sometimes freezes.,negative,8.82
904774,126823,2026-01-24 07:40:08,KYC Issues,I am unable to complete KYC document verification.,negative,6.4
904775,144655,2026-03-18 20:52:05,Payment Failure,My payment failed and I do not know why.,negative,11.97
904776,128581,2026-06-20 12:47:53,KYC Issues,I am unable to complete KYC document verification.,negative,5.07
904777,134977,2026-03-07 02:43:13,Account,I need help with my account.,neutral,8.62
904778,122652,2026-06-15 23:30:35,KYC Issues,I am unable to complete KYC document verification.,negative,7.29
904779,141113,2026-04-30 21:43:38,Account,I need help with my account.,neutral,0.7
904780,119152,2026-06-06 11:19:26,Payment Failure,My payment failed and I do not know why.,negative,5.35
904781,141978,2026-05-23 09:21:11,Payment Failure,My payment failed and I do not know why.,negative,14.58
904782,102001,2026-04-08 11:49:08,Payment Failure,My payment failed and I do not know why.,negative,11.41
904783,118220,2026-02-06 00:18:40,Payment Failure,My payment failed and I do not know why.,negative,3.54
904784,136113,2026-02-13 07:44:47,Payment Failure,My payment failed and I do not know why.,negative,4.83
904785,146235,2026-05-22 10:36:08,KYC Issues,I am unable to complete KYC document verification.,negative,7.84
904786,129245,2026-06-06 03:37:10,Account,I need help with my account.,neutral,4.12
904787,125674,2026-03-13 15:49:06,Account,I need help with my account.,neutral,9.98
904788,141397,2026-06-23 01:45:11,Payment Failure,My payment failed and I do not know why.,negative,3.52
904789,114403,2026-06-30 23:59:59,Payment Failure,My payment failed and I do not know why.,negative,8.32
904790,145850,2026-02-14 02:28:58,Rewards,The rewards experience is confusing.,neutral,2.94
904791,121378,2026-04-22 17:37:17,KYC Issues,I am unable to complete KYC document verification.,negative,17.9
904792,121539,2026-06-22 00:24:59,Account,I need help with my account.,neutral,3.11
904793,109037,2026-06-26 13:13:52,KYC Issues,I am unable to complete KYC document verification.,negative,3.12
904794,144532,2026-01-13 04:41:52,Rewards,The rewards experience is confusing.,neutral,4.72
904795,115076,2026-06-17 17:39:01,App Performance,The app feels slow and sometimes freezes.,negative,5.55
904796,126331,2026-04-24 14:26:25,Account,I need help with my account.,neutral,10.66
904797,109987,2026-06-18 06:14:35,Account,I need help with my account.,neutral,15.17
904798,149732,2026-01-27 07:40:43,Payment Failure,My payment failed and I do not know why.,negative,5.2
904799,119500,2026-01-21 03:36:34,Account,I need help with my account.,neutral,3.57
904800,141633,2026-05-27 00:25:11,KYC Issues,I am unable to complete KYC document verification.,negative,10.94
904801,138806,2026-05-02 17:08:19,Account,I need help with my account.,neutral,9.28
904802,134614,2026-01-27 12:00:31,Payment Failure,My payment failed and I do not know why.,negative,12.72
904803,142776,2026-02-27 18:30:24,Payment Failure,My payment failed and I do not know why.,negative,3.47
904804,106269,2026-02-23 00:17:49,KYC Issues,I am unable to complete KYC document verification.,negative,2.19
904805,134192,2026-01-05 02:15:06,Payment Failure,My payment failed and I do not know why.,negative,23.67
904806,115208,2026-04-05 18:22:03,Payment Failure,My payment failed and I do not know why.,negative,7.99
904807,146264,2026-02-05 08:06:32,App Performance,The app feels slow and sometimes freezes.,negative,1.43
904808,138382,2026-05-09 11:15:15,Account,I need help with my account.,neutral,3.16
904809,106568,2026-05-27 04:51:39,Account,I need help with my account.,neutral,14.99
904810,112995,2026-01-31 21:45:23,Account,I need help with my account.,neutral,19.97
904811,135407,2026-06-21 05:48:19,Payment Failure,My payment failed and I do not know why.,negative,3.37
904812,145302,2026-02-27 13:58:36,KYC Issues,I am unable to complete KYC document verification.,negative,1.73
904813,127250,2026-03-03 14:40:50,Payment Failure,My payment failed and I do not know why.,negative,23.59
904814,149645,2026-06-15 14:55:36,Payment Failure,My payment failed and I do not know why.,negative,19.52
904815,137084,2026-06-25 21:01:36,KYC Issues,I am unable to complete KYC document verification.,negative,0.85
904816,114129,2026-01-26 22:42:03,Account,I need help with my account.,neutral,8.75
904817,122017,2026-04-17 21:36:56,KYC Issues,I am unable to complete KYC document verification.,negative,10.38
904818,105090,2026-02-26 09:17:55,Payment Failure,My payment failed and I do not know why.,negative,3.54
904819,126769,2026-02-28 16:31:00,Account,I need help with my account.,neutral,12.48
904820,107616,2026-04-08 10:57:18,Rewards,The rewards experience is confusing.,neutral,15.77
904821,132448,2026-02-24 00:30:02,Payment Failure,My payment failed and I do not know why.,negative,0.89
904822,143833,2026-01-24 21:37:46,App Performance,The app feels slow and sometimes freezes.,negative,5.85
904823,115287,2026-06-30 23:59:59,Payment Failure,My payment failed and I do not know why.,negative,10.26
904824,140805,2026-02-19 11:26:18,Account,I need help with my account.,neutral,4.38
904825,124785,2026-06-30 23:59:59,Account,I need help with my account.,neutral,2.55
904826,126358,2026-05-31 07:14:39,App Performance,The app feels slow and sometimes freezes.,negative,5.78
904827,113291,2026-02-22 05:51:50,Account,I need help with my account.,neutral,11.99
904828,115135,2026-06-21 22:08:54,App Performance,The app feels slow and sometimes freezes.,negative,7.26
904829,111828,2026-04-26 16:07:05,Rewards,The rewards experience is confusing.,neutral,5.35
904830,114404,2026-05-11 18:28:45,Payment Failure,My payment failed and I do not know why.,negative,8.28
904831,133493,2026-04-02 02:50:17,App Performance,The app feels slow and sometimes freezes.,negative,8.3
904832,109255,2026-02-08 16:23:51,Rewards,The rewards experience is confusing.,neutral,1.53
904833,137766,2026-05-16 03:23:45,KYC Issues,I am unable to complete KYC document verification.,negative,5.13
904834,101488,2026-03-03 17:01:09,Payment Failure,My payment failed and I do not know why.,negative,11.55
904835,122899,2026-01-12 06:50:57,Rewards,The rewards experience is confusing.,neutral,21.76
904836,123328,2026-02-21 02:09:11,KYC Issues,I am unable to complete KYC document verification.,negative,3.7
904837,121420,2026-06-30 23:59:59,Payment Failure,My payment failed and I do not know why.,negative,11.03
904838,129046,2026-04-14 06:11:32,Account,I need help with my account.,neutral,3.39
904839,104337,2026-04-09 16:53:34,Payment Failure,My payment failed and I do not know why.,negative,16.06
904840,126315,2026-02-07 06:29:07,Payment Failure,My payment failed and I do not know why.,negative,18.56
904841,115453,2026-06-14 11:19:41,KYC Issues,I am unable to complete KYC document verification.,negative,3.8
904842,122533,2026-02-02 12:17:07,Rewards,The rewards experience is confusing.,neutral,12.24
904843,115158,2026-02-27 07:30:50,Rewards,The rewards experience is confusing.,neutral,15.23
904844,117991,2026-02-10 09:13:22,Account,I need help with my account.,neutral,5.52
904845,148345,2026-03-09 22:55:42,Payment Failure,My payment failed and I do not know why.,negative,28.88
904846,135317,2026-05-17 08:55:34,Payment Failure,My payment failed and I do not know why.,negative,6.79
904847,129157,2026-06-30 23:59:59,Rewards,The rewards experience is confusing.,neutral,11.91
904848,112363,2026-02-04 08:09:46,KYC Issues,I am unable to complete KYC document verification.,negative,9.35
904849,110260,2026-02-01 03:45:25,App Performance,The app feels slow and sometimes freezes.,negative,5.09
904850,133012,2026-04-03 15:38:44,Account,I need help with my account.,neutral,9.95
904851,113701,2026-04-18 02:00:41,KYC Issues,I am unable to complete KYC document verification.,negative,2.55
904852,145948,2026-06-16 01:24:26,Account,I need help with my account.,neutral,31.98
904853,137453,2026-06-13 13:18:14,KYC Issues,I am unable to complete KYC document verification.,negative,9.55
904854,101704,2026-06-30 23:59:59,Payment Failure,My payment failed and I do not know why.,negative,5.87
904855,111328,2026-05-07 09:53:47,Payment Failure,My payment failed and I do not know why.,negative,7.79
904856,116732,2026-03-24 22:56:54,Payment Failure,My payment failed and I do not know why.,negative,10.06
904857,103995,2026-04-14 02:08:21,Payment Failure,My payment failed and I do not know why.,negative,1.36
904858,125486,2026-05-31 20:20:15,Account,I need help with my account.,neutral,6.46
904859,105266,2026-03-06 09:54:40,Account,I need help with my account.,neutral,20.55
904860,107744,2026-05-29 16:46:50,App Performance,The app feels slow and sometimes freezes.,negative,8.41
904861,103913,2026-06-23 13:32:40,Account,I need help with my account.,neutral,9.78
904862,138491,2026-03-27 04:24:01,Payment Failure,My payment failed and I do not know why.,negative,7.67
904863,107985,2026-03-05 21:43:54,Rewards,The rewards experience is confusing.,neutral,6.81
904864,115530,2026-06-30 23:59:59,App Performance,The app feels slow and sometimes freezes.,negative,20.57
904865,100931,2026-02-27 13:23:26,App Performance,The app feels slow and sometimes freezes.,negative,3.75
904866,139239,2026-04-15 22:52:27,Payment Failure,My payment failed and I do not know why.,negative,4.0
904867,113890,2026-03-01 00:42:29,Account,I need help with my account.,neutral,15.49
904868,137008,2026-01-24 10:09:22,App Performance,The app feels slow and sometimes freezes.,negative,3.23
904869,130386,2026-03-10 08:58:20,Rewards,The rewards experience is confusing.,neutral,12.36
904870,145238,2026-04-07 19:46:00,Account,I need help with my account.,neutral,5.68
904871,100862,2026-05-19 05:32:52,KYC Issues,I am unable to complete KYC document verification.,negative,6.71
904872,140816,2026-05-26 08:20:24,App Performance,The app feels slow and sometimes freezes.,negative,5.6
904873,113001,2026-02-26 09:23:31,KYC Issues,I am unable to complete KYC document verification.,negative,5.32
904874,132421,2026-04-30 20:57:11,Payment Failure,My payment failed and I do not know why.,negative,1.33
904875,101595,2026-06-04 19:48:07,KYC Issues,I am unable to complete KYC document verification.,negative,6.07
904876,110240,2026-06-30 23:59:59,App Performance,The app feels slow and sometimes freezes.,negative,18.23
904877,132879,2026-05-25 20:24:43,App Performance,The app feels slow and sometimes freezes.,negative,8.97
904878,119488,2026-06-30 23:59:59,Payment Failure,My payment failed and I do not know why.,negative,3.14
904879,121843,2026-06-24 03:18:33,KYC Issues,I am unable to complete KYC document verification.,negative,3.94
904880,141172,2026-03-13 10:19:39,Account,I need help with my account.,neutral,4.13
904881,105976,2026-01-30 21:58:24,Account,I need help with my account.,neutral,12.75
904882,129289,2026-06-18 02:39:28,Payment Failure,My payment failed and I do not know why.,negative,2.55
904883,146381,2026-06-30 23:59:59,Payment Failure,My payment failed and I do not know why.,negative,12.86
904884,124462,2026-05-10 15:27:58,KYC Issues,I am unable to complete KYC document verification.,negative,11.77
904885,136302,2026-01-20 13:11:13,Rewards,The rewards experience is confusing.,neutral,16.18
904886,111276,2026-06-30 23:59:59,App Performance,The app feels slow and sometimes freezes.,negative,16.24
904887,144649,2026-03-18 23:51:44,Rewards,The rewards experience is confusing.,neutral,2.35
904888,125643,2026-02-03 11:03:33,Payment Failure,My payment failed and I do not know why.,negative,4.65
904889,126324,2026-05-09 00:06:49,Payment Failure,My payment failed and I do not know why.,negative,4.58
904890,142087,2026-06-23 08:21:05,KYC Issues,I am unable to complete KYC document verification.,negative,3.23
904891,125883,2026-03-11 13:47:12,Payment Failure,My payment failed and I do not know why.,negative,8.95
904892,111598,2026-06-05 14:10:58,Account,I need help with my account.,neutral,5.31
904893,114578,2026-04-30 11:45:21,KYC Issues,I am unable to complete KYC document verification.,negative,18.63
904894,149205,2026-05-06 17:22:59,Payment Failure,My payment failed and I do not know why.,negative,3.19
904895,126365,2026-04-09 06:11:49,Rewards,The rewards experience is confusing.,neutral,0.32
904896,118502,2026-05-31 23:06:18,KYC Issues,I am unable to complete KYC document verification.,negative,5.41
904897,145268,2026-02-06 02:18:46,Account,I need help with my account.,neutral,6.86
904898,114496,2026-01-11 09:55:10,KYC Issues,I am unable to complete KYC document verification.,negative,25.01
904899,129569,2026-01-29 05:40:38,Account,I need help with my account.,neutral,5.2
904900,143608,2026-06-20 11:40:32,KYC Issues,I am unable to complete KYC document verification.,negative,16.77
904901,123703,2026-02-03 14:43:07,App Performance,The app feels slow and sometimes freezes.,negative,5.25
904902,119393,2026-06-27 04:47:21,App Performance,The app feels slow and sometimes freezes.,negative,14.97
904903,138552,2026-05-31 22:24:37,Payment Failure,My payment failed and I do not know why.,negative,11.39
904904,110815,2026-01-19 01:05:44,Account,I need help with my account.,neutral,7.65
904905,132142,2026-02-06 11:06:50,Account,I need help with my account.,neutral,29.27
904906,108870,2026-06-09 06:47:15,Payment Failure,My payment failed and I do not know why.,negative,2.15
904907,100226,2026-05-27 01:26:11,KYC Issues,I am unable to complete KYC document verification.,negative,6.15
904908,117396,2026-01-25 09:15:47,Account,I need help with my account.,neutral,10.47
904909,134082,2026-01-01 10:31:32,Rewards,The rewards experience is confusing.,neutral,0.52
904910,142031,2026-06-20 03:25:26,KYC Issues,I am unable to complete KYC document verification.,negative,9.77
904911,119889,2026-03-09 05:31:33,KYC Issues,I am unable to complete KYC document verification.,negative,3.3
904912,119396,2026-01-22 19:43:41,KYC Issues,I am unable to complete KYC document verification.,negative,15.97
904913,120635,2026-04-07 08:35:59,App Performance,The app feels slow and sometimes freezes.,negative,7.59
904914,137422,2026-03-29 07:41:18,App Performance,The app feels slow and sometimes freezes.,negative,4.49
904915,102762,2026-03-26 06:32:31,Payment Failure,My payment failed and I do not know why.,negative,3.07
904916,133480,2026-04-03 08:36:00,KYC Issues,I am unable to complete KYC document verification.,negative,33.09
904917,110927,2026-01-30 16:58:54,Account,I need help with my account.,neutral,27.3
904918,146031,2026-05-07 03:21:24,Rewards,The rewards experience is confusing.,neutral,2.97
904919,104539,2026-06-04 08:52:25,KYC Issues,I am unable to complete KYC document verification.,negative,14.14
904920,141715,2026-02-15 21:02:28,Payment Failure,My payment failed and I do not know why.,negative,12.36
904921,119513,2026-05-08 14:52:21,Account,I need help with my account.,neutral,11.94
904922,139212,2026-06-28 18:28:44,Account,I need help with my account.,neutral,3.82
904923,129267,2026-05-16 11:53:19,KYC Issues,I am unable to complete KYC document verification.,negative,6.73
904924,145846,2026-03-26 17:14:33,Payment Failure,My payment failed and I do not know why.,negative,17.94
904925,139439,2026-04-10 07:50:58,Rewards,The rewards experience is confusing.,neutral,4.45
904926,144432,2026-03-14 22:00:55,Account,I need help with my account.,neutral,11.06
904927,122523,2026-06-24 04:09:46,Rewards,The rewards experience is confusing.,neutral,5.5
904928,121657,2026-04-30 22:44:02,KYC Issues,I am unable to complete KYC document verification.,negative,1.36
904929,149585,2026-04-05 01:36:08,KYC Issues,I am unable to complete KYC document verification.,negative,8.26
904930,114460,2026-06-29 11:50:17,Rewards,The rewards experience is confusing.,neutral,4.89
904931,114410,2026-02-11 17:44:44,Payment Failure,My payment failed and I do not know why.,negative,10.66
904932,133228,2026-02-28 21:32:17,Rewards,The rewards experience is confusing.,neutral,6.75
904933,107213,2026-04-22 11:17:39,KYC Issues,I am unable to complete KYC document verification.,negative,12.43
904934,114581,2026-01-06 14:19:18,Account,I need help with my account.,neutral,7.69
904935,114837,2026-04-13 07:48:56,Rewards,The rewards experience is confusing.,neutral,10.13
904936,140779,2026-06-24 20:45:10,KYC Issues,I am unable to complete KYC document verification.,negative,0.86
904937,123970,2026-04-11 00:05:52,Payment Failure,My payment failed and I do not know why.,negative,35.77
904938,116275,2026-06-06 09:44:21,KYC Issues,I am unable to complete KYC document verification.,negative,8.82
904939,137446,2026-06-25 02:14:42,KYC Issues,I am unable to complete KYC document verification.,negative,7.94
904940,129639,2026-05-03 10:34:11,App Performance,The app feels slow and sometimes freezes.,negative,8.57
904941,101398,2026-02-27 03:37:06,Payment Failure,My payment failed and I do not know why.,negative,11.19
904942,146411,2026-05-17 19:15:21,KYC Issues,I am unable to complete KYC document verification.,negative,19.33
904943,145750,2026-02-19 21:18:08,Account,I need help with my account.,neutral,16.64
904944,115953,2026-01-26 06:05:33,App Performance,The app feels slow and sometimes freezes.,negative,21.31
904945,119821,2026-03-31 18:30:08,Payment Failure,My payment failed and I do not know why.,negative,4.55
904946,138360,2026-01-28 13:38:25,Payment Failure,My payment failed and I do not know why.,negative,15.19
904947,117310,2026-01-25 08:21:59,Account,I need help with my account.,neutral,13.08
904948,116600,2026-05-24 18:26:30,Payment Failure,My payment failed and I do not know why.,negative,17.68
904949,146342,2026-06-26 17:00:53,Payment Failure,My payment failed and I do not know why.,negative,10.38
904950,101247,2026-03-19 08:30:48,Payment Failure,My payment failed and I do not know why.,negative,9.87
904951,116031,2026-04-19 12:20:37,Account,I need help with my account.,neutral,4.02
904952,126645,2026-05-15 02:25:37,Account,I need help with my account.,neutral,13.93
904953,145567,2026-06-30 10:58:31,KYC Issues,I am unable to complete KYC document verification.,negative,19.87
904954,127675,2026-05-23 02:16:13,Payment Failure,My payment failed and I do not know why.,negative,4.49
904955,120959,2026-02-15 05:42:27,App Performance,The app feels slow and sometimes freezes.,negative,21.63
904956,143025,2026-06-30 23:59:59,Payment Failure,My payment failed and I do not know why.,negative,16.64
904957,133714,2026-05-18 02:21:48,KYC Issues,I am unable to complete KYC document verification.,negative,21.31
904958,106940,2026-06-19 12:45:57,App Performance,The app feels slow and sometimes freezes.,negative,12.72
904959,145127,2026-06-02 04:24:11,Account,I need help with my account.,neutral,8.83
904960,113925,2026-05-25 16:27:29,Payment Failure,My payment failed and I do not know why.,negative,9.59
904961,103242,2026-02-10 03:21:40,KYC Issues,I am unable to complete KYC document verification.,negative,9.38
904962,111151,2026-01-15 21:32:42,App Performance,The app feels slow and sometimes freezes.,negative,10.49
904963,148320,2026-06-09 14:02:48,Rewards,The rewards experience is confusing.,neutral,24.68
904964,119672,2026-03-26 12:24:47,KYC Issues,I am unable to complete KYC document verification.,negative,8.34
904965,101414,2026-06-07 21:23:12,KYC Issues,I am unable to complete KYC document verification.,negative,6.33
904966,128283,2026-06-25 03:17:48,Rewards,The rewards experience is confusing.,neutral,18.22
904967,141013,2026-02-13 14:13:25,App Performance,The app feels slow and sometimes freezes.,negative,5.0
904968,134241,2026-04-18 00:49:13,Payment Failure,My payment failed and I do not know why.,negative,23.34
904969,129576,2026-01-16 04:40:24,App Performance,The app feels slow and sometimes freezes.,negative,1.31
904970,141271,2026-06-12 06:27:02,Account,I need help with my account.,neutral,5.94
904971,108258,2026-06-03 07:20:38,Payment Failure,My payment failed and I do not know why.,negative,34.06
904972,126853,2026-02-09 03:22:48,KYC Issues,I am unable to complete KYC document verification.,negative,6.78
904973,108881,2026-05-31 17:02:50,Payment Failure,My payment failed and I do not know why.,negative,6.14
904974,122079,2026-03-04 11:24:25,Account,I need help with my account.,neutral,2.45
904975,147731,2026-02-27 20:50:41,KYC Issues,I am unable to complete KYC document verification.,negative,12.21
904976,119350,2026-02-27 07:07:07,Payment Failure,My payment failed and I do not know why.,negative,11.43
904977,132182,2026-01-27 13:22:57,App Performance,The app feels slow and sometimes freezes.,negative,3.56
904978,116955,2026-01-29 09:53:40,App Performance,The app feels slow and sometimes freezes.,negative,10.44
904979,139247,2026-06-30 23:59:59,KYC Issues,I am unable to complete KYC document verification.,negative,4.82
904980,101622,2026-05-03 23:20:03,Account,I need help with my account.,neutral,20.2
904981,147757,2026-04-16 02:51:33,KYC Issues,I am unable to complete KYC document verification.,negative,20.1
904982,145676,2026-05-30 10:06:39,Payment Failure,My payment failed and I do not know why.,negative,8.54
904983,102405,2026-01-26 16:54:29,Account,I need help with my account.,neutral,8.17
904984,130797,2026-06-30 23:59:59,Rewards,The rewards experience is confusing.,neutral,13.01
904985,137587,2026-03-02 09:21:23,Rewards,The rewards experience is confusing.,neutral,9.18
904986,123318,2026-06-03 18:36:35,Account,I need help with my account.,neutral,5.86
904987,112831,2026-06-30 23:59:59,Rewards,The rewards experience is confusing.,neutral,1.53
904988,133558,2026-02-16 11:31:19,App Performance,The app feels slow and sometimes freezes.,negative,9.44
904989,129558,2026-03-03 09:46:30,KYC Issues,I am unable to complete KYC document verification.,negative,8.49
904990,143987,2026-02-11 06:35:32,KYC Issues,I am unable to complete KYC document verification.,negative,13.98
904991,127894,2026-06-24 21:10:13,App Performance,The app feels slow and sometimes freezes.,negative,10.71
904992,105295,2026-05-30 16:41:27,KYC Issues,I am unable to complete KYC document verification.,negative,9.05
904993,124914,2026-02-19 20:14:46,Account,I need help with my account.,neutral,19.66
904994,134660,2026-05-14 07:09:07,Account,I need help with my account.,neutral,22.44
904995,101785,2026-02-07 09:03:23,App Performance,The app feels slow and sometimes freezes.,negative,4.33
904996,139886,2026-05-19 22:55:06,Account,I need help with my account.,neutral,3.98
904997,117567,2026-06-30 23:59:59,KYC Issues,I am unable to complete KYC document verification.,negative,9.54
904998,116063,2026-06-27 16:30:00,Rewards,The rewards experience is confusing.,neutral,5.86
904999,148446,2026-04-15 04:33:24,Account,I need help with my account.,neutral,6.43
905000,120383,2026-02-20 17:04:37,App Performance,The app feels slow and sometimes freezes.,negative,6.6
905001,140878,2026-06-12 12:55:08,KYC Issues,I am unable to complete KYC document verification.,negative,8.14
905002,118058,2026-03-24 18:52:52,Account,I need help with my account.,neutral,10.48
905003,119067,2026-01-31 09:53:14,Account,I need help with my account.,neutral,2.81
905004,120526,2026-02-14 02:01:28,KYC Issues,I am unable to complete KYC document verification.,negative,7.69
905005,105848,2026-04-19 19:00:40,KYC Issues,I am unable to complete KYC document verification.,negative,3.72
905006,118623,2026-06-30 23:59:59,Payment Failure,My payment failed and I do not know why.,negative,16.53
905007,145474,2026-03-25 10:02:00,KYC Issues,I am unable to complete KYC document verification.,negative,5.83
905008,131761,2026-05-30 17:27:18,KYC Issues,I am unable to complete KYC document verification.,negative,9.97
905009,105212,2026-06-21 04:57:10,KYC Issues,I am unable to complete KYC document verification.,negative,3.58
905010,125731,2026-06-11 21:18:21,Rewards,The rewards experience is confusing.,neutral,12.37
905011,106374,2026-02-13 06:51:07,KYC Issues,I am unable to complete KYC document verification.,negative,4.47
905012,130198,2026-05-28 10:21:38,Account,I need help with my account.,neutral,11.66
905013,123946,2026-04-29 00:44:32,Account,I need help with my account.,neutral,10.46
905014,136935,2026-04-05 09:51:45,Payment Failure,My payment failed and I do not know why.,negative,17.68
905015,134848,2026-03-19 12:11:37,Rewards,The rewards experience is confusing.,neutral,19.64
905016,115293,2026-02-17 00:06:22,App Performance,The app feels slow and sometimes freezes.,negative,12.22
905017,101852,2026-01-20 15:25:00,Account,I need help with my account.,neutral,16.88
905018,118433,2026-03-06 17:11:40,KYC Issues,I am unable to complete KYC document verification.,negative,18.33
905019,128971,2026-05-13 09:37:26,Payment Failure,My payment failed and I do not know why.,negative,13.22
905020,117040,2026-02-27 19:41:34,KYC Issues,I am unable to complete KYC document verification.,negative,14.61
905021,106688,2026-06-12 12:12:17,Rewards,The rewards experience is confusing.,neutral,8.49
905022,140939,2026-03-16 03:41:43,Account,I need help with my account.,neutral,20.81
905023,142182,2026-01-27 17:58:00,KYC Issues,I am unable to complete KYC document verification.,negative,8.08
905024,125253,2026-02-06 05:03:38,Rewards,The rewards experience is confusing.,neutral,13.79
905025,118842,2026-06-21 15:33:06,Rewards,The rewards experience is confusing.,neutral,12.57
905026,115807,2026-06-05 02:24:29,Rewards,The rewards experience is confusing.,neutral,10.4
905027,104182,2026-04-15 07:51:59,KYC Issues,I am unable to complete KYC document verification.,negative,1.92
905028,113863,2026-06-05 23:46:08,KYC Issues,I am unable to complete KYC document verification.,negative,12.89
905029,120190,2026-02-05 12:56:10,Rewards,The rewards experience is confusing.,neutral,3.92
905030,108785,2026-01-14 23:26:02,Payment Failure,My payment failed and I do not know why.,negative,1.82
905031,103706,2026-06-09 20:08:25,KYC Issues,I am unable to complete KYC document verification.,negative,16.96
905032,124446,2026-02-13 19:40:02,Account,I need help with my account.,neutral,7.27
905033,137772,2026-01-29 01:33:32,Account,I need help with my account.,neutral,0.78
905034,105159,2026-03-26 15:34:00,Payment Failure,My payment failed and I do not know why.,negative,11.95
905035,129837,2026-05-20 10:07:15,Rewards,The rewards experience is confusing.,neutral,18.97
905036,106130,2026-01-18 04:39:20,Account,I need help with my account.,neutral,0.8
905037,111030,2026-03-12 16:08:29,KYC Issues,I am unable to complete KYC document verification.,negative,3.62
905038,147339,2026-05-02 19:46:47,Payment Failure,My payment failed and I do not know why.,negative,6.2
905039,136030,2026-01-19 12:21:49,KYC Issues,I am unable to complete KYC document verification.,negative,8.36
905040,133447,2026-02-12 17:58:45,Account,I need help with my account.,neutral,12.74
905041,104117,2026-04-03 01:27:04,App Performance,The app feels slow and sometimes freezes.,negative,9.22
905042,111757,2026-06-30 23:59:59,Payment Failure,My payment failed and I do not know why.,negative,13.75
905043,127124,2026-04-26 14:24:54,KYC Issues,I am unable to complete KYC document verification.,negative,11.76
905044,105370,2026-02-26 12:05:28,Payment Failure,My payment failed and I do not know why.,negative,5.72
905045,115979,2026-03-25 20:08:11,Account,I need help with my account.,neutral,2.48
905046,109135,2026-06-06 02:06:03,App Performance,The app feels slow and sometimes freezes.,negative,5.06
905047,111062,2026-04-15 10:21:57,Payment Failure,My payment failed and I do not know why.,negative,3.9
905048,104551,2026-05-07 13:11:26,Payment Failure,My payment failed and I do not know why.,negative,7.29
905049,135859,2026-02-03 07:07:24,App Performance,The app feels slow and sometimes freezes.,negative,1.66
905050,146857,2026-06-07 21:03:11,Account,I need help with my account.,neutral,1.35
905051,143901,2026-03-27 17:23:12,Rewards,The rewards experience is confusing.,neutral,22.19
905052,117578,2026-06-23 10:19:20,Payment Failure,My payment failed and I do not know why.,negative,4.88
905053,102747,2026-05-05 09:42:57,Account,I need help with my account.,neutral,2.89
905054,121851,2026-03-27 05:18:30,Payment Failure,My payment failed and I do not know why.,negative,9.97
905055,125748,2026-06-30 23:59:59,Account,I need help with my account.,neutral,21.6
905056,106073,2026-04-18 04:59:40,App Performance,The app feels slow and sometimes freezes.,negative,10.35
905057,123921,2026-06-30 23:59:59,Rewards,The rewards experience is confusing.,neutral,29.11
905058,112934,2026-06-03 16:49:44,Account,I need help with my account.,neutral,1.15
905059,136181,2026-02-19 13:04:40,App Performance,The app feels slow and sometimes freezes.,negative,35.46
905060,134381,2026-05-30 07:47:55,Payment Failure,My payment failed and I do not know why.,negative,7.2
905061,128997,2026-02-23 00:08:52,Account,I need help with my account.,neutral,2.42
905062,138261,2026-06-29 03:39:57,Payment Failure,My payment failed and I do not know why.,negative,8.45
905063,100513,2026-06-05 05:16:14,KYC Issues,I am unable to complete KYC document verification.,negative,1.47
905064,116135,2026-06-23 09:33:28,App Performance,The app feels slow and sometimes freezes.,negative,6.11
905065,135634,2026-02-14 03:12:59,KYC Issues,I am unable to complete KYC document verification.,negative,3.37
905066,108089,2026-05-15 06:55:44,Account,I need help with my account.,neutral,8.37
905067,136093,2026-02-17 02:00:58,KYC Issues,I am unable to complete KYC document verification.,negative,9.71
905068,131392,2026-02-14 12:55:56,KYC Issues,I am unable to complete KYC document verification.,negative,20.52
905069,133043,2026-01-24 00:40:37,App Performance,The app feels slow and sometimes freezes.,negative,18.09
905070,134309,2026-03-05 08:57:02,Payment Failure,My payment failed and I do not know why.,negative,6.47
905071,112628,2026-04-20 11:21:11,Payment Failure,My payment failed and I do not know why.,negative,14.01
905072,101977,2026-06-04 21:23:05,Account,I need help with my account.,neutral,9.52
905073,107338,2026-04-26 20:31:46,Account,I need help with my account.,neutral,5.75
905074,142453,2026-06-30 23:59:59,Payment Failure,My payment failed and I do not know why.,negative,7.33
905075,122972,2026-06-17 21:47:49,Account,I need help with my account.,neutral,5.55
905076,137308,2026-04-17 13:34:58,Payment Failure,My payment failed and I do not know why.,negative,3.82
905077,144972,2026-04-09 14:43:07,Account,I need help with my account.,neutral,20.82
905078,105217,2026-05-23 06:59:13,App Performance,The app feels slow and sometimes freezes.,negative,23.38
905079,123623,2026-02-13 21:07:36,Payment Failure,My payment failed and I do not know why.,negative,2.72
905080,141400,2026-02-21 11:33:13,KYC Issues,I am unable to complete KYC document verification.,negative,20.02
905081,120311,2026-04-12 00:17:34,App Performance,The app feels slow and sometimes freezes.,negative,8.44
905082,100658,2026-02-07 10:24:14,Account,I need help with my account.,neutral,13.55
905083,135038,2026-01-18 05:27:20,Rewards,The rewards experience is confusing.,neutral,8.13
905084,144828,2026-02-06 12:04:16,App Performance,The app feels slow and sometimes freezes.,negative,9.88
905085,115944,2026-04-26 10:15:14,Account,I need help with my account.,neutral,7.75
905086,142014,2026-06-08 07:56:45,Account,I need help with my account.,neutral,8.42
905087,128058,2026-02-12 11:51:17,Account,I need help with my account.,neutral,5.35
905088,121872,2026-06-25 08:07:12,KYC Issues,I am unable to complete KYC document verification.,negative,8.21
905089,107028,2026-02-05 22:01:22,Rewards,The rewards experience is confusing.,neutral,21.83
905090,149786,2026-02-09 22:45:47,App Performance,The app feels slow and sometimes freezes.,negative,6.32
905091,130813,2026-03-19 20:51:41,Account,I need help with my account.,neutral,13.56
905092,135602,2026-01-20 08:34:44,Account,I need help with my account.,neutral,2.96
905093,121547,2026-02-27 12:38:28,Payment Failure,My payment failed and I do not know why.,negative,11.23
905094,114795,2026-05-09 07:47:10,Rewards,The rewards experience is confusing.,neutral,3.99
905095,145054,2026-03-23 23:30:16,KYC Issues,I am unable to complete KYC document verification.,negative,22.57
905096,103900,2026-06-30 23:59:59,Rewards,The rewards experience is confusing.,neutral,0.83
905097,129369,2026-04-12 20:42:41,KYC Issues,I am unable to complete KYC document verification.,negative,3.91
905098,115626,2026-04-30 22:35:35,KYC Issues,I am unable to complete KYC document verification.,negative,21.44
905099,146649,2026-04-28 19:14:41,Rewards,The rewards experience is confusing.,neutral,1.22
905100,110285,2026-02-19 09:42:49,Payment Failure,My payment failed and I do not know why.,negative,7.71
905101,125874,2026-03-05 10:15:20,App Performance,The app feels slow and sometimes freezes.,negative,16.67
905102,118720,2026-04-15 23:37:12,Account,I need help with my account.,neutral,2.75
905103,114949,2026-02-26 16:00:59,KYC Issues,I am unable to complete KYC document verification.,negative,10.11
905104,138344,2026-04-21 18:27:44,KYC Issues,I am unable to complete KYC document verification.,negative,6.69
905105,131304,2026-05-31 14:49:07,App Performance,The app feels slow and sometimes freezes.,negative,14.79
905106,106543,2026-01-22 00:06:20,KYC Issues,I am unable to complete KYC document verification.,negative,14.69
905107,142691,2026-06-11 04:31:32,App Performance,The app feels slow and sometimes freezes.,negative,7.95
905108,105877,2026-05-23 04:57:07,Rewards,The rewards experience is confusing.,neutral,10.89
905109,149325,2026-04-24 04:25:22,Rewards,The rewards experience is confusing.,neutral,4.12
905110,115603,2026-05-22 07:49:37,KYC Issues,I am unable to complete KYC document verification.,negative,4.43
905111,123358,2026-04-13 18:55:45,App Performance,The app feels slow and sometimes freezes.,negative,25.14
905112,146343,2026-06-25 14:33:57,KYC Issues,I am unable to complete KYC document verification.,negative,13.67
905113,119128,2026-03-24 16:30:37,App Performance,The app feels slow and sometimes freezes.,negative,8.46
905114,134792,2026-06-30 23:59:59,Payment Failure,My payment failed and I do not know why.,negative,7.02
905115,136360,2026-05-26 18:28:22,App Performance,The app feels slow and sometimes freezes.,negative,5.15
905116,118144,2026-02-02 05:15:32,Payment Failure,My payment failed and I do not know why.,negative,29.34
905117,100317,2026-06-05 05:52:18,KYC Issues,I am unable to complete KYC document verification.,negative,10.01
905118,100730,2026-03-29 15:59:01,Account,I need help with my account.,neutral,20.51
905119,145883,2026-03-07 14:38:41,Payment Failure,My payment failed and I do not know why.,negative,10.27
905120,106216,2026-03-31 07:40:19,KYC Issues,I am unable to complete KYC document verification.,negative,1.71
905121,117299,2026-02-24 17:38:54,KYC Issues,I am unable to complete KYC document verification.,negative,11.34
905122,101842,2026-05-22 03:39:05,Rewards,The rewards experience is confusing.,neutral,5.57
905123,102387,2026-02-15 08:35:58,KYC Issues,I am unable to complete KYC document verification.,negative,7.42
905124,121346,2026-04-09 19:41:08,KYC Issues,I am unable to complete KYC document verification.,negative,12.08
905125,122115,2026-02-24 01:58:08,Payment Failure,My payment failed and I do not know why.,negative,4.75
905126,143746,2026-06-30 23:59:59,Account,I need help with my account.,neutral,9.46
905127,105467,2026-01-22 18:13:46,KYC Issues,I am unable to complete KYC document verification.,negative,4.7
905128,138366,2026-03-08 16:39:44,App Performance,The app feels slow and sometimes freezes.,negative,17.9
905129,146720,2026-06-12 10:01:25,Rewards,The rewards experience is confusing.,neutral,31.32
905130,105541,2026-05-04 15:26:21,Payment Failure,My payment failed and I do not know why.,negative,13.69
905131,123563,2026-05-27 07:17:54,KYC Issues,I am unable to complete KYC document verification.,negative,19.26
905132,123013,2026-01-23 12:11:00,Account,I need help with my account.,neutral,5.72
905133,132742,2026-03-22 21:43:18,KYC Issues,I am unable to complete KYC document verification.,negative,4.01
905134,114164,2026-03-09 12:17:14,KYC Issues,I am unable to complete KYC document verification.,negative,3.54
905135,109063,2026-04-08 20:58:31,Rewards,The rewards experience is confusing.,neutral,4.67
905136,128698,2026-04-07 04:13:31,KYC Issues,I am unable to complete KYC document verification.,negative,8.65
905137,118491,2026-02-09 08:06:09,Payment Failure,My payment failed and I do not know why.,negative,10.63
905138,114826,2026-06-30 23:59:59,Account,I need help with my account.,neutral,12.05
905139,149828,2026-06-13 23:13:21,Rewards,The rewards experience is confusing.,neutral,5.99
905140,115680,2026-06-22 04:58:47,Rewards,The rewards experience is confusing.,neutral,3.79
905141,107933,2026-05-02 08:48:22,Payment Failure,My payment failed and I do not know why.,negative,14.88
905142,138881,2026-02-26 10:43:31,Payment Failure,My payment failed and I do not know why.,negative,17.52
905143,103003,2026-06-18 21:38:06,Rewards,The rewards experience is confusing.,neutral,7.32
905144,131444,2026-04-05 16:39:37,Account,I need help with my account.,neutral,10.01
905145,106263,2026-05-22 02:28:27,Account,I need help with my account.,neutral,6.13
905146,103954,2026-06-04 03:08:43,KYC Issues,I am unable to complete KYC document verification.,negative,1.08
905147,145135,2026-05-02 20:51:09,Payment Failure,My payment failed and I do not know why.,negative,3.45
905148,133479,2026-05-07 04:13:37,Account,I need help with my account.,neutral,12.26
905149,118554,2026-06-30 23:59:59,Payment Failure,My payment failed and I do not know why.,negative,5.27
905150,124224,2026-03-15 22:16:58,Payment Failure,My payment failed and I do not know why.,negative,8.43
905151,132042,2026-04-12 21:45:24,Rewards,The rewards experience is confusing.,neutral,8.63
905152,126219,2026-06-04 05:05:19,KYC Issues,I am unable to complete KYC document verification.,negative,3.6
905153,114633,2026-04-13 22:18:22,Payment Failure,My payment failed and I do not know why.,negative,24.1
905154,117091,2026-04-16 19:38:11,KYC Issues,I am unable to complete KYC document verification.,negative,12.64
905155,134427,2026-06-26 09:14:33,KYC Issues,I am unable to complete KYC document verification.,negative,5.32
905156,109377,2026-06-15 23:03:49,KYC Issues,I am unable to complete KYC document verification.,negative,12.04
905157,117781,2026-03-05 18:46:47,Account,I need help with my account.,neutral,9.05
905158,110437,2026-03-11 00:43:58,KYC Issues,I am unable to complete KYC document verification.,negative,33.32
905159,107569,2026-05-30 23:31:07,App Performance,The app feels slow and sometimes freezes.,negative,5.73
905160,123550,2026-04-09 03:57:42,Account,I need help with my account.,neutral,3.51
905161,101459,2026-03-07 14:36:45,App Performance,The app feels slow and sometimes freezes.,negative,31.58
905162,142297,2026-01-11 22:07:11,Account,I need help with my account.,neutral,2.48
905163,134366,2026-03-15 19:44:43,Account,I need help with my account.,neutral,22.91
905164,129309,2026-02-19 04:13:24,KYC Issues,I am unable to complete KYC document verification.,negative,24.75
905165,104846,2026-02-02 02:59:18,Rewards,The rewards experience is confusing.,neutral,9.5
905166,141961,2026-05-17 03:52:26,Account,I need help with my account.,neutral,5.28
905167,138153,2026-02-23 00:08:10,Payment Failure,My payment failed and I do not know why.,negative,9.06
905168,124381,2026-06-04 09:34:10,Payment Failure,My payment failed and I do not know why.,negative,13.34
905169,138922,2026-06-25 14:00:14,Rewards,The rewards experience is confusing.,neutral,10.54
905170,126539,2026-05-05 14:47:09,Account,I need help with my account.,neutral,11.45
905171,105937,2026-03-27 13:46:16,Rewards,The rewards experience is confusing.,neutral,17.49
905172,107674,2026-04-03 17:38:52,Payment Failure,My payment failed and I do not know why.,negative,16.05
905173,140437,2026-03-12 11:25:53,Rewards,The rewards experience is confusing.,neutral,19.02
905174,135495,2026-02-14 01:26:03,Payment Failure,My payment failed and I do not know why.,negative,17.18
905175,139592,2026-06-03 02:15:33,App Performance,The app feels slow and sometimes freezes.,negative,7.04
905176,114175,2026-05-05 10:45:39,Payment Failure,My payment failed and I do not know why.,negative,3.48
905177,140382,2026-03-01 03:14:32,Account,I need help with my account.,neutral,3.14
905178,123138,2026-02-28 01:27:12,Payment Failure,My payment failed and I do not know why.,negative,11.85
905179,129629,2026-04-14 03:12:26,KYC Issues,I am unable to complete KYC document verification.,negative,7.96
905180,132309,2026-03-18 04:19:34,App Performance,The app feels slow and sometimes freezes.,negative,7.08
905181,130872,2026-05-11 12:47:39,Payment Failure,My payment failed and I do not know why.,negative,21.8
905182,128093,2026-05-01 13:29:25,Payment Failure,My payment failed and I do not know why.,negative,10.59
905183,132485,2026-02-17 02:52:54,Rewards,The rewards experience is confusing.,neutral,17.08
905184,132813,2026-03-26 11:06:44,Account,I need help with my account.,neutral,3.75
905185,125155,2026-04-04 15:38:01,KYC Issues,I am unable to complete KYC document verification.,negative,9.34
905186,110154,2026-03-28 07:07:29,Payment Failure,My payment failed and I do not know why.,negative,6.46
905187,125867,2026-05-20 13:08:35,Payment Failure,My payment failed and I do not know why.,negative,7.42
905188,115444,2026-05-03 07:32:45,KYC Issues,I am unable to complete KYC document verification.,negative,5.49
905189,114193,2026-05-02 02:40:15,KYC Issues,I am unable to complete KYC document verification.,negative,33.53
905190,113718,2026-02-01 18:36:24,KYC Issues,I am unable to complete KYC document verification.,negative,13.84
905191,117349,2026-02-10 17:57:41,App Performance,The app feels slow and sometimes freezes.,negative,4.17
905192,106421,2026-01-03 16:41:53,Account,I need help with my account.,neutral,4.51
905193,138691,2026-05-19 21:40:28,KYC Issues,I am unable to complete KYC document verification.,negative,11.26
905194,147431,2026-03-22 03:55:24,Account,I need help with my account.,neutral,1.55
905195,134115,2026-03-11 16:59:16,Payment Failure,My payment failed and I do not know why.,negative,1.5
905196,100817,2026-05-23 07:11:40,App Performance,The app feels slow and sometimes freezes.,negative,1.48
905197,113864,2026-06-16 20:57:38,KYC Issues,I am unable to complete KYC document verification.,negative,6.57
905198,149437,2026-01-27 06:22:49,KYC Issues,I am unable to complete KYC document verification.,negative,3.44
905199,110588,2026-03-21 02:07:29,KYC Issues,I am unable to complete KYC document verification.,negative,2.56
905200,149498,2026-03-24 02:36:07,Rewards,The rewards experience is confusing.,neutral,9.63
905201,126518,2026-06-25 10:10:10,KYC Issues,I am unable to complete KYC document verification.,negative,12.41
905202,105246,2026-02-09 09:51:48,Account,I need help with my account.,neutral,11.4
905203,138332,2026-06-19 15:48:42,Rewards,The rewards experience is confusing.,neutral,11.24
905204,148333,2026-06-15 22:32:48,KYC Issues,I am unable to complete KYC document verification.,negative,4.7
905205,114927,2026-02-21 07:06:05,App Performance,The app feels slow and sometimes freezes.,negative,22.78
905206,149066,2026-02-15 01:49:38,Rewards,The rewards experience is confusing.,neutral,7.82
905207,137865,2026-01-27 03:27:51,Account,I need help with my account.,neutral,25.47
905208,123347,2026-06-28 11:06:03,App Performance,The app feels slow and sometimes freezes.,negative,11.09
905209,127037,2026-03-24 03:09:28,Payment Failure,My payment failed and I do not know why.,negative,3.34
905210,140419,2026-03-14 11:33:56,Payment Failure,My payment failed and I do not know why.,negative,7.25
905211,128962,2026-02-10 02:44:44,KYC Issues,I am unable to complete KYC document verification.,negative,5.14
905212,123035,2026-05-09 06:53:24,Rewards,The rewards experience is confusing.,neutral,8.26
905213,117325,2026-05-08 02:09:34,App Performance,The app feels slow and sometimes freezes.,negative,9.83
905214,144928,2026-05-29 00:44:53,Rewards,The rewards experience is confusing.,neutral,8.88
905215,118247,2026-04-29 04:39:43,Payment Failure,My payment failed and I do not know why.,negative,3.75
905216,121404,2026-06-30 23:59:59,Account,I need help with my account.,neutral,9.49
905217,147288,2026-04-29 08:23:22,App Performance,The app feels slow and sometimes freezes.,negative,2.42
905218,114711,2026-06-07 23:24:20,KYC Issues,I am unable to complete KYC document verification.,negative,21.1
905219,106368,2026-05-01 01:08:57,Account,I need help with my account.,neutral,2.37
905220,148396,2026-02-20 05:22:14,Payment Failure,My payment failed and I do not know why.,negative,2.03
905221,142364,2026-02-22 11:59:02,Account,I need help with my account.,neutral,13.17
905222,140889,2026-04-15 16:33:43,Rewards,The rewards experience is confusing.,neutral,23.44
905223,131707,2026-02-14 15:30:12,App Performance,The app feels slow and sometimes freezes.,negative,16.12
905224,103379,2026-02-15 13:33:21,App Performance,The app feels slow and sometimes freezes.,negative,17.06
905225,139488,2026-05-30 11:34:27,App Performance,The app feels slow and sometimes freezes.,negative,19.47
905226,113703,2026-03-14 09:23:26,KYC Issues,I am unable to complete KYC document verification.,negative,3.15
905227,116884,2026-05-07 04:34:33,Account,I need help with my account.,neutral,2.7
905228,109657,2026-05-25 03:17:15,Rewards,The rewards experience is confusing.,neutral,6.41
905229,140355,2026-04-20 05:59:28,Account,I need help with my account.,neutral,19.93
905230,131379,2026-06-26 22:09:07,Rewards,The rewards experience is confusing.,neutral,8.87
905231,128459,2026-06-30 23:59:59,Account,I need help with my account.,neutral,1.49
905232,128447,2026-01-18 21:43:55,Payment Failure,My payment failed and I do not know why.,negative,8.59
905233,126890,2026-02-28 09:09:15,Rewards,The rewards experience is confusing.,neutral,5.07
905234,120716,2026-04-23 11:40:41,App Performance,The app feels slow and sometimes freezes.,negative,3.61
905235,140605,2026-05-14 11:25:12,KYC Issues,I am unable to complete KYC document verification.,negative,11.59
905236,145282,2026-05-14 06:47:49,KYC Issues,I am unable to complete KYC document verification.,negative,15.01
905237,132112,2026-01-23 15:33:04,Rewards,The rewards experience is confusing.,neutral,7.75
905238,134349,2026-06-30 23:59:59,KYC Issues,I am unable to complete KYC document verification.,negative,1.91
905239,115205,2026-03-01 00:24:42,Account,I need help with my account.,neutral,8.34
905240,106893,2026-05-05 06:43:04,Payment Failure,My payment failed and I do not know why.,negative,7.83
905241,122135,2026-05-19 19:23:34,Payment Failure,My payment failed and I do not know why.,negative,9.73
905242,144142,2026-06-18 18:57:47,KYC Issues,I am unable to complete KYC document verification.,negative,2.99
905243,103029,2026-06-30 23:59:59,Payment Failure,My payment failed and I do not know why.,negative,16.0
905244,116298,2026-06-07 00:25:37,KYC Issues,I am unable to complete KYC document verification.,negative,2.89
905245,132722,2026-04-23 03:30:52,App Performance,The app feels slow and sometimes freezes.,negative,13.17
905246,125135,2026-06-10 18:18:04,Payment Failure,My payment failed and I do not know why.,negative,3.51
905247,109056,2026-02-22 07:45:32,Account,I need help with my account.,neutral,14.76
905248,134886,2026-06-08 09:39:40,App Performance,The app feels slow and sometimes freezes.,negative,6.64
905249,116229,2026-02-17 01:31:10,App Performance,The app feels slow and sometimes freezes.,negative,4.58
905250,111282,2026-02-15 03:19:34,KYC Issues,I am unable to complete KYC document verification.,negative,5.77
905251,125574,2026-06-30 23:59:59,Rewards,The rewards experience is confusing.,neutral,19.05
905252,136502,2026-02-20 02:46:15,App Performance,The app feels slow and sometimes freezes.,negative,1.72
905253,148211,2026-06-19 10:20:15,Account,I need help with my account.,neutral,7.33
905254,143418,2026-05-15 03:38:23,Payment Failure,My payment failed and I do not know why.,negative,22.93
905255,146465,2026-04-09 13:59:14,Payment Failure,My payment failed and I do not know why.,negative,7.04
905256,116704,2026-04-08 20:17:45,Payment Failure,My payment failed and I do not know why.,negative,10.65
905257,132459,2026-03-14 04:09:38,App Performance,The app feels slow and sometimes freezes.,negative,3.98
905258,106162,2026-05-13 23:45:13,Rewards,The rewards experience is confusing.,neutral,13.62
905259,142992,2026-03-18 05:30:14,Rewards,The rewards experience is confusing.,neutral,7.63
905260,119307,2026-05-01 03:16:52,KYC Issues,I am unable to complete KYC document verification.,negative,5.91
905261,148552,2026-06-23 11:05:41,Rewards,The rewards experience is confusing.,neutral,16.7
905262,140378,2026-04-27 21:30:29,Payment Failure,My payment failed and I do not know why.,negative,0.86
905263,139954,2026-06-21 14:42:43,KYC Issues,I am unable to complete KYC document verification.,negative,8.14
905264,104989,2026-05-25 12:11:13,Payment Failure,My payment failed and I do not know why.,negative,44.71
905265,119076,2026-04-14 07:11:45,Rewards,The rewards experience is confusing.,neutral,2.39
905266,120183,2026-06-24 05:51:12,KYC Issues,I am unable to complete KYC document verification.,negative,12.71
905267,138820,2026-05-24 22:57:11,Account,I need help with my account.,neutral,26.34
905268,119433,2026-04-28 05:01:36,Payment Failure,My payment failed and I do not know why.,negative,15.09
905269,136919,2026-03-25 02:59:46,Account,I need help with my account.,neutral,20.9
905270,119483,2026-03-07 17:10:44,Rewards,The rewards experience is confusing.,neutral,7.52
905271,139059,2026-06-02 13:15:14,KYC Issues,I am unable to complete KYC document verification.,negative,9.9
905272,139447,2026-03-16 19:36:21,Rewards,The rewards experience is confusing.,neutral,18.01
905273,122157,2026-04-27 01:37:39,Payment Failure,My payment failed and I do not know why.,negative,16.46
905274,137812,2026-05-08 21:02:08,Payment Failure,My payment failed and I do not know why.,negative,5.15
905275,112291,2026-01-14 00:06:45,Account,I need help with my account.,neutral,12.84
905276,136129,2026-02-09 18:03:43,App Performance,The app feels slow and sometimes freezes.,negative,7.68
905277,102297,2026-06-23 06:50:25,Account,I need help with my account.,neutral,3.65
905278,103832,2026-06-30 08:21:48,KYC Issues,I am unable to complete KYC document verification.,negative,6.48
905279,133223,2026-06-20 18:01:04,KYC Issues,I am unable to complete KYC document verification.,negative,1.57
905280,111495,2026-01-26 03:26:13,Payment Failure,My payment failed and I do not know why.,negative,1.39
905281,120791,2026-01-07 12:51:12,Payment Failure,My payment failed and I do not know why.,negative,4.99
905282,144316,2026-04-23 11:57:56,KYC Issues,I am unable to complete KYC document verification.,negative,1.54
905283,138885,2026-06-09 00:13:30,Rewards,The rewards experience is confusing.,neutral,8.75
905284,103435,2026-01-20 05:05:16,KYC Issues,I am unable to complete KYC document verification.,negative,11.03
905285,138208,2026-06-16 23:17:22,Account,I need help with my account.,neutral,9.9
905286,103078,2026-03-03 06:31:35,KYC Issues,I am unable to complete KYC document verification.,negative,8.28
905287,101108,2026-01-22 17:40:56,Payment Failure,My payment failed and I do not know why.,negative,13.12
905288,116656,2026-05-15 16:21:26,Rewards,The rewards experience is confusing.,neutral,14.0
905289,145227,2026-06-30 23:59:59,Payment Failure,My payment failed and I do not know why.,negative,7.24
905290,125831,2026-04-21 05:25:58,Payment Failure,My payment failed and I do not know why.,negative,5.45
905291,121504,2026-06-05 22:51:25,KYC Issues,I am unable to complete KYC document verification.,negative,5.28
905292,146861,2026-06-17 17:54:19,Rewards,The rewards experience is confusing.,neutral,16.67
905293,102147,2026-06-06 17:06:43,KYC Issues,I am unable to complete KYC document verification.,negative,14.17
905294,136815,2026-03-21 17:54:05,Account,I need help with my account.,neutral,6.42
905295,125284,2026-06-30 23:59:59,KYC Issues,I am unable to complete KYC document verification.,negative,15.83
905296,127041,2026-02-17 11:14:44,App Performance,The app feels slow and sometimes freezes.,negative,27.33
905297,146779,2026-03-17 05:59:38,KYC Issues,I am unable to complete KYC document verification.,negative,2.95
905298,145190,2026-04-11 14:44:52,Payment Failure,My payment failed and I do not know why.,negative,3.06
905299,118146,2026-03-09 18:09:22,Payment Failure,My payment failed and I do not know why.,negative,6.89
905300,127708,2026-04-05 23:12:07,KYC Issues,I am unable to complete KYC document verification.,negative,19.39
905301,146652,2026-05-10 10:03:43,Account,I need help with my account.,neutral,13.38
905302,107763,2026-04-07 07:24:10,KYC Issues,I am unable to complete KYC document verification.,negative,2.75
905303,129633,2026-02-06 14:50:34,KYC Issues,I am unable to complete KYC document verification.,negative,15.76
905304,108146,2026-05-30 01:37:27,KYC Issues,I am unable to complete KYC document verification.,negative,7.52
905305,140440,2026-06-03 18:36:44,Account,I need help with my account.,neutral,5.24
905306,113040,2026-01-10 07:48:48,Account,I need help with my account.,neutral,13.31
905307,134038,2026-04-29 20:29:15,KYC Issues,I am unable to complete KYC document verification.,negative,4.91
905308,136291,2026-04-17 13:59:04,Account,I need help with my account.,neutral,10.83
905309,127908,2026-06-25 10:11:54,KYC Issues,I am unable to complete KYC document verification.,negative,12.29
905310,124657,2026-03-05 11:08:28,Account,I need help with my account.,neutral,1.5
905311,116994,2026-06-25 17:43:10,Account,I need help with my account.,neutral,7.02
905312,105346,2026-05-12 01:14:00,Payment Failure,My payment failed and I do not know why.,negative,0.7
905313,105166,2026-02-17 05:20:06,App Performance,The app feels slow and sometimes freezes.,negative,10.44
905314,134826,2026-05-15 00:04:06,Payment Failure,My payment failed and I do not know why.,negative,1.36
905315,101676,2026-06-22 07:11:15,KYC Issues,I am unable to complete KYC document verification.,negative,8.26
905316,131690,2026-06-22 05:32:44,Payment Failure,My payment failed and I do not know why.,negative,1.13
905317,104147,2026-02-09 08:46:27,KYC Issues,I am unable to complete KYC document verification.,negative,11.55
905318,131936,2026-05-13 03:21:18,KYC Issues,I am unable to complete KYC document verification.,negative,4.56
905319,118394,2026-06-25 13:36:32,Payment Failure,My payment failed and I do not know why.,negative,8.24
905320,104708,2026-06-09 02:53:12,KYC Issues,I am unable to complete KYC document verification.,negative,8.55
905321,102586,2026-04-11 04:21:07,KYC Issues,I am unable to complete KYC document verification.,negative,4.96
905322,128118,2026-02-11 16:00:35,Account,I need help with my account.,neutral,18.31
905323,142180,2026-04-25 15:12:22,Rewards,The rewards experience is confusing.,neutral,23.89
905324,131619,2026-01-25 12:14:06,Account,I need help with my account.,neutral,27.75
905325,135764,2026-06-06 02:14:34,KYC Issues,I am unable to complete KYC document verification.,negative,2.1
905326,122582,2026-01-14 08:44:22,Payment Failure,My payment failed and I do not know why.,negative,11.22
905327,113836,2026-06-30 23:59:59,Rewards,The rewards experience is confusing.,neutral,11.42
905328,112045,2026-03-24 01:21:22,App Performance,The app feels slow and sometimes freezes.,negative,2.89
905329,130768,2026-06-12 21:56:44,Account,I need help with my account.,neutral,4.78
905330,107129,2026-06-09 13:58:22,KYC Issues,I am unable to complete KYC document verification.,negative,6.69
905331,122784,2026-05-20 22:32:29,Rewards,The rewards experience is confusing.,neutral,3.3
905332,123251,2026-06-30 23:59:59,Payment Failure,My payment failed and I do not know why.,negative,4.3
905333,123886,2026-05-30 13:00:43,App Performance,The app feels slow and sometimes freezes.,negative,8.83
905334,140094,2026-05-27 02:26:21,Rewards,The rewards experience is confusing.,neutral,35.78
905335,131012,2026-05-09 03:31:20,Payment Failure,My payment failed and I do not know why.,negative,16.55
905336,112083,2026-01-23 02:27:53,KYC Issues,I am unable to complete KYC document verification.,negative,6.2
905337,107787,2026-06-11 15:46:29,Account,I need help with my account.,neutral,21.51
905338,105730,2026-04-08 13:49:23,Payment Failure,My payment failed and I do not know why.,negative,11.78
905339,113964,2026-06-17 17:46:01,Rewards,The rewards experience is confusing.,neutral,11.98
905340,149262,2026-01-30 23:32:16,KYC Issues,I am unable to complete KYC document verification.,negative,7.8
905341,105122,2026-03-28 15:34:17,KYC Issues,I am unable to complete KYC document verification.,negative,7.93
905342,110340,2026-04-21 14:24:20,App Performance,The app feels slow and sometimes freezes.,negative,15.12
905343,102821,2026-06-20 02:00:22,App Performance,The app feels slow and sometimes freezes.,negative,5.31
905344,132608,2026-04-23 23:07:49,App Performance,The app feels slow and sometimes freezes.,negative,11.9
905345,101035,2026-06-30 23:59:59,KYC Issues,I am unable to complete KYC document verification.,negative,31.97
905346,100234,2026-04-26 11:10:25,Payment Failure,My payment failed and I do not know why.,negative,5.66
905347,120697,2026-01-28 11:44:17,KYC Issues,I am unable to complete KYC document verification.,negative,14.12
905348,145287,2026-03-23 21:30:26,Payment Failure,My payment failed and I do not know why.,negative,15.71
905349,129065,2026-05-18 21:08:00,KYC Issues,I am unable to complete KYC document verification.,negative,18.04
905350,116382,2026-05-18 20:23:45,Payment Failure,My payment failed and I do not know why.,negative,2.48
905351,136642,2026-05-28 20:19:56,KYC Issues,I am unable to complete KYC document verification.,negative,10.68
905352,111934,2026-01-14 08:06:39,Account,I need help with my account.,neutral,1.87
905353,149558,2026-06-30 23:59:59,Payment Failure,My payment failed and I do not know why.,negative,21.17
905354,101320,2026-03-01 21:53:49,App Performance,The app feels slow and sometimes freezes.,negative,4.22
905355,119422,2026-03-19 17:26:29,Payment Failure,My payment failed and I do not know why.,negative,6.88
905356,114195,2026-05-27 05:33:54,Account,I need help with my account.,neutral,14.0
905357,127212,2026-01-29 13:36:33,Rewards,The rewards experience is confusing.,neutral,3.39
905358,123944,2026-06-16 08:45:49,App Performance,The app feels slow and sometimes freezes.,negative,10.74
905359,130571,2026-03-19 00:32:36,Rewards,The rewards experience is confusing.,neutral,7.11
905360,124192,2026-06-24 02:16:39,Payment Failure,My payment failed and I do not know why.,negative,5.52
905361,142796,2026-05-21 22:01:27,Account,I need help with my account.,neutral,16.92
905362,123408,2026-06-01 19:29:57,KYC Issues,I am unable to complete KYC document verification.,negative,3.31
905363,100757,2026-02-04 04:33:30,App Performance,The app feels slow and sometimes freezes.,negative,23.85
905364,127670,2026-01-25 18:42:11,Payment Failure,My payment failed and I do not know why.,negative,9.66
905365,105554,2026-02-08 13:01:47,KYC Issues,I am unable to complete KYC document verification.,negative,4.41
905366,133457,2026-05-18 02:01:28,Account,I need help with my account.,neutral,2.65
905367,141064,2026-06-19 12:15:31,KYC Issues,I am unable to complete KYC document verification.,negative,8.07
905368,118338,2026-05-20 15:54:08,Payment Failure,My payment failed and I do not know why.,negative,11.19
905369,105043,2026-06-24 14:56:42,Rewards,The rewards experience is confusing.,neutral,3.37
905370,120136,2026-05-18 18:37:34,KYC Issues,I am unable to complete KYC document verification.,negative,25.86
905371,106492,2026-04-16 03:30:38,Account,I need help with my account.,neutral,9.85
905372,118130,2026-02-08 04:19:17,App Performance,The app feels slow and sometimes freezes.,negative,14.06
905373,130129,2026-04-27 20:21:50,Rewards,The rewards experience is confusing.,neutral,11.18
905374,138904,2026-06-30 23:59:59,Payment Failure,My payment failed and I do not know why.,negative,11.04
905375,114130,2026-02-28 20:40:19,KYC Issues,I am unable to complete KYC document verification.,negative,7.43
905376,128148,2026-06-22 07:57:51,Payment Failure,My payment failed and I do not know why.,negative,7.35
905377,106690,2026-01-12 06:20:20,Account,I need help with my account.,neutral,12.37
905378,109694,2026-04-23 04:55:16,Account,I need help with my account.,neutral,15.97
905379,139653,2026-04-29 21:42:40,App Performance,The app feels slow and sometimes freezes.,negative,7.48
905380,100812,2026-02-20 16:42:11,Account,I need help with my account.,neutral,8.29
905381,128625,2026-01-29 06:36:21,Account,I need help with my account.,neutral,29.4
905382,127746,2026-04-14 06:53:31,Account,I need help with my account.,neutral,0.17
905383,123714,2026-05-14 20:48:24,Payment Failure,My payment failed and I do not know why.,negative,21.52
905384,113505,2026-01-28 06:33:13,Payment Failure,My payment failed and I do not know why.,negative,10.77
905385,113798,2026-03-29 11:30:17,Payment Failure,My payment failed and I do not know why.,negative,17.5
905386,133257,2026-04-11 08:28:43,KYC Issues,I am unable to complete KYC document verification.,negative,3.94
905387,109721,2026-04-04 01:17:57,Payment Failure,My payment failed and I do not know why.,negative,6.29
905388,144137,2026-03-29 16:35:16,Payment Failure,My payment failed and I do not know why.,negative,4.24
905389,108318,2026-04-25 08:05:04,Payment Failure,My payment failed and I do not know why.,negative,1.87
905390,136326,2026-01-18 18:49:23,Account,I need help with my account.,neutral,2.86
905391,148422,2026-05-07 08:07:16,Payment Failure,My payment failed and I do not know why.,negative,2.86
905392,139928,2026-04-24 06:11:27,KYC Issues,I am unable to complete KYC document verification.,negative,10.41
905393,102631,2026-05-27 07:37:32,App Performance,The app feels slow and sometimes freezes.,negative,5.4
905394,118015,2026-06-30 23:59:59,Payment Failure,My payment failed and I do not know why.,negative,1.73
905395,124532,2026-04-07 11:59:26,Account,I need help with my account.,neutral,0.59
905396,108678,2026-04-11 17:45:58,Rewards,The rewards experience is confusing.,neutral,15.67
905397,101619,2026-01-31 02:09:18,KYC Issues,I am unable to complete KYC document verification.,negative,12.91
905398,121724,2026-04-07 10:45:15,KYC Issues,I am unable to complete KYC document verification.,negative,4.72
905399,120565,2026-04-14 22:11:36,Payment Failure,My payment failed and I do not know why.,negative,2.38
905400,116172,2026-05-02 16:08:25,App Performance,The app feels slow and sometimes freezes.,negative,30.15
905401,108490,2026-06-11 04:24:18,App Performance,The app feels slow and sometimes freezes.,negative,3.14
905402,116339,2026-04-28 06:01:58,Payment Failure,My payment failed and I do not know why.,negative,4.13
905403,105456,2026-03-18 02:47:41,App Performance,The app feels slow and sometimes freezes.,negative,4.29
905404,135814,2026-02-02 09:10:08,App Performance,The app feels slow and sometimes freezes.,negative,4.86
905405,148472,2026-04-30 23:25:34,Account,I need help with my account.,neutral,6.42
905406,122751,2026-04-29 09:24:50,Payment Failure,My payment failed and I do not know why.,negative,4.66
905407,107832,2026-02-13 14:23:53,Rewards,The rewards experience is confusing.,neutral,11.69
905408,116695,2026-02-17 01:42:17,Payment Failure,My payment failed and I do not know why.,negative,5.35
905409,123468,2026-04-14 12:55:50,KYC Issues,I am unable to complete KYC document verification.,negative,2.67
905410,105628,2026-05-29 16:41:02,Account,I need help with my account.,neutral,15.11
905411,104223,2026-06-13 22:44:03,Payment Failure,My payment failed and I do not know why.,negative,18.83
905412,135610,2026-05-30 19:17:23,Account,I need help with my account.,neutral,15.14
905413,121131,2026-02-17 05:20:57,KYC Issues,I am unable to complete KYC document verification.,negative,14.64
905414,118857,2026-03-21 06:32:35,KYC Issues,I am unable to complete KYC document verification.,negative,9.01
905415,142679,2026-06-04 16:55:50,Account,I need help with my account.,neutral,16.0
905416,110640,2026-03-13 18:34:16,Account,I need help with my account.,neutral,1.91
905417,110614,2026-02-04 20:38:08,Account,I need help with my account.,neutral,7.96
905418,145810,2026-05-24 12:15:34,Payment Failure,My payment failed and I do not know why.,negative,9.77
905419,118479,2026-03-17 14:04:59,App Performance,The app feels slow and sometimes freezes.,negative,1.05
905420,105763,2026-03-14 08:54:14,Payment Failure,My payment failed and I do not know why.,negative,4.47
905421,126690,2026-05-14 07:54:29,Rewards,The rewards experience is confusing.,neutral,9.32
905422,144533,2026-04-02 18:38:59,App Performance,The app feels slow and sometimes freezes.,negative,6.38
905423,145318,2026-01-18 01:34:19,App Performance,The app feels slow and sometimes freezes.,negative,8.88
905424,144237,2026-03-02 09:08:27,KYC Issues,I am unable to complete KYC document verification.,negative,9.75
905425,117597,2026-03-03 20:34:05,KYC Issues,I am unable to complete KYC document verification.,negative,13.84
905426,145088,2026-05-10 14:37:44,Rewards,The rewards experience is confusing.,neutral,8.88
905427,140911,2026-02-16 13:27:15,App Performance,The app feels slow and sometimes freezes.,negative,14.6
905428,122039,2026-05-01 04:49:44,Payment Failure,My payment failed and I do not know why.,negative,8.43
905429,123255,2026-05-19 17:15:04,Payment Failure,My payment failed and I do not know why.,negative,4.8
905430,145134,2026-04-22 07:05:36,App Performance,The app feels slow and sometimes freezes.,negative,6.45
905431,127772,2026-01-17 15:47:46,Rewards,The rewards experience is confusing.,neutral,4.01
905432,110277,2026-02-24 16:13:08,Payment Failure,My payment failed and I do not know why.,negative,11.37
905433,110242,2026-04-26 05:57:57,KYC Issues,I am unable to complete KYC document verification.,negative,0.37
905434,100211,2026-05-22 21:18:32,App Performance,The app feels slow and sometimes freezes.,negative,8.05
905435,128977,2026-04-24 22:35:31,KYC Issues,I am unable to complete KYC document verification.,negative,7.35
905436,139436,2026-05-22 09:30:40,Account,I need help with my account.,neutral,11.35
905437,143448,2026-04-04 06:38:36,App Performance,The app feels slow and sometimes freezes.,negative,12.26
905438,143062,2026-04-21 20:17:11,Rewards,The rewards experience is confusing.,neutral,10.64
905439,136051,2026-05-22 11:58:41,Payment Failure,My payment failed and I do not know why.,negative,10.6
905440,113688,2026-04-30 19:48:27,Payment Failure,My payment failed and I do not know why.,negative,8.07
905441,126072,2026-01-06 15:56:48,KYC Issues,I am unable to complete KYC document verification.,negative,11.59
905442,103023,2026-06-30 23:59:59,Payment Failure,My payment failed and I do not know why.,negative,10.77
905443,104111,2026-01-23 07:44:48,Payment Failure,My payment failed and I do not know why.,negative,6.52
905444,119012,2026-01-13 19:31:20,KYC Issues,I am unable to complete KYC document verification.,negative,1.58
905445,115839,2026-01-30 03:22:33,Payment Failure,My payment failed and I do not know why.,negative,15.96
905446,146040,2026-06-30 23:59:59,Payment Failure,My payment failed and I do not know why.,negative,5.17
905447,106757,2026-05-02 15:46:10,Account,I need help with my account.,neutral,6.76
905448,118807,2026-03-03 05:01:36,Rewards,The rewards experience is confusing.,neutral,3.61
905449,132677,2026-01-29 21:51:34,App Performance,The app feels slow and sometimes freezes.,negative,10.64
905450,142727,2026-06-19 15:41:56,KYC Issues,I am unable to complete KYC document verification.,negative,35.35
905451,111066,2026-04-30 07:23:02,Payment Failure,My payment failed and I do not know why.,negative,9.04
905452,117180,2026-02-28 05:11:43,Payment Failure,My payment failed and I do not know why.,negative,8.44
905453,127738,2026-04-27 04:21:41,Payment Failure,My payment failed and I do not know why.,negative,2.31
905454,124457,2026-01-08 10:42:21,KYC Issues,I am unable to complete KYC document verification.,negative,5.59
905455,136005,2026-04-11 07:52:05,Payment Failure,My payment failed and I do not know why.,negative,6.36
905456,136083,2026-04-17 17:04:19,App Performance,The app feels slow and sometimes freezes.,negative,6.18
905457,141991,2026-05-08 16:53:39,Payment Failure,My payment failed and I do not know why.,negative,8.6
905458,114412,2026-02-26 07:48:03,App Performance,The app feels slow and sometimes freezes.,negative,20.52
905459,108531,2026-06-25 09:29:03,Payment Failure,My payment failed and I do not know why.,negative,17.58
905460,133307,2026-05-19 06:00:43,Account,I need help with my account.,neutral,5.43
905461,123784,2026-05-05 12:00:58,App Performance,The app feels slow and sometimes freezes.,negative,32.25
905462,114338,2026-02-02 20:02:18,Payment Failure,My payment failed and I do not know why.,negative,5.34
905463,122955,2026-05-05 10:07:38,Rewards,The rewards experience is confusing.,neutral,3.49
905464,136824,2026-05-11 21:25:52,Account,I need help with my account.,neutral,18.81
905465,111451,2026-05-26 12:31:14,Payment Failure,My payment failed and I do not know why.,negative,7.09
905466,107259,2026-03-14 04:19:27,KYC Issues,I am unable to complete KYC document verification.,negative,2.53
905467,142765,2026-03-08 07:07:55,Payment Failure,My payment failed and I do not know why.,negative,17.12
905468,149142,2026-06-14 05:01:27,KYC Issues,I am unable to complete KYC document verification.,negative,7.11
905469,118604,2026-01-29 02:57:32,Rewards,The rewards experience is confusing.,neutral,11.86
905470,103032,2026-03-20 17:09:25,App Performance,The app feels slow and sometimes freezes.,negative,16.25
905471,146318,2026-06-30 23:59:59,KYC Issues,I am unable to complete KYC document verification.,negative,9.98
905472,107230,2026-05-29 03:44:41,Payment Failure,My payment failed and I do not know why.,negative,9.93
905473,100117,2026-02-02 15:11:49,App Performance,The app feels slow and sometimes freezes.,negative,3.46
905474,109247,2026-06-02 03:33:06,App Performance,The app feels slow and sometimes freezes.,negative,0.18
905475,119476,2026-04-22 04:11:09,App Performance,The app feels slow and sometimes freezes.,negative,13.39
905476,118810,2026-05-20 00:19:19,KYC Issues,I am unable to complete KYC document verification.,negative,25.11
905477,124557,2026-06-08 02:32:58,KYC Issues,I am unable to complete KYC document verification.,negative,17.41
905478,103796,2026-06-19 01:25:55,KYC Issues,I am unable to complete KYC document verification.,negative,1.38
905479,146266,2026-03-23 09:28:29,Rewards,The rewards experience is confusing.,neutral,15.13
905480,147403,2026-06-28 13:15:24,App Performance,The app feels slow and sometimes freezes.,negative,13.16
905481,112415,2026-03-23 06:46:31,KYC Issues,I am unable to complete KYC document verification.,negative,3.45
905482,105880,2026-03-20 21:24:42,Payment Failure,My payment failed and I do not know why.,negative,8.73
905483,113397,2026-06-28 17:45:22,KYC Issues,I am unable to complete KYC document verification.,negative,12.81
905484,130393,2026-03-23 23:42:10,Account,I need help with my account.,neutral,7.12
905485,138492,2026-04-14 21:13:14,Payment Failure,My payment failed and I do not know why.,negative,9.61
905486,106803,2026-02-04 21:30:14,Account,I need help with my account.,neutral,11.02
905487,125305,2026-06-30 23:59:59,App Performance,The app feels slow and sometimes freezes.,negative,5.32
905488,134698,2026-01-30 10:26:38,Rewards,The rewards experience is confusing.,neutral,8.86
905489,108587,2026-03-20 18:44:20,Payment Failure,My payment failed and I do not know why.,negative,9.07
905490,145079,2026-03-04 18:14:41,Account,I need help with my account.,neutral,10.83
905491,148408,2026-04-17 15:28:35,Rewards,The rewards experience is confusing.,neutral,4.23
905492,105626,2026-02-09 13:10:53,Payment Failure,My payment failed and I do not know why.,negative,14.42
905493,110343,2026-01-13 10:18:55,Rewards,The rewards experience is confusing.,neutral,6.65
905494,115696,2026-02-02 11:22:19,Rewards,The rewards experience is confusing.,neutral,12.39
905495,117259,2026-01-15 23:30:41,Payment Failure,My payment failed and I do not know why.,negative,6.05
905496,134825,2026-01-07 21:53:55,KYC Issues,I am unable to complete KYC document verification.,negative,6.05
905497,139720,2026-03-31 23:53:12,Account,I need help with my account.,neutral,7.11
905498,147285,2026-02-15 20:00:02,Payment Failure,My payment failed and I do not know why.,negative,14.12
905499,135250,2026-05-25 17:27:41,App Performance,The app feels slow and sometimes freezes.,negative,15.37
905500,105921,2026-06-25 09:10:36,KYC Issues,I am unable to complete KYC document verification.,negative,3.71
905501,114626,2026-03-10 20:48:38,Payment Failure,My payment failed and I do not know why.,negative,10.09
905502,116114,2026-04-10 13:12:44,KYC Issues,I am unable to complete KYC document verification.,negative,19.56
905503,107267,2026-02-10 10:55:32,Account,I need help with my account.,neutral,3.02
905504,136755,2026-06-15 00:52:46,Payment Failure,My payment failed and I do not know why.,negative,53.33
905505,114983,2026-01-27 17:16:32,Rewards,The rewards experience is confusing.,neutral,8.13
905506,100076,2026-03-26 01:55:16,Payment Failure,My payment failed and I do not know why.,negative,9.79
905507,135251,2026-02-23 18:25:50,KYC Issues,I am unable to complete KYC document verification.,negative,16.34
905508,126831,2026-02-26 14:01:46,KYC Issues,I am unable to complete KYC document verification.,negative,9.55
905509,144840,2026-03-22 01:52:54,Account,I need help with my account.,neutral,0.12
905510,101125,2026-06-23 05:28:54,Payment Failure,My payment failed and I do not know why.,negative,7.15
905511,125982,2026-06-06 22:09:14,Account,I need help with my account.,neutral,1.53
905512,142315,2026-06-30 23:59:59,Rewards,The rewards experience is confusing.,neutral,5.9
905513,116455,2026-02-01 10:31:39,Account,I need help with my account.,neutral,33.81
905514,145756,2026-04-05 07:57:03,App Performance,The app feels slow and sometimes freezes.,negative,2.57
905515,106428,2026-05-04 18:04:51,Rewards,The rewards experience is confusing.,neutral,18.28
905516,127935,2026-02-07 02:32:38,Account,I need help with my account.,neutral,11.75
905517,130844,2026-05-04 05:51:05,KYC Issues,I am unable to complete KYC document verification.,negative,26.23
905518,130082,2026-04-15 09:21:08,Account,I need help with my account.,neutral,16.43
905519,115007,2026-04-29 20:12:25,Account,I need help with my account.,neutral,2.29
905520,134083,2026-06-10 18:19:41,App Performance,The app feels slow and sometimes freezes.,negative,8.32
905521,140403,2026-05-21 20:38:22,Account,I need help with my account.,neutral,28.95
905522,147395,2026-03-14 08:16:47,Account,I need help with my account.,neutral,5.51
905523,128704,2026-05-21 23:53:00,Payment Failure,My payment failed and I do not know why.,negative,15.28
905524,135849,2026-04-14 14:45:13,App Performance,The app feels slow and sometimes freezes.,negative,4.74
905525,147721,2026-06-30 23:59:59,Account,I need help with my account.,neutral,7.23
905526,129396,2026-03-15 04:50:54,Rewards,The rewards experience is confusing.,neutral,3.18
905527,114580,2026-03-26 02:42:07,Account,I need help with my account.,neutral,22.25
905528,117901,2026-06-04 06:36:30,Account,I need help with my account.,neutral,3.88
905529,100195,2026-02-10 21:14:20,KYC Issues,I am unable to complete KYC document verification.,negative,15.6
905530,148183,2026-03-15 23:20:54,Rewards,The rewards experience is confusing.,neutral,5.17
905531,130800,2026-06-12 23:09:52,Account,I need help with my account.,neutral,5.91
905532,119220,2026-06-28 16:23:18,KYC Issues,I am unable to complete KYC document verification.,negative,12.05
905533,146099,2026-03-05 16:19:19,Account,I need help with my account.,neutral,1.04
905534,102814,2026-04-21 00:59:52,KYC Issues,I am unable to complete KYC document verification.,negative,4.32
905535,120371,2026-06-30 23:59:59,KYC Issues,I am unable to complete KYC document verification.,negative,3.06
905536,106538,2026-04-03 05:14:12,Payment Failure,My payment failed and I do not know why.,negative,13.72
905537,102665,2026-06-03 12:04:30,KYC Issues,I am unable to complete KYC document verification.,negative,34.92
905538,122857,2026-05-22 23:21:48,Account,I need help with my account.,neutral,7.34
905539,111618,2026-03-15 12:32:30,KYC Issues,I am unable to complete KYC document verification.,negative,3.45
905540,102953,2026-04-21 07:30:28,App Performance,The app feels slow and sometimes freezes.,negative,11.82
905541,145702,2026-04-13 18:06:15,Rewards,The rewards experience is confusing.,neutral,20.79
905542,112059,2026-06-08 19:46:32,App Performance,The app feels slow and sometimes freezes.,negative,25.04
905543,129339,2026-05-09 05:41:21,KYC Issues,I am unable to complete KYC document verification.,negative,2.91
905544,145491,2026-02-06 17:19:01,Account,I need help with my account.,neutral,8.69
905545,126379,2026-04-30 16:54:51,KYC Issues,I am unable to complete KYC document verification.,negative,6.1
905546,127862,2026-02-22 15:47:45,Account,I need help with my account.,neutral,8.15
905547,110534,2026-05-11 02:06:58,Account,I need help with my account.,neutral,25.92
905548,115459,2026-04-26 00:07:00,Account,I need help with my account.,neutral,7.6
905549,149677,2026-02-07 17:39:46,Account,I need help with my account.,neutral,1.44
905550,145505,2026-06-01 20:53:56,App Performance,The app feels slow and sometimes freezes.,negative,6.82
905551,143502,2026-05-19 13:44:52,App Performance,The app feels slow and sometimes freezes.,negative,18.16
905552,134624,2026-04-25 00:42:15,Account,I need help with my account.,neutral,1.51
905553,105505,2026-05-24 10:13:05,KYC Issues,I am unable to complete KYC document verification.,negative,8.8
905554,116257,2026-06-30 23:59:59,KYC Issues,I am unable to complete KYC document verification.,negative,25.35
905555,109238,2026-03-06 22:47:01,KYC Issues,I am unable to complete KYC document verification.,negative,10.37
905556,145503,2026-06-11 01:10:16,App Performance,The app feels slow and sometimes freezes.,negative,8.26
905557,107951,2026-01-07 21:36:26,App Performance,The app feels slow and sometimes freezes.,negative,2.75
905558,113684,2026-06-09 05:38:57,KYC Issues,I am unable to complete KYC document verification.,negative,11.2
905559,115633,2026-04-09 14:43:41,Account,I need help with my account.,neutral,4.26
905560,126307,2026-02-07 22:38:28,Payment Failure,My payment failed and I do not know why.,negative,10.01
905561,122072,2026-03-01 04:47:59,Account,I need help with my account.,neutral,14.93
905562,136753,2026-05-27 06:27:58,Account,I need help with my account.,neutral,26.35
905563,148321,2026-05-19 23:32:21,KYC Issues,I am unable to complete KYC document verification.,negative,1.84
905564,129279,2026-05-05 10:16:56,Payment Failure,My payment failed and I do not know why.,negative,11.49
905565,101632,2026-03-31 06:45:53,Rewards,The rewards experience is confusing.,neutral,13.4
905566,106109,2026-04-17 14:49:28,Account,I need help with my account.,neutral,10.07
905567,124340,2026-04-05 03:26:02,Payment Failure,My payment failed and I do not know why.,negative,11.04
905568,115815,2026-03-17 20:54:16,App Performance,The app feels slow and sometimes freezes.,negative,5.94
905569,124384,2026-05-14 16:25:18,Payment Failure,My payment failed and I do not know why.,negative,11.12
905570,126608,2026-02-20 03:59:25,KYC Issues,I am unable to complete KYC document verification.,negative,9.16
905571,100840,2026-05-12 08:52:02,Payment Failure,My payment failed and I do not know why.,negative,9.07
905572,111476,2026-03-07 03:52:11,Payment Failure,My payment failed and I do not know why.,negative,10.0
905573,120627,2026-04-03 15:32:47,Account,I need help with my account.,neutral,11.79
905574,108280,2026-03-21 00:13:20,Rewards,The rewards experience is confusing.,neutral,5.68
905575,130634,2026-02-09 15:21:43,Payment Failure,My payment failed and I do not know why.,negative,11.73
905576,149341,2026-04-03 14:28:00,KYC Issues,I am unable to complete KYC document verification.,negative,10.93
905577,142845,2026-06-17 03:46:51,KYC Issues,I am unable to complete KYC document verification.,negative,7.46
905578,131545,2026-03-26 19:51:28,Payment Failure,My payment failed and I do not know why.,negative,7.25
905579,129501,2026-05-21 11:59:36,Payment Failure,My payment failed and I do not know why.,negative,1.79
905580,147763,2026-04-26 17:45:03,Payment Failure,My payment failed and I do not know why.,negative,9.29
905581,108876,2026-03-16 12:49:14,Rewards,The rewards experience is confusing.,neutral,4.65
905582,143098,2026-03-31 00:52:24,Account,I need help with my account.,neutral,1.65
905583,130915,2026-01-23 11:48:01,Rewards,The rewards experience is confusing.,neutral,11.43
905584,105686,2026-04-03 22:24:34,Rewards,The rewards experience is confusing.,neutral,3.4
905585,105734,2026-02-22 20:57:30,KYC Issues,I am unable to complete KYC document verification.,negative,3.9
905586,130293,2026-03-16 14:32:59,Account,I need help with my account.,neutral,11.15
905587,111301,2026-05-02 11:07:18,Account,I need help with my account.,neutral,22.71
905588,105599,2026-03-13 06:22:43,KYC Issues,I am unable to complete KYC document verification.,negative,6.48
905589,102518,2026-02-07 05:56:16,KYC Issues,I am unable to complete KYC document verification.,negative,4.63
905590,125780,2026-06-30 23:59:59,Account,I need help with my account.,neutral,29.89
905591,119826,2026-02-03 09:44:34,Account,I need help with my account.,neutral,4.17
905592,135670,2026-05-07 07:41:48,Payment Failure,My payment failed and I do not know why.,negative,4.38
905593,147049,2026-06-10 01:41:55,App Performance,The app feels slow and sometimes freezes.,negative,16.27
905594,118332,2026-05-22 20:31:42,KYC Issues,I am unable to complete KYC document verification.,negative,11.57
905595,101847,2026-02-13 01:44:58,Rewards,The rewards experience is confusing.,neutral,14.83
905596,118503,2026-06-18 13:49:18,Rewards,The rewards experience is confusing.,neutral,5.73
905597,120218,2026-05-18 07:12:59,Payment Failure,My payment failed and I do not know why.,negative,3.88
905598,140293,2026-01-28 19:17:35,Account,I need help with my account.,neutral,5.85
905599,134984,2026-05-14 05:59:03,KYC Issues,I am unable to complete KYC document verification.,negative,12.46
905600,127971,2026-06-11 13:53:47,Account,I need help with my account.,neutral,0.99
905601,128360,2026-05-19 20:44:08,Account,I need help with my account.,neutral,43.56
905602,117902,2026-03-23 13:30:07,App Performance,The app feels slow and sometimes freezes.,negative,36.84
905603,127088,2026-03-15 16:48:01,Payment Failure,My payment failed and I do not know why.,negative,18.35
905604,112441,2026-03-08 11:47:22,Account,I need help with my account.,neutral,3.81
905605,112595,2026-02-23 23:12:13,App Performance,The app feels slow and sometimes freezes.,negative,10.8
905606,103198,2026-03-22 22:09:40,Payment Failure,My payment failed and I do not know why.,negative,6.29
905607,102866,2026-06-06 01:09:00,Payment Failure,My payment failed and I do not know why.,negative,4.66
905608,123312,2026-06-09 07:11:44,Payment Failure,My payment failed and I do not know why.,negative,1.81
905609,119742,2026-05-02 12:10:47,Account,I need help with my account.,neutral,12.37
905610,109453,2026-02-05 00:10:34,Payment Failure,My payment failed and I do not know why.,negative,10.04
905611,134237,2026-06-30 12:01:45,KYC Issues,I am unable to complete KYC document verification.,negative,9.28
905612,101737,2026-02-28 08:31:45,Payment Failure,My payment failed and I do not know why.,negative,7.64
905613,145116,2026-06-13 12:26:44,Payment Failure,My payment failed and I do not know why.,negative,14.55
905614,128335,2026-01-30 21:38:42,Payment Failure,My payment failed and I do not know why.,negative,17.94
905615,111758,2026-06-16 09:19:58,Account,I need help with my account.,neutral,7.73
905616,134581,2026-02-07 08:16:04,Payment Failure,My payment failed and I do not know why.,negative,30.0
905617,107030,2026-03-11 11:42:09,Payment Failure,My payment failed and I do not know why.,negative,16.56
905618,123579,2026-02-27 13:52:19,KYC Issues,I am unable to complete KYC document verification.,negative,11.17
905619,110860,2026-06-09 14:57:39,Account,I need help with my account.,neutral,4.16
905620,138469,2026-06-15 05:05:07,Account,I need help with my account.,neutral,4.06
905621,116373,2026-03-25 02:10:02,Rewards,The rewards experience is confusing.,neutral,29.9
905622,114055,2026-02-17 02:47:22,Rewards,The rewards experience is confusing.,neutral,13.33
905623,138565,2026-06-30 23:59:59,KYC Issues,I am unable to complete KYC document verification.,negative,4.52
905624,134914,2026-03-07 07:36:01,Account,I need help with my account.,neutral,10.95
905625,149085,2026-05-05 23:59:03,Account,I need help with my account.,neutral,1.14
905626,101931,2026-06-30 23:59:59,Payment Failure,My payment failed and I do not know why.,negative,13.45
905627,146499,2026-04-17 12:01:53,Account,I need help with my account.,neutral,14.16
905628,101127,2026-04-13 01:20:12,KYC Issues,I am unable to complete KYC document verification.,negative,11.47
905629,114234,2026-06-27 09:44:48,App Performance,The app feels slow and sometimes freezes.,negative,9.08
905630,144701,2026-03-15 14:42:40,KYC Issues,I am unable to complete KYC document verification.,negative,1.52
905631,130322,2026-04-15 13:26:13,KYC Issues,I am unable to complete KYC document verification.,negative,2.0
905632,142698,2026-03-18 07:10:57,KYC Issues,I am unable to complete KYC document verification.,negative,6.88
905633,107480,2026-03-20 09:27:24,KYC Issues,I am unable to complete KYC document verification.,negative,6.21
905634,129037,2026-01-14 06:44:45,App Performance,The app feels slow and sometimes freezes.,negative,1.75
905635,112590,2026-01-23 14:11:39,App Performance,The app feels slow and sometimes freezes.,negative,31.81
905636,144511,2026-04-06 06:22:03,App Performance,The app feels slow and sometimes freezes.,negative,5.55
905637,113589,2026-04-06 20:59:56,KYC Issues,I am unable to complete KYC document verification.,negative,3.45
905638,117307,2026-04-01 13:36:45,Payment Failure,My payment failed and I do not know why.,negative,1.23
905639,102889,2026-04-20 17:16:28,Account,I need help with my account.,neutral,1.21
905640,146394,2026-01-29 07:40:44,Payment Failure,My payment failed and I do not know why.,negative,7.22
905641,122035,2026-05-31 04:13:54,App Performance,The app feels slow and sometimes freezes.,negative,2.1
905642,120138,2026-06-14 12:27:56,Payment Failure,My payment failed and I do not know why.,negative,14.0
905643,136455,2026-03-19 04:50:43,Account,I need help with my account.,neutral,11.07
905644,108878,2026-06-02 15:05:46,KYC Issues,I am unable to complete KYC document verification.,negative,17.51
905645,130443,2026-02-17 16:19:37,Rewards,The rewards experience is confusing.,neutral,2.49
905646,129916,2026-02-10 18:51:19,App Performance,The app feels slow and sometimes freezes.,negative,5.04
905647,148716,2026-06-15 04:49:53,Payment Failure,My payment failed and I do not know why.,negative,4.19
905648,136948,2026-05-31 06:25:26,Account,I need help with my account.,neutral,6.91
905649,108669,2026-04-13 06:49:53,Payment Failure,My payment failed and I do not know why.,negative,19.12
905650,131395,2026-02-21 17:13:41,KYC Issues,I am unable to complete KYC document verification.,negative,10.35
905651,141420,2026-04-29 08:01:41,KYC Issues,I am unable to complete KYC document verification.,negative,12.67
905652,110241,2026-02-17 14:01:14,Payment Failure,My payment failed and I do not know why.,negative,6.94
905653,107597,2026-06-10 09:53:08,Rewards,The rewards experience is confusing.,neutral,0.16
905654,143331,2026-06-26 20:38:36,App Performance,The app feels slow and sometimes freezes.,negative,8.6
905655,108871,2026-03-31 20:52:09,KYC Issues,I am unable to complete KYC document verification.,negative,1.34
905656,107801,2026-05-01 17:00:11,KYC Issues,I am unable to complete KYC document verification.,negative,4.44
905657,121000,2026-06-01 03:20:56,Account,I need help with my account.,neutral,39.89
905658,113036,2026-06-30 23:59:59,KYC Issues,I am unable to complete KYC document verification.,negative,8.77
905659,119850,2026-05-16 08:16:34,Rewards,The rewards experience is confusing.,neutral,15.37
905660,105201,2026-02-05 12:23:23,Payment Failure,My payment failed and I do not know why.,negative,13.38
905661,138427,2026-06-16 19:38:42,App Performance,The app feels slow and sometimes freezes.,negative,15.34
905662,145464,2026-01-18 22:02:19,Rewards,The rewards experience is confusing.,neutral,6.04
905663,133670,2026-06-30 23:59:59,Account,I need help with my account.,neutral,14.57
905664,140489,2026-06-30 23:59:59,KYC Issues,I am unable to complete KYC document verification.,negative,11.77
905665,113161,2026-06-26 06:12:44,Rewards,The rewards experience is confusing.,neutral,4.19
905666,105663,2026-04-27 04:38:01,App Performance,The app feels slow and sometimes freezes.,negative,12.63
905667,144311,2026-04-26 18:50:18,Payment Failure,My payment failed and I do not know why.,negative,2.51
905668,134268,2026-02-23 17:50:22,Rewards,The rewards experience is confusing.,neutral,10.25
905669,107956,2026-02-21 07:27:39,Account,I need help with my account.,neutral,13.19
905670,112969,2026-02-06 21:23:07,Payment Failure,My payment failed and I do not know why.,negative,4.94
905671,149697,2026-06-13 08:41:41,Rewards,The rewards experience is confusing.,neutral,20.78
905672,142656,2026-02-18 06:29:13,Payment Failure,My payment failed and I do not know why.,negative,10.22
905673,130692,2026-06-11 17:57:09,Account,I need help with my account.,neutral,10.86
905674,100062,2026-03-08 08:10:43,KYC Issues,I am unable to complete KYC document verification.,negative,3.5
905675,133595,2026-06-30 23:59:59,KYC Issues,I am unable to complete KYC document verification.,negative,4.96
905676,112910,2026-06-30 23:59:59,Account,I need help with my account.,neutral,14.78
905677,127718,2026-02-01 23:05:48,KYC Issues,I am unable to complete KYC document verification.,negative,6.31
905678,110828,2026-05-18 06:26:00,KYC Issues,I am unable to complete KYC document verification.,negative,11.02
905679,126232,2026-04-10 07:09:15,App Performance,The app feels slow and sometimes freezes.,negative,9.29
905680,107780,2026-02-08 07:51:19,KYC Issues,I am unable to complete KYC document verification.,negative,5.6
905681,140066,2026-02-18 11:25:17,Payment Failure,My payment failed and I do not know why.,negative,2.31
905682,110203,2026-05-13 20:48:31,Payment Failure,My payment failed and I do not know why.,negative,5.02
905683,101809,2026-05-22 11:44:20,KYC Issues,I am unable to complete KYC document verification.,negative,4.73
905684,137578,2026-06-18 11:55:57,KYC Issues,I am unable to complete KYC document verification.,negative,2.76
905685,142764,2026-05-22 08:49:32,Account,I need help with my account.,neutral,8.87
905686,122282,2026-06-04 02:17:15,Account,I need help with my account.,neutral,7.84
905687,131943,2026-03-02 16:28:47,App Performance,The app feels slow and sometimes freezes.,negative,11.04
905688,141615,2026-05-03 07:21:47,App Performance,The app feels slow and sometimes freezes.,negative,1.88
905689,110425,2026-02-06 12:25:24,Payment Failure,My payment failed and I do not know why.,negative,8.18
905690,113615,2026-06-16 07:01:54,Payment Failure,My payment failed and I do not know why.,negative,8.13
905691,127270,2026-03-16 23:50:53,Account,I need help with my account.,neutral,1.61
905692,108421,2026-04-04 21:28:17,Payment Failure,My payment failed and I do not know why.,negative,2.27
905693,133891,2026-05-11 16:19:41,Rewards,The rewards experience is confusing.,neutral,2.42
905694,132672,2026-06-18 05:55:58,App Performance,The app feels slow and sometimes freezes.,negative,24.67
905695,110633,2026-06-15 18:34:27,Rewards,The rewards experience is confusing.,neutral,6.65
905696,130903,2026-06-20 23:53:05,Payment Failure,My payment failed and I do not know why.,negative,5.22
905697,103490,2026-02-08 17:05:26,KYC Issues,I am unable to complete KYC document verification.,negative,4.46
905698,145941,2026-05-20 08:21:55,KYC Issues,I am unable to complete KYC document verification.,negative,7.34
905699,113959,2026-04-02 02:18:30,Account,I need help with my account.,neutral,15.56
905700,112204,2026-02-10 17:20:44,Payment Failure,My payment failed and I do not know why.,negative,13.92
905701,128965,2026-05-19 18:48:36,KYC Issues,I am unable to complete KYC document verification.,negative,28.9
905702,125287,2026-02-28 13:41:14,Account,I need help with my account.,neutral,19.78
905703,109187,2026-03-15 03:13:05,Account,I need help with my account.,neutral,16.01
905704,117151,2026-03-03 20:39:51,Account,I need help with my account.,neutral,28.14
905705,143190,2026-06-13 19:09:22,KYC Issues,I am unable to complete KYC document verification.,negative,5.3
905706,115651,2026-05-05 00:48:48,KYC Issues,I am unable to complete KYC document verification.,negative,2.83
905707,106659,2026-06-05 02:10:51,Rewards,The rewards experience is confusing.,neutral,9.0
905708,128375,2026-06-09 21:19:29,KYC Issues,I am unable to complete KYC document verification.,negative,1.9
905709,123880,2026-02-27 08:04:45,App Performance,The app feels slow and sometimes freezes.,negative,4.69
905710,145459,2026-05-03 00:44:33,Payment Failure,My payment failed and I do not know why.,negative,12.26
905711,135088,2026-04-04 20:38:12,Payment Failure,My payment failed and I do not know why.,negative,13.63
905712,141988,2026-04-12 14:17:22,KYC Issues,I am unable to complete KYC document verification.,negative,10.17
905713,132267,2026-06-14 00:21:04,Payment Failure,My payment failed and I do not know why.,negative,2.05
905714,142974,2026-05-17 15:15:43,App Performance,The app feels slow and sometimes freezes.,negative,23.41
905715,101573,2026-03-21 20:13:08,App Performance,The app feels slow and sometimes freezes.,negative,11.05
905716,132570,2026-05-12 00:51:55,App Performance,The app feels slow and sometimes freezes.,negative,13.43
905717,135280,2026-03-01 23:57:42,KYC Issues,I am unable to complete KYC document verification.,negative,13.98
905718,146452,2026-06-20 09:38:54,App Performance,The app feels slow and sometimes freezes.,negative,20.14
905719,116125,2026-05-22 11:19:48,App Performance,The app feels slow and sometimes freezes.,negative,0.61
905720,113432,2026-04-15 17:06:12,Payment Failure,My payment failed and I do not know why.,negative,3.66
905721,106180,2026-03-03 11:01:14,App Performance,The app feels slow and sometimes freezes.,negative,5.87
905722,132680,2026-02-18 10:56:12,Rewards,The rewards experience is confusing.,neutral,13.99
905723,100940,2026-03-24 06:03:55,Rewards,The rewards experience is confusing.,neutral,6.55
905724,129189,2026-05-07 21:32:25,Payment Failure,My payment failed and I do not know why.,negative,12.97
905725,134756,2026-02-28 20:29:32,Payment Failure,My payment failed and I do not know why.,negative,14.65
905726,149312,2026-02-24 22:32:45,Account,I need help with my account.,neutral,5.64
905727,108826,2026-02-12 15:44:53,Rewards,The rewards experience is confusing.,neutral,16.09
905728,131073,2026-02-13 18:20:13,App Performance,The app feels slow and sometimes freezes.,negative,17.59
905729,135211,2026-03-03 09:24:35,Rewards,The rewards experience is confusing.,neutral,0.42
905730,115256,2026-04-21 02:15:49,Payment Failure,My payment failed and I do not know why.,negative,9.6
905731,142005,2026-05-23 03:30:47,App Performance,The app feels slow and sometimes freezes.,negative,4.33
905732,122854,2026-03-09 09:13:24,Payment Failure,My payment failed and I do not know why.,negative,11.71
905733,146719,2026-06-08 22:42:04,Payment Failure,My payment failed and I do not know why.,negative,13.96
905734,103461,2026-02-18 17:42:23,Account,I need help with my account.,neutral,14.71
905735,149940,2026-03-02 17:24:54,App Performance,The app feels slow and sometimes freezes.,negative,1.83
905736,106833,2026-02-21 21:06:42,App Performance,The app feels slow and sometimes freezes.,negative,4.62
905737,133011,2026-06-26 13:35:12,App Performance,The app feels slow and sometimes freezes.,negative,8.54
905738,111307,2026-05-28 01:21:52,Payment Failure,My payment failed and I do not know why.,negative,6.59
905739,148620,2026-06-13 02:59:59,KYC Issues,I am unable to complete KYC document verification.,negative,7.25
905740,136074,2026-06-10 05:43:55,App Performance,The app feels slow and sometimes freezes.,negative,5.26
905741,128456,2026-04-07 01:29:57,Payment Failure,My payment failed and I do not know why.,negative,5.29
905742,127964,2026-05-31 21:58:31,KYC Issues,I am unable to complete KYC document verification.,negative,10.87
905743,134855,2026-02-24 20:30:57,Rewards,The rewards experience is confusing.,neutral,7.54
905744,135413,2026-06-11 19:19:15,Payment Failure,My payment failed and I do not know why.,negative,5.68
905745,127701,2026-06-17 12:01:56,Payment Failure,My payment failed and I do not know why.,negative,7.9
905746,138262,2026-03-08 07:53:16,Rewards,The rewards experience is confusing.,neutral,2.47
905747,141280,2026-02-03 02:29:06,Payment Failure,My payment failed and I do not know why.,negative,6.49
905748,149226,2026-06-17 17:26:23,Payment Failure,My payment failed and I do not know why.,negative,16.99
905749,103022,2026-02-23 09:55:08,Rewards,The rewards experience is confusing.,neutral,7.42
905750,103221,2026-03-10 16:30:41,Payment Failure,My payment failed and I do not know why.,negative,17.49
905751,117938,2026-03-23 18:51:26,KYC Issues,I am unable to complete KYC document verification.,negative,8.93
905752,123713,2026-06-30 23:59:59,Rewards,The rewards experience is confusing.,neutral,6.81
905753,100151,2026-02-27 00:09:15,Payment Failure,My payment failed and I do not know why.,negative,14.18
905754,112614,2026-02-19 09:26:09,Rewards,The rewards experience is confusing.,neutral,7.1
905755,118555,2026-02-04 11:57:39,App Performance,The app feels slow and sometimes freezes.,negative,5.46
905756,135928,2026-05-28 00:37:26,App Performance,The app feels slow and sometimes freezes.,negative,18.51
905757,131351,2026-06-30 23:59:59,KYC Issues,I am unable to complete KYC document verification.,negative,18.03
905758,146959,2026-05-30 05:38:56,Payment Failure,My payment failed and I do not know why.,negative,2.19
905759,142917,2026-04-22 11:41:05,Account,I need help with my account.,neutral,2.18
905760,104679,2026-03-19 22:01:31,Account,I need help with my account.,neutral,8.82
905761,131151,2026-05-04 01:20:05,Payment Failure,My payment failed and I do not know why.,negative,8.96
905762,148473,2026-02-01 17:47:24,Account,I need help with my account.,neutral,4.3
905763,109732,2026-02-20 03:34:13,KYC Issues,I am unable to complete KYC document verification.,negative,27.88
905764,136353,2026-03-10 19:50:29,App Performance,The app feels slow and sometimes freezes.,negative,6.19
905765,142835,2026-04-26 11:23:49,KYC Issues,I am unable to complete KYC document verification.,negative,15.8
905766,126349,2026-04-09 22:17:59,KYC Issues,I am unable to complete KYC document verification.,negative,4.66
905767,129574,2026-03-15 04:01:49,App Performance,The app feels slow and sometimes freezes.,negative,2.9
905768,145330,2026-05-13 15:17:38,Account,I need help with my account.,neutral,13.26
905769,103930,2026-04-08 16:59:05,Payment Failure,My payment failed and I do not know why.,negative,7.59
905770,118456,2026-05-07 01:54:22,KYC Issues,I am unable to complete KYC document verification.,negative,6.9
905771,119452,2026-03-15 16:34:37,Payment Failure,My payment failed and I do not know why.,negative,7.61
905772,103299,2026-02-21 04:24:45,KYC Issues,I am unable to complete KYC document verification.,negative,26.05
905773,140427,2026-04-16 02:10:47,Payment Failure,My payment failed and I do not know why.,negative,12.09
905774,143439,2026-04-07 20:16:18,App Performance,The app feels slow and sometimes freezes.,negative,1.5
905775,101490,2026-02-01 20:13:16,Account,I need help with my account.,neutral,12.21
905776,134591,2026-01-24 15:05:53,Payment Failure,My payment failed and I do not know why.,negative,9.56
905777,128460,2026-04-11 05:04:34,Payment Failure,My payment failed and I do not know why.,negative,12.04
905778,131612,2026-04-27 09:12:36,Payment Failure,My payment failed and I do not know why.,negative,3.69
905779,146539,2026-02-03 13:16:55,App Performance,The app feels slow and sometimes freezes.,negative,4.01
905780,121751,2026-02-23 10:39:38,Account,I need help with my account.,neutral,13.97
905781,110882,2026-05-13 23:37:56,KYC Issues,I am unable to complete KYC document verification.,negative,7.49
905782,114674,2026-06-30 23:59:59,Payment Failure,My payment failed and I do not know why.,negative,5.23
905783,108479,2026-05-14 09:52:07,KYC Issues,I am unable to complete KYC document verification.,negative,1.73
905784,127546,2026-04-12 02:26:31,App Performance,The app feels slow and sometimes freezes.,negative,17.66
905785,133255,2026-04-21 03:15:40,Payment Failure,My payment failed and I do not know why.,negative,8.65
905786,132424,2026-04-08 00:56:45,Account,I need help with my account.,neutral,2.05
905787,136419,2026-05-08 03:06:13,Account,I need help with my account.,neutral,5.86
905788,131166,2026-03-02 07:38:13,Payment Failure,My payment failed and I do not know why.,negative,14.18
905789,137801,2026-02-10 13:55:46,KYC Issues,I am unable to complete KYC document verification.,negative,12.48
905790,120533,2026-04-05 01:59:48,KYC Issues,I am unable to complete KYC document verification.,negative,8.38
905791,133937,2026-04-11 21:04:47,KYC Issues,I am unable to complete KYC document verification.,negative,16.67
905792,122469,2026-04-21 15:17:41,Payment Failure,My payment failed and I do not know why.,negative,22.89
905793,120917,2026-01-10 06:08:01,Payment Failure,My payment failed and I do not know why.,negative,14.35
905794,146458,2026-03-08 01:30:12,Payment Failure,My payment failed and I do not know why.,negative,4.27
905795,147694,2026-04-24 22:32:59,Rewards,The rewards experience is confusing.,neutral,10.81
905796,100284,2026-03-22 13:06:04,KYC Issues,I am unable to complete KYC document verification.,negative,4.07
905797,109411,2026-06-11 21:33:33,Account,I need help with my account.,neutral,16.71
905798,105071,2026-02-28 01:35:53,App Performance,The app feels slow and sometimes freezes.,negative,15.42
905799,145663,2026-06-17 22:23:08,Rewards,The rewards experience is confusing.,neutral,8.65
905800,140846,2026-03-03 01:31:10,KYC Issues,I am unable to complete KYC document verification.,negative,9.82
905801,123543,2026-05-29 05:55:29,Payment Failure,My payment failed and I do not know why.,negative,7.79
905802,103634,2026-05-24 06:05:03,Account,I need help with my account.,neutral,7.01
905803,130495,2026-05-24 04:19:32,KYC Issues,I am unable to complete KYC document verification.,negative,12.38
905804,135043,2026-05-26 22:27:50,KYC Issues,I am unable to complete KYC document verification.,negative,7.71
905805,128959,2026-06-30 23:59:59,Payment Failure,My payment failed and I do not know why.,negative,20.86
905806,146492,2026-03-27 16:36:45,Rewards,The rewards experience is confusing.,neutral,7.13
905807,109502,2026-04-09 21:56:10,Payment Failure,My payment failed and I do not know why.,negative,7.9
905808,108643,2026-05-20 03:43:22,Account,I need help with my account.,neutral,7.74
905809,137787,2026-05-26 18:35:38,KYC Issues,I am unable to complete KYC document verification.,negative,10.67
905810,134862,2026-06-30 23:59:59,Payment Failure,My payment failed and I do not know why.,negative,8.01
905811,112089,2026-04-27 21:46:51,Payment Failure,My payment failed and I do not know why.,negative,6.38
905812,133904,2026-06-07 05:59:57,Payment Failure,My payment failed and I do not know why.,negative,19.18
905813,109012,2026-03-25 21:54:29,Account,I need help with my account.,neutral,11.75
905814,116383,2026-03-28 12:52:49,KYC Issues,I am unable to complete KYC document verification.,negative,5.18
905815,104037,2026-01-15 12:12:17,KYC Issues,I am unable to complete KYC document verification.,negative,14.17
905816,106805,2026-05-19 10:51:24,Rewards,The rewards experience is confusing.,neutral,3.45
905817,146393,2026-05-25 00:43:38,KYC Issues,I am unable to complete KYC document verification.,negative,14.61
905818,104610,2026-05-19 00:55:18,Rewards,The rewards experience is confusing.,neutral,7.87
905819,148877,2026-05-01 00:24:20,KYC Issues,I am unable to complete KYC document verification.,negative,17.4
905820,131258,2026-02-19 11:10:16,Account,I need help with my account.,neutral,4.57
905821,100587,2026-01-27 17:00:43,Account,I need help with my account.,neutral,4.39
905822,134496,2026-05-17 14:11:42,Payment Failure,My payment failed and I do not know why.,negative,15.27
905823,131733,2026-06-22 20:36:21,Account,I need help with my account.,neutral,7.7
905824,103790,2026-05-16 06:33:15,Account,I need help with my account.,neutral,16.43
905825,147186,2026-02-19 23:31:05,Payment Failure,My payment failed and I do not know why.,negative,12.39
905826,101698,2026-03-13 05:10:27,Rewards,The rewards experience is confusing.,neutral,5.23
905827,142441,2026-06-18 00:56:03,Rewards,The rewards experience is confusing.,neutral,4.78
905828,133729,2026-04-20 15:54:35,Payment Failure,My payment failed and I do not know why.,negative,8.15
905829,148481,2026-03-31 13:30:32,KYC Issues,I am unable to complete KYC document verification.,negative,8.73
905830,130690,2026-03-20 12:45:48,App Performance,The app feels slow and sometimes freezes.,negative,12.74
905831,136692,2026-02-25 12:54:34,Rewards,The rewards experience is confusing.,neutral,2.45
905832,149991,2026-03-24 00:11:31,KYC Issues,I am unable to complete KYC document verification.,negative,7.74
905833,122133,2026-02-25 08:18:42,Payment Failure,My payment failed and I do not know why.,negative,13.4
905834,107599,2026-05-04 19:14:57,App Performance,The app feels slow and sometimes freezes.,negative,5.92
905835,138400,2026-06-08 14:31:40,App Performance,The app feels slow and sometimes freezes.,negative,10.73
905836,136522,2026-02-13 17:09:21,Account,I need help with my account.,neutral,6.31
905837,145536,2026-04-06 02:07:08,KYC Issues,I am unable to complete KYC document verification.,negative,17.8
905838,112011,2026-04-29 05:25:49,KYC Issues,I am unable to complete KYC document verification.,negative,8.19
905839,111011,2026-04-20 14:18:13,Payment Failure,My payment failed and I do not know why.,negative,14.59
905840,127888,2026-02-14 11:37:09,KYC Issues,I am unable to complete KYC document verification.,negative,5.1
905841,116165,2026-06-06 22:57:17,KYC Issues,I am unable to complete KYC document verification.,negative,18.99
905842,117550,2026-04-24 11:20:02,Account,I need help with my account.,neutral,8.6
905843,116410,2026-02-06 20:35:02,KYC Issues,I am unable to complete KYC document verification.,negative,4.47
905844,115732,2026-01-14 07:32:35,Account,I need help with my account.,neutral,4.37
905845,141674,2026-06-30 23:59:59,Payment Failure,My payment failed and I do not know why.,negative,13.6
905846,105991,2026-03-10 04:43:26,Payment Failure,My payment failed and I do not know why.,negative,1.99
905847,143891,2026-05-26 16:53:32,Payment Failure,My payment failed and I do not know why.,negative,11.27
905848,135692,2026-04-18 02:00:32,KYC Issues,I am unable to complete KYC document verification.,negative,22.47
905849,125941,2026-03-16 18:33:15,Rewards,The rewards experience is confusing.,neutral,0.66
905850,118850,2026-03-16 19:18:29,App Performance,The app feels slow and sometimes freezes.,negative,3.21
905851,106975,2026-02-14 11:57:13,App Performance,The app feels slow and sometimes freezes.,negative,12.66
905852,117320,2026-05-26 06:38:53,Account,I need help with my account.,neutral,2.8
905853,110090,2026-02-18 12:55:54,Account,I need help with my account.,neutral,7.66
905854,143035,2026-06-11 12:21:33,Payment Failure,My payment failed and I do not know why.,negative,1.84
905855,108239,2026-04-05 13:23:58,Account,I need help with my account.,neutral,2.48
905856,136343,2026-04-21 07:52:51,Payment Failure,My payment failed and I do not know why.,negative,12.15
905857,103505,2026-05-07 21:44:09,KYC Issues,I am unable to complete KYC document verification.,negative,4.17
905858,136286,2026-06-16 03:14:56,Account,I need help with my account.,neutral,12.07
905859,144130,2026-01-09 04:35:11,Account,I need help with my account.,neutral,20.64
905860,108962,2026-06-23 21:21:05,KYC Issues,I am unable to complete KYC document verification.,negative,15.91
905861,105330,2026-03-13 06:08:03,Account,I need help with my account.,neutral,11.69
905862,143092,2026-03-12 00:06:43,Account,I need help with my account.,neutral,8.82
905863,144455,2026-06-30 23:59:59,App Performance,The app feels slow and sometimes freezes.,negative,15.49
905864,127393,2026-05-20 01:49:15,KYC Issues,I am unable to complete KYC document verification.,negative,8.6
905865,140296,2026-05-20 08:14:15,App Performance,The app feels slow and sometimes freezes.,negative,1.65
905866,106661,2026-02-26 19:09:33,KYC Issues,I am unable to complete KYC document verification.,negative,4.99
905867,122762,2026-04-15 11:31:27,Payment Failure,My payment failed and I do not know why.,negative,3.52
905868,121431,2026-03-20 12:38:29,Account,I need help with my account.,neutral,5.55
905869,109285,2026-05-27 07:00:59,Rewards,The rewards experience is confusing.,neutral,7.13
905870,107290,2026-02-10 23:51:31,Account,I need help with my account.,neutral,0.79
905871,145320,2026-03-13 21:58:39,App Performance,The app feels slow and sometimes freezes.,negative,28.1
905872,136251,2026-05-06 18:22:23,App Performance,The app feels slow and sometimes freezes.,negative,7.5
905873,103190,2026-02-16 18:00:17,KYC Issues,I am unable to complete KYC document verification.,negative,3.81
905874,137043,2026-03-14 11:31:51,KYC Issues,I am unable to complete KYC document verification.,negative,8.42
905875,146573,2026-01-21 08:50:03,KYC Issues,I am unable to complete KYC document verification.,negative,3.07
905876,147824,2026-02-07 03:40:30,Account,I need help with my account.,neutral,16.4
905877,129950,2026-04-04 10:04:16,Account,I need help with my account.,neutral,8.05
905878,105261,2026-03-28 16:26:01,Account,I need help with my account.,neutral,27.89
905879,116158,2026-04-08 18:01:08,Account,I need help with my account.,neutral,16.55
905880,144712,2026-02-22 17:01:49,App Performance,The app feels slow and sometimes freezes.,negative,6.5
905881,116116,2026-01-25 06:12:01,KYC Issues,I am unable to complete KYC document verification.,negative,16.76
905882,122023,2026-04-24 22:04:14,Payment Failure,My payment failed and I do not know why.,negative,7.28
905883,102266,2026-03-13 00:58:02,KYC Issues,I am unable to complete KYC document verification.,negative,11.05
905884,147344,2026-02-13 09:03:27,Payment Failure,My payment failed and I do not know why.,negative,14.26
905885,135303,2026-01-08 13:18:14,Payment Failure,My payment failed and I do not know why.,negative,6.8
905886,132435,2026-01-30 12:28:50,Payment Failure,My payment failed and I do not know why.,negative,4.04
905887,106753,2026-02-19 20:54:17,App Performance,The app feels slow and sometimes freezes.,negative,24.63
905888,110802,2026-03-01 23:44:42,Account,I need help with my account.,neutral,9.38
905889,131587,2026-06-01 01:58:12,Payment Failure,My payment failed and I do not know why.,negative,13.14
905890,113934,2026-01-26 09:14:05,Account,I need help with my account.,neutral,3.31
905891,129142,2026-04-03 02:58:05,Payment Failure,My payment failed and I do not know why.,negative,21.75
905892,108782,2026-05-26 16:26:38,Payment Failure,My payment failed and I do not know why.,negative,16.51
905893,115212,2026-06-25 03:21:58,KYC Issues,I am unable to complete KYC document verification.,negative,16.71
905894,125851,2026-03-06 05:12:15,KYC Issues,I am unable to complete KYC document verification.,negative,9.27
905895,124836,2026-04-18 16:23:56,App Performance,The app feels slow and sometimes freezes.,negative,4.11
905896,138858,2026-06-07 16:20:41,Account,I need help with my account.,neutral,2.1
905897,111266,2026-06-16 09:02:35,KYC Issues,I am unable to complete KYC document verification.,negative,5.95
905898,129659,2026-02-26 16:00:11,Rewards,The rewards experience is confusing.,neutral,8.29
905899,130482,2026-05-07 07:07:20,KYC Issues,I am unable to complete KYC document verification.,negative,7.66
905900,134393,2026-02-11 10:10:52,KYC Issues,I am unable to complete KYC document verification.,negative,3.91
905901,134177,2026-05-04 16:58:06,Rewards,The rewards experience is confusing.,neutral,8.05
905902,135245,2026-02-10 20:02:16,KYC Issues,I am unable to complete KYC document verification.,negative,21.22
905903,106200,2026-05-16 06:06:11,Account,I need help with my account.,neutral,9.01
905904,118509,2026-02-01 02:52:44,App Performance,The app feels slow and sometimes freezes.,negative,9.6
905905,106888,2026-01-07 04:11:34,Rewards,The rewards experience is confusing.,neutral,10.15
905906,128986,2026-02-04 07:13:04,Account,I need help with my account.,neutral,21.0
905907,119102,2026-03-27 22:18:22,Account,I need help with my account.,neutral,6.87
905908,131457,2026-04-04 00:49:04,KYC Issues,I am unable to complete KYC document verification.,negative,6.44
905909,115122,2026-01-07 02:33:52,App Performance,The app feels slow and sometimes freezes.,negative,3.89
905910,112142,2026-06-30 23:59:59,KYC Issues,I am unable to complete KYC document verification.,negative,7.33
905911,121550,2026-03-31 10:40:26,Account,I need help with my account.,neutral,7.31
905912,113070,2026-05-31 23:40:46,App Performance,The app feels slow and sometimes freezes.,negative,9.45
905913,124995,2026-04-15 00:24:58,KYC Issues,I am unable to complete KYC document verification.,negative,6.95
905914,136639,2026-04-17 04:32:52,App Performance,The app feels slow and sometimes freezes.,negative,9.01
905915,142271,2026-02-22 15:28:44,KYC Issues,I am unable to complete KYC document verification.,negative,13.45
905916,148932,2026-05-19 06:26:30,Rewards,The rewards experience is confusing.,neutral,4.06
905917,145738,2026-06-30 23:59:59,App Performance,The app feels slow and sometimes freezes.,negative,4.36
905918,123142,2026-03-26 20:02:10,Account,I need help with my account.,neutral,3.48
905919,109268,2026-03-18 20:34:44,Account,I need help with my account.,neutral,38.1
905920,117300,2026-06-16 05:27:45,KYC Issues,I am unable to complete KYC document verification.,negative,14.91
905921,142536,2026-01-24 02:31:31,App Performance,The app feels slow and sometimes freezes.,negative,6.05
905922,143656,2026-02-26 11:16:55,Payment Failure,My payment failed and I do not know why.,negative,9.25
905923,119387,2026-04-03 01:50:57,KYC Issues,I am unable to complete KYC document verification.,negative,9.59
905924,124182,2026-03-20 15:29:10,Rewards,The rewards experience is confusing.,neutral,8.05
905925,121111,2026-03-06 11:21:09,KYC Issues,I am unable to complete KYC document verification.,negative,6.41
905926,128192,2026-03-09 02:23:06,Payment Failure,My payment failed and I do not know why.,negative,2.01
905927,142741,2026-02-06 15:22:09,Rewards,The rewards experience is confusing.,neutral,2.12
905928,130225,2026-02-07 09:06:39,Payment Failure,My payment failed and I do not know why.,negative,25.79
905929,123272,2026-03-19 03:11:59,App Performance,The app feels slow and sometimes freezes.,negative,15.58
905930,102583,2026-03-17 20:42:17,Rewards,The rewards experience is confusing.,neutral,8.73
905931,112904,2026-06-21 12:46:27,KYC Issues,I am unable to complete KYC document verification.,negative,7.76
905932,123862,2026-06-09 13:38:25,Rewards,The rewards experience is confusing.,neutral,10.18
905933,131944,2026-06-27 11:52:51,KYC Issues,I am unable to complete KYC document verification.,negative,10.92
905934,148328,2026-01-18 05:01:30,Account,I need help with my account.,neutral,3.99
905935,111864,2026-06-30 23:59:59,App Performance,The app feels slow and sometimes freezes.,negative,18.19
905936,135911,2026-01-31 07:58:39,Payment Failure,My payment failed and I do not know why.,negative,9.33
905937,125265,2026-04-30 07:29:17,Account,I need help with my account.,neutral,10.45
905938,141827,2026-04-14 09:23:56,Payment Failure,My payment failed and I do not know why.,negative,5.04
905939,106922,2026-06-22 01:13:32,Rewards,The rewards experience is confusing.,neutral,2.66
905940,142060,2026-02-24 21:08:52,KYC Issues,I am unable to complete KYC document verification.,negative,2.18
905941,126546,2026-02-11 17:00:29,Account,I need help with my account.,neutral,6.64
905942,138595,2026-06-04 05:49:22,App Performance,The app feels slow and sometimes freezes.,negative,14.54
905943,125083,2026-05-26 10:00:30,Rewards,The rewards experience is confusing.,neutral,15.85
905944,142711,2026-06-30 23:59:59,KYC Issues,I am unable to complete KYC document verification.,negative,6.62
905945,130406,2026-05-07 16:39:15,App Performance,The app feels slow and sometimes freezes.,negative,8.36
905946,121096,2026-04-16 08:24:26,Account,I need help with my account.,neutral,2.86
905947,139724,2026-03-24 06:35:02,Payment Failure,My payment failed and I do not know why.,negative,7.87
905948,121641,2026-02-17 18:05:12,KYC Issues,I am unable to complete KYC document verification.,negative,6.17
905949,107113,2026-03-12 07:50:48,Account,I need help with my account.,neutral,1.66
905950,143712,2026-05-29 19:47:08,Payment Failure,My payment failed and I do not know why.,negative,21.23
905951,136677,2026-06-17 02:45:50,Payment Failure,My payment failed and I do not know why.,negative,28.1
905952,146806,2026-03-12 07:47:33,KYC Issues,I am unable to complete KYC document verification.,negative,14.98
905953,137629,2026-04-26 13:16:57,Rewards,The rewards experience is confusing.,neutral,6.81
905954,131995,2026-03-07 05:31:01,Payment Failure,My payment failed and I do not know why.,negative,10.33
905955,135832,2026-03-09 22:44:27,Rewards,The rewards experience is confusing.,neutral,4.19
905956,127984,2026-05-08 00:11:47,Payment Failure,My payment failed and I do not know why.,negative,7.06
905957,127369,2026-03-03 11:19:07,Rewards,The rewards experience is confusing.,neutral,9.0
905958,139707,2026-05-24 16:03:02,Account,I need help with my account.,neutral,3.66
905959,108972,2026-03-30 19:47:45,KYC Issues,I am unable to complete KYC document verification.,negative,8.66
905960,148551,2026-01-23 21:36:25,Payment Failure,My payment failed and I do not know why.,negative,5.34
905961,130711,2026-02-06 20:17:21,App Performance,The app feels slow and sometimes freezes.,negative,12.45
905962,127311,2026-06-30 23:59:59,Payment Failure,My payment failed and I do not know why.,negative,2.43
905963,136698,2026-01-20 02:02:46,KYC Issues,I am unable to complete KYC document verification.,negative,27.58
905964,118737,2026-06-30 23:59:59,KYC Issues,I am unable to complete KYC document verification.,negative,2.77
905965,101535,2026-02-11 23:49:10,Account,I need help with my account.,neutral,21.52
905966,124297,2026-02-04 10:18:28,Rewards,The rewards experience is confusing.,neutral,14.2
905967,114713,2026-04-25 17:47:32,Account,I need help with my account.,neutral,1.49
905968,135689,2026-03-29 05:10:05,Payment Failure,My payment failed and I do not know why.,negative,16.64
905969,118770,2026-04-23 21:59:49,Rewards,The rewards experience is confusing.,neutral,11.98
905970,129763,2026-01-18 16:36:27,Rewards,The rewards experience is confusing.,neutral,13.5
905971,140161,2026-06-23 07:04:02,KYC Issues,I am unable to complete KYC document verification.,negative,26.01
905972,133905,2026-03-24 10:59:12,App Performance,The app feels slow and sometimes freezes.,negative,8.95
905973,108547,2026-05-20 12:17:48,Account,I need help with my account.,neutral,18.84
905974,143972,2026-03-20 02:26:24,Payment Failure,My payment failed and I do not know why.,negative,9.08
905975,119327,2026-01-23 04:07:33,KYC Issues,I am unable to complete KYC document verification.,negative,17.04
905976,132467,2026-05-03 22:50:20,App Performance,The app feels slow and sometimes freezes.,negative,4.13
905977,119496,2026-06-01 19:12:16,App Performance,The app feels slow and sometimes freezes.,negative,10.07
905978,137024,2026-05-28 13:23:29,KYC Issues,I am unable to complete KYC document verification.,negative,2.22
905979,101140,2026-03-26 05:45:01,Payment Failure,My payment failed and I do not know why.,negative,3.1
905980,137415,2026-01-30 23:47:13,App Performance,The app feels slow and sometimes freezes.,negative,12.82
905981,134474,2026-04-18 21:43:23,Rewards,The rewards experience is confusing.,neutral,9.29
905982,122676,2026-03-26 04:05:17,Account,I need help with my account.,neutral,13.11
905983,112506,2026-02-16 08:37:08,App Performance,The app feels slow and sometimes freezes.,negative,3.46
905984,145057,2026-03-06 00:16:39,KYC Issues,I am unable to complete KYC document verification.,negative,6.05
905985,103619,2026-05-12 19:42:11,App Performance,The app feels slow and sometimes freezes.,negative,6.63
905986,139607,2026-06-13 06:43:51,Payment Failure,My payment failed and I do not know why.,negative,6.61
905987,134858,2026-02-11 04:10:28,Payment Failure,My payment failed and I do not know why.,negative,8.12
905988,149111,2026-03-22 01:06:00,KYC Issues,I am unable to complete KYC document verification.,negative,10.95
905989,107325,2026-05-30 18:07:34,App Performance,The app feels slow and sometimes freezes.,negative,4.68
905990,100963,2026-06-30 23:59:59,KYC Issues,I am unable to complete KYC document verification.,negative,5.66
905991,135314,2026-02-09 16:03:19,Account,I need help with my account.,neutral,24.59
905992,130516,2026-02-15 14:44:10,KYC Issues,I am unable to complete KYC document verification.,negative,4.15
905993,125549,2026-04-24 15:05:18,KYC Issues,I am unable to complete KYC document verification.,negative,12.84
905994,110836,2026-05-10 05:11:52,KYC Issues,I am unable to complete KYC document verification.,negative,5.57
905995,101976,2026-01-23 05:40:14,App Performance,The app feels slow and sometimes freezes.,negative,17.73
905996,114766,2026-05-22 05:28:35,KYC Issues,I am unable to complete KYC document verification.,negative,5.46
905997,148449,2026-06-12 19:32:49,KYC Issues,I am unable to complete KYC document verification.,negative,2.85
905998,137971,2026-01-31 14:39:10,App Performance,The app feels slow and sometimes freezes.,negative,5.35
905999,139242,2026-04-06 16:20:22,App Performance,The app feels slow and sometimes freezes.,negative,25.55
906000,140230,2026-03-25 02:55:37,KYC Issues,I am unable to complete KYC document verification.,negative,20.71
906001,141497,2026-05-26 00:15:58,KYC Issues,I am unable to complete KYC document verification.,negative,2.21
906002,140357,2026-06-08 23:31:21,Account,I need help with my account.,neutral,16.47
906003,108058,2026-03-09 00:39:27,KYC Issues,I am unable to complete KYC document verification.,negative,11.43
906004,145876,2026-05-18 09:44:15,KYC Issues,I am unable to complete KYC document verification.,negative,5.63
906005,128207,2026-02-07 21:00:59,Payment Failure,My payment failed and I do not know why.,negative,8.25
906006,134180,2026-05-09 04:28:25,Payment Failure,My payment failed and I do not know why.,negative,20.4
906007,124958,2026-06-03 22:37:26,Payment Failure,My payment failed and I do not know why.,negative,6.82
906008,126351,2026-03-15 19:38:31,Payment Failure,My payment failed and I do not know why.,negative,5.48
906009,105056,2026-05-04 00:17:02,Rewards,The rewards experience is confusing.,neutral,18.82
906010,120587,2026-03-26 11:28:07,Account,I need help with my account.,neutral,4.59
906011,102679,2026-03-29 17:59:35,Account,I need help with my account.,neutral,8.49
906012,146057,2026-04-22 14:51:46,Rewards,The rewards experience is confusing.,neutral,11.68
906013,130289,2026-01-26 06:03:16,Payment Failure,My payment failed and I do not know why.,negative,2.25
906014,120469,2026-02-18 01:26:19,Account,I need help with my account.,neutral,21.08
906015,124518,2026-02-09 11:48:34,App Performance,The app feels slow and sometimes freezes.,negative,1.89
906016,149858,2026-05-05 20:56:39,Account,I need help with my account.,neutral,6.62
906017,124770,2026-01-11 14:02:50,Payment Failure,My payment failed and I do not know why.,negative,6.82
906018,102763,2026-06-30 23:59:59,KYC Issues,I am unable to complete KYC document verification.,negative,4.49
906019,112404,2026-03-15 07:05:45,App Performance,The app feels slow and sometimes freezes.,negative,4.51
906020,113250,2026-05-30 23:58:23,Account,I need help with my account.,neutral,1.63
906021,140384,2026-05-08 02:14:24,Account,I need help with my account.,neutral,4.26
906022,121532,2026-01-03 04:21:55,Account,I need help with my account.,neutral,8.58
906023,145684,2026-04-02 04:02:24,KYC Issues,I am unable to complete KYC document verification.,negative,13.69
906024,139611,2026-05-31 12:25:46,Payment Failure,My payment failed and I do not know why.,negative,0.4
906025,142351,2026-03-10 20:06:35,Payment Failure,My payment failed and I do not know why.,negative,7.09
906026,132049,2026-04-12 16:15:53,KYC Issues,I am unable to complete KYC document verification.,negative,12.13
906027,106382,2026-05-07 18:22:08,KYC Issues,I am unable to complete KYC document verification.,negative,12.06
906028,142415,2026-02-10 10:46:19,Account,I need help with my account.,neutral,11.54
906029,118093,2026-03-26 16:31:15,Payment Failure,My payment failed and I do not know why.,negative,6.33
906030,138865,2026-03-04 01:31:29,KYC Issues,I am unable to complete KYC document verification.,negative,8.09
906031,131000,2026-06-30 23:59:59,Payment Failure,My payment failed and I do not know why.,negative,11.89
906032,109989,2026-05-14 16:16:44,App Performance,The app feels slow and sometimes freezes.,negative,3.77
906033,142098,2026-04-15 18:32:16,Payment Failure,My payment failed and I do not know why.,negative,5.45
906034,133510,2026-04-30 23:52:46,Account,I need help with my account.,neutral,14.25
906035,118436,2026-05-26 14:58:55,Payment Failure,My payment failed and I do not know why.,negative,28.62
906036,144220,2026-02-11 00:34:33,Rewards,The rewards experience is confusing.,neutral,5.68
906037,117504,2026-06-30 23:59:59,App Performance,The app feels slow and sometimes freezes.,negative,4.98
906038,141736,2026-06-20 07:11:40,Payment Failure,My payment failed and I do not know why.,negative,1.52
906039,101418,2026-04-02 17:17:33,KYC Issues,I am unable to complete KYC document verification.,negative,11.22
906040,147551,2026-05-16 22:15:22,Rewards,The rewards experience is confusing.,neutral,3.1
906041,129843,2026-05-08 14:49:35,Account,I need help with my account.,neutral,4.9
906042,110312,2026-03-13 22:52:19,App Performance,The app feels slow and sometimes freezes.,negative,13.71
906043,137557,2026-06-08 08:12:24,Account,I need help with my account.,neutral,22.77
906044,120848,2026-06-15 11:47:59,Payment Failure,My payment failed and I do not know why.,negative,8.95
906045,119965,2026-02-24 05:19:57,Payment Failure,My payment failed and I do not know why.,negative,23.51
906046,117854,2026-05-22 12:40:07,Payment Failure,My payment failed and I do not know why.,negative,18.42
906047,129462,2026-02-13 07:01:11,Rewards,The rewards experience is confusing.,neutral,8.81
906048,130542,2026-02-25 20:46:15,Payment Failure,My payment failed and I do not know why.,negative,25.72
906049,122778,2026-02-18 17:40:24,App Performance,The app feels slow and sometimes freezes.,negative,4.39
906050,122634,2026-03-03 14:00:09,Rewards,The rewards experience is confusing.,neutral,26.84
906051,133485,2026-01-21 22:33:45,App Performance,The app feels slow and sometimes freezes.,negative,13.77
906052,101487,2026-04-11 06:23:57,Rewards,The rewards experience is confusing.,neutral,4.46
906053,127336,2026-03-09 01:45:40,Account,I need help with my account.,neutral,3.88
906054,130089,2026-05-29 02:35:43,KYC Issues,I am unable to complete KYC document verification.,negative,6.0
906055,102112,2026-04-15 07:18:22,App Performance,The app feels slow and sometimes freezes.,negative,8.93
906056,143717,2026-03-12 04:07:52,Payment Failure,My payment failed and I do not know why.,negative,40.46
906057,125056,2026-02-28 10:02:15,KYC Issues,I am unable to complete KYC document verification.,negative,5.34
906058,113652,2026-05-11 14:19:03,Payment Failure,My payment failed and I do not know why.,negative,0.49
906059,111887,2026-05-10 14:38:17,App Performance,The app feels slow and sometimes freezes.,negative,1.58
906060,113910,2026-05-24 20:00:05,Rewards,The rewards experience is confusing.,neutral,3.26
906061,103132,2026-04-17 18:22:57,KYC Issues,I am unable to complete KYC document verification.,negative,16.23
906062,119700,2026-03-07 20:47:20,Account,I need help with my account.,neutral,19.56
906063,100914,2026-04-01 12:38:38,App Performance,The app feels slow and sometimes freezes.,negative,16.3
906064,131141,2026-06-04 12:19:54,Account,I need help with my account.,neutral,4.54
906065,123348,2026-03-29 00:59:39,KYC Issues,I am unable to complete KYC document verification.,negative,12.96
906066,137753,2026-05-19 15:00:01,Payment Failure,My payment failed and I do not know why.,negative,11.65
906067,127877,2026-02-26 17:21:52,Rewards,The rewards experience is confusing.,neutral,5.04
906068,133487,2026-04-30 10:22:56,Payment Failure,My payment failed and I do not know why.,negative,11.35
906069,112430,2026-02-24 04:25:16,Payment Failure,My payment failed and I do not know why.,negative,15.04
906070,131452,2026-03-05 13:14:52,Payment Failure,My payment failed and I do not know why.,negative,4.8
906071,120893,2026-03-15 05:24:57,App Performance,The app feels slow and sometimes freezes.,negative,8.41
906072,142006,2026-02-08 00:03:23,Rewards,The rewards experience is confusing.,neutral,5.43
906073,141386,2026-04-02 05:16:45,App Performance,The app feels slow and sometimes freezes.,negative,4.58
906074,116431,2026-06-08 03:30:29,Payment Failure,My payment failed and I do not know why.,negative,5.51
906075,144226,2026-01-27 11:33:48,App Performance,The app feels slow and sometimes freezes.,negative,1.59
906076,129265,2026-02-26 11:26:11,Account,I need help with my account.,neutral,6.56
906077,104083,2026-01-08 16:32:45,Account,I need help with my account.,neutral,21.27
906078,101332,2026-05-24 15:00:34,KYC Issues,I am unable to complete KYC document verification.,negative,1.48
906079,146095,2026-03-06 18:04:09,KYC Issues,I am unable to complete KYC document verification.,negative,18.19
906080,114544,2026-02-14 06:01:36,App Performance,The app feels slow and sometimes freezes.,negative,27.85
906081,134491,2026-06-29 21:30:56,Rewards,The rewards experience is confusing.,neutral,1.86
906082,144946,2026-05-14 21:03:47,Payment Failure,My payment failed and I do not know why.,negative,3.51
906083,149026,2026-02-04 09:41:03,Account,I need help with my account.,neutral,12.51
906084,113923,2026-01-22 12:01:44,Rewards,The rewards experience is confusing.,neutral,5.06
906085,149027,2026-06-14 09:42:09,App Performance,The app feels slow and sometimes freezes.,negative,6.99
906086,141941,2026-01-18 20:43:08,Account,I need help with my account.,neutral,9.11
906087,110531,2026-05-07 12:31:36,Account,I need help with my account.,neutral,0.19
906088,132957,2026-04-16 19:13:01,Payment Failure,My payment failed and I do not know why.,negative,7.88
906089,141288,2026-05-10 07:15:13,App Performance,The app feels slow and sometimes freezes.,negative,13.39
906090,119003,2026-01-26 20:00:57,KYC Issues,I am unable to complete KYC document verification.,negative,9.69
906091,133029,2026-06-07 22:39:13,Rewards,The rewards experience is confusing.,neutral,22.05
906092,111666,2026-01-24 17:45:52,App Performance,The app feels slow and sometimes freezes.,negative,11.76
906093,130208,2026-03-01 03:51:19,Account,I need help with my account.,neutral,5.27
906094,117123,2026-01-27 11:12:22,KYC Issues,I am unable to complete KYC document verification.,negative,1.99
906095,143223,2026-01-26 08:33:03,KYC Issues,I am unable to complete KYC document verification.,negative,5.6
906096,139778,2026-01-31 21:13:29,Account,I need help with my account.,neutral,21.54
906097,136790,2026-03-05 08:19:56,KYC Issues,I am unable to complete KYC document verification.,negative,6.09
906098,129825,2026-04-05 23:15:00,KYC Issues,I am unable to complete KYC document verification.,negative,6.14
906099,113368,2026-02-20 07:09:26,KYC Issues,I am unable to complete KYC document verification.,negative,18.94
906100,104200,2026-03-07 20:40:03,Rewards,The rewards experience is confusing.,neutral,37.54
906101,128909,2026-05-11 02:41:47,App Performance,The app feels slow and sometimes freezes.,negative,11.45
906102,141644,2026-05-19 11:10:23,App Performance,The app feels slow and sometimes freezes.,negative,8.44
906103,113607,2026-02-11 21:11:29,Account,I need help with my account.,neutral,17.16
906104,118238,2026-01-27 01:40:47,Payment Failure,My payment failed and I do not know why.,negative,5.0
906105,124652,2026-05-24 02:06:52,App Performance,The app feels slow and sometimes freezes.,negative,8.07
906106,130880,2026-02-05 13:50:18,App Performance,The app feels slow and sometimes freezes.,negative,5.72
906107,138416,2026-01-24 13:39:41,KYC Issues,I am unable to complete KYC document verification.,negative,18.32
906108,136582,2026-01-16 02:56:28,Payment Failure,My payment failed and I do not know why.,negative,1.92
906109,117395,2026-05-05 10:33:17,KYC Issues,I am unable to complete KYC document verification.,negative,5.17
906110,118145,2026-06-22 00:13:48,Payment Failure,My payment failed and I do not know why.,negative,4.43
906111,109729,2026-03-13 08:53:38,Payment Failure,My payment failed and I do not know why.,negative,15.22
906112,130039,2026-04-29 15:31:26,Payment Failure,My payment failed and I do not know why.,negative,20.49
906113,135608,2026-06-25 09:15:14,Payment Failure,My payment failed and I do not know why.,negative,5.03
906114,130640,2026-05-12 20:49:48,KYC Issues,I am unable to complete KYC document verification.,negative,5.78
906115,110348,2026-01-29 01:54:56,KYC Issues,I am unable to complete KYC document verification.,negative,0.82
906116,144046,2026-04-02 04:38:29,KYC Issues,I am unable to complete KYC document verification.,negative,3.74
906117,130468,2026-01-24 03:24:02,KYC Issues,I am unable to complete KYC document verification.,negative,4.79
906118,128043,2026-04-21 09:23:12,App Performance,The app feels slow and sometimes freezes.,negative,9.02
906119,140978,2026-05-11 04:56:09,Rewards,The rewards experience is confusing.,neutral,5.46
906120,119146,2026-06-30 23:59:59,App Performance,The app feels slow and sometimes freezes.,negative,4.17
906121,146326,2026-01-06 12:56:01,Payment Failure,My payment failed and I do not know why.,negative,20.21
906122,117164,2026-01-26 12:25:35,Account,I need help with my account.,neutral,6.3
906123,114146,2026-01-22 05:06:27,Account,I need help with my account.,neutral,9.43
906124,129131,2026-02-25 01:29:41,Account,I need help with my account.,neutral,5.75
906125,100631,2026-03-22 18:50:30,Payment Failure,My payment failed and I do not know why.,negative,16.47
906126,106822,2026-02-01 12:06:11,Rewards,The rewards experience is confusing.,neutral,3.55
906127,102277,2026-05-30 00:02:18,Rewards,The rewards experience is confusing.,neutral,5.14
906128,114565,2026-04-26 03:10:26,App Performance,The app feels slow and sometimes freezes.,negative,6.61
906129,121563,2026-04-17 21:51:27,App Performance,The app feels slow and sometimes freezes.,negative,2.63
906130,140157,2026-04-01 00:29:42,Account,I need help with my account.,neutral,0.95
906131,144129,2026-02-11 21:52:32,Account,I need help with my account.,neutral,5.35
906132,104273,2026-06-10 07:01:40,Payment Failure,My payment failed and I do not know why.,negative,8.99
906133,100007,2026-01-30 02:28:50,KYC Issues,I am unable to complete KYC document verification.,negative,9.92
906134,102146,2026-02-28 19:10:09,Payment Failure,My payment failed and I do not know why.,negative,4.47
906135,138974,2026-05-02 04:25:54,Account,I need help with my account.,neutral,7.67
906136,144231,2026-03-27 14:06:03,Account,I need help with my account.,neutral,14.63
906137,142714,2026-04-28 19:14:41,App Performance,The app feels slow and sometimes freezes.,negative,14.85
906138,101700,2026-05-13 19:06:56,Rewards,The rewards experience is confusing.,neutral,7.43
906139,139969,2026-06-30 23:59:59,Payment Failure,My payment failed and I do not know why.,negative,34.25
906140,138078,2026-04-16 06:21:13,KYC Issues,I am unable to complete KYC document verification.,negative,8.88
906141,139525,2026-05-14 21:01:15,Account,I need help with my account.,neutral,14.11
906142,144666,2026-06-16 14:51:24,KYC Issues,I am unable to complete KYC document verification.,negative,11.96
906143,135433,2026-03-30 01:27:13,KYC Issues,I am unable to complete KYC document verification.,negative,5.18
906144,123252,2026-05-07 04:30:20,Payment Failure,My payment failed and I do not know why.,negative,11.54
906145,127667,2026-02-19 21:54:51,App Performance,The app feels slow and sometimes freezes.,negative,14.89
906146,115551,2026-03-19 05:19:15,Account,I need help with my account.,neutral,2.64
906147,144078,2026-03-08 07:14:02,Account,I need help with my account.,neutral,0.85
906148,121957,2026-06-22 14:52:07,App Performance,The app feels slow and sometimes freezes.,negative,30.04
906149,133727,2026-02-06 13:21:28,App Performance,The app feels slow and sometimes freezes.,negative,14.03
906150,115672,2026-02-17 12:23:45,App Performance,The app feels slow and sometimes freezes.,negative,5.17
906151,148106,2026-02-27 16:32:31,KYC Issues,I am unable to complete KYC document verification.,negative,4.47
906152,107133,2026-05-08 12:45:21,App Performance,The app feels slow and sometimes freezes.,negative,5.1
906153,126992,2026-05-11 18:18:36,Account,I need help with my account.,neutral,9.83
906154,140306,2026-03-17 14:16:48,Payment Failure,My payment failed and I do not know why.,negative,10.56
906155,128051,2026-06-30 23:59:59,KYC Issues,I am unable to complete KYC document verification.,negative,3.89
906156,103456,2026-06-26 01:51:10,Rewards,The rewards experience is confusing.,neutral,9.76
906157,120513,2026-06-04 12:01:51,Account,I need help with my account.,neutral,13.18
906158,102736,2026-04-10 03:44:38,Account,I need help with my account.,neutral,3.1
906159,119720,2026-06-30 23:59:59,Rewards,The rewards experience is confusing.,neutral,22.92
906160,133138,2026-04-25 06:19:05,KYC Issues,I am unable to complete KYC document verification.,negative,24.1
906161,139220,2026-02-25 23:48:34,App Performance,The app feels slow and sometimes freezes.,negative,10.72
906162,103215,2026-02-22 14:55:22,App Performance,The app feels slow and sometimes freezes.,negative,27.41
906163,146554,2026-02-19 14:18:37,Account,I need help with my account.,neutral,7.14
906164,107639,2026-05-25 14:45:16,App Performance,The app feels slow and sometimes freezes.,negative,3.53
906165,130743,2026-05-15 01:54:07,Payment Failure,My payment failed and I do not know why.,negative,11.78
906166,117689,2026-01-13 07:33:31,Account,I need help with my account.,neutral,11.74
906167,147204,2026-04-24 07:21:09,Payment Failure,My payment failed and I do not know why.,negative,2.85
906168,116659,2026-01-21 12:27:58,App Performance,The app feels slow and sometimes freezes.,negative,11.83
906169,101722,2026-04-27 14:51:51,KYC Issues,I am unable to complete KYC document verification.,negative,20.31
906170,138513,2026-02-23 17:24:52,KYC Issues,I am unable to complete KYC document verification.,negative,3.79
906171,106434,2026-02-18 05:08:10,KYC Issues,I am unable to complete KYC document verification.,negative,5.54
906172,127061,2026-01-31 05:38:39,App Performance,The app feels slow and sometimes freezes.,negative,9.74
906173,126727,2026-02-12 19:47:43,Account,I need help with my account.,neutral,7.1
906174,118755,2026-01-22 17:47:23,Payment Failure,My payment failed and I do not know why.,negative,4.45
906175,120278,2026-04-16 23:19:45,Rewards,The rewards experience is confusing.,neutral,9.06
906176,132379,2026-04-05 13:22:12,Payment Failure,My payment failed and I do not know why.,negative,8.22
906177,102095,2026-06-12 10:04:51,Payment Failure,My payment failed and I do not know why.,negative,2.91
906178,122030,2026-03-28 03:58:49,Account,I need help with my account.,neutral,7.48
906179,114939,2026-05-29 14:04:56,App Performance,The app feels slow and sometimes freezes.,negative,7.32
906180,106030,2026-04-26 20:00:17,Rewards,The rewards experience is confusing.,neutral,8.15
906181,101865,2026-06-03 10:04:40,Rewards,The rewards experience is confusing.,neutral,19.43
906182,108351,2026-06-23 19:49:31,Rewards,The rewards experience is confusing.,neutral,9.98
906183,147282,2026-04-19 17:34:50,Payment Failure,My payment failed and I do not know why.,negative,2.82
906184,130206,2026-02-03 01:30:35,Payment Failure,My payment failed and I do not know why.,negative,7.05
906185,124050,2026-02-27 04:33:37,Payment Failure,My payment failed and I do not know why.,negative,28.5
906186,106995,2026-06-02 21:12:47,App Performance,The app feels slow and sometimes freezes.,negative,6.2
906187,124030,2026-02-26 18:12:06,Account,I need help with my account.,neutral,3.91
906188,127296,2026-04-27 00:42:57,Account,I need help with my account.,neutral,13.14
906189,114936,2026-06-16 09:55:27,Account,I need help with my account.,neutral,16.8
906190,106133,2026-05-07 04:44:58,Payment Failure,My payment failed and I do not know why.,negative,16.44
906191,122646,2026-03-18 14:07:38,App Performance,The app feels slow and sometimes freezes.,negative,25.62
906192,101403,2026-02-26 13:15:05,Account,I need help with my account.,neutral,2.93
906193,100537,2026-02-17 18:02:33,Rewards,The rewards experience is confusing.,neutral,6.91
906194,105823,2026-06-13 17:51:01,KYC Issues,I am unable to complete KYC document verification.,negative,4.64
906195,106349,2026-02-21 12:26:12,Payment Failure,My payment failed and I do not know why.,negative,5.05
906196,148292,2026-06-10 21:37:29,Payment Failure,My payment failed and I do not know why.,negative,14.12
906197,148713,2026-02-22 12:01:09,Rewards,The rewards experience is confusing.,neutral,11.44
906198,108544,2026-03-17 13:34:43,Payment Failure,My payment failed and I do not know why.,negative,0.99
906199,119999,2026-02-19 16:25:05,App Performance,The app feels slow and sometimes freezes.,negative,13.25
906200,138048,2026-05-02 17:13:51,Account,I need help with my account.,neutral,9.76
906201,107545,2026-04-13 07:04:58,Payment Failure,My payment failed and I do not know why.,negative,4.43
906202,101994,2026-04-14 16:40:43,App Performance,The app feels slow and sometimes freezes.,negative,7.89
906203,132539,2026-02-12 22:20:10,Rewards,The rewards experience is confusing.,neutral,8.7
906204,126411,2026-03-01 10:54:53,Payment Failure,My payment failed and I do not know why.,negative,17.15
906205,141146,2026-06-30 23:59:59,Rewards,The rewards experience is confusing.,neutral,8.33
906206,106779,2026-01-29 11:58:39,Account,I need help with my account.,neutral,14.35
906207,105378,2026-04-24 04:44:24,Rewards,The rewards experience is confusing.,neutral,14.64
906208,102400,2026-03-10 15:40:15,KYC Issues,I am unable to complete KYC document verification.,negative,5.5
906209,143610,2026-05-28 12:32:49,KYC Issues,I am unable to complete KYC document verification.,negative,3.35
906210,132147,2026-06-30 23:59:59,Payment Failure,My payment failed and I do not know why.,negative,6.58
906211,125878,2026-05-23 19:57:49,Payment Failure,My payment failed and I do not know why.,negative,7.74
906212,107101,2026-03-19 22:55:04,App Performance,The app feels slow and sometimes freezes.,negative,11.77
906213,126736,2026-01-25 05:40:05,Rewards,The rewards experience is confusing.,neutral,1.55
906214,123423,2026-06-19 14:14:15,Account,I need help with my account.,neutral,0.73
906215,139663,2026-02-06 18:15:55,Payment Failure,My payment failed and I do not know why.,negative,8.33
906216,137223,2026-05-28 21:56:06,Rewards,The rewards experience is confusing.,neutral,1.59
906217,149507,2026-05-09 10:09:32,KYC Issues,I am unable to complete KYC document verification.,negative,9.64
906218,106157,2026-03-14 17:49:43,KYC Issues,I am unable to complete KYC document verification.,negative,9.1
906219,102299,2026-02-02 08:12:45,Payment Failure,My payment failed and I do not know why.,negative,2.64
906220,125669,2026-02-19 17:22:29,App Performance,The app feels slow and sometimes freezes.,negative,11.33
906221,127094,2026-01-26 23:33:23,Account,I need help with my account.,neutral,2.03
906222,106047,2026-05-23 10:12:59,Rewards,The rewards experience is confusing.,neutral,6.94
906223,136550,2026-03-29 08:12:15,App Performance,The app feels slow and sometimes freezes.,negative,2.47
906224,126281,2026-06-30 23:59:59,Account,I need help with my account.,neutral,7.27
906225,104266,2026-01-29 20:35:27,App Performance,The app feels slow and sometimes freezes.,negative,15.32
906226,139384,2026-02-15 13:25:08,Account,I need help with my account.,neutral,5.14
906227,113543,2026-04-24 02:11:15,Payment Failure,My payment failed and I do not know why.,negative,4.47
906228,138804,2026-02-19 02:20:50,Account,I need help with my account.,neutral,9.96
906229,104166,2026-03-16 23:28:08,KYC Issues,I am unable to complete KYC document verification.,negative,14.54
906230,126064,2026-02-19 12:16:50,App Performance,The app feels slow and sometimes freezes.,negative,6.71
906231,110630,2026-06-24 14:16:07,Rewards,The rewards experience is confusing.,neutral,11.28
906232,137174,2026-02-28 22:13:44,App Performance,The app feels slow and sometimes freezes.,negative,6.1
906233,101957,2026-02-16 18:55:22,Rewards,The rewards experience is confusing.,neutral,10.97
906234,116672,2026-05-09 20:25:29,App Performance,The app feels slow and sometimes freezes.,negative,3.68
906235,134036,2026-04-11 22:31:52,Payment Failure,My payment failed and I do not know why.,negative,4.12
906236,128417,2026-06-30 23:59:59,Account,I need help with my account.,neutral,4.87
906237,101732,2026-06-18 13:36:46,Account,I need help with my account.,neutral,12.19
906238,125765,2026-03-15 06:20:46,Rewards,The rewards experience is confusing.,neutral,8.43
906239,131641,2026-06-09 08:25:36,Account,I need help with my account.,neutral,0.77
906240,107782,2026-02-09 23:14:39,Account,I need help with my account.,neutral,5.58
906241,119962,2026-04-01 04:14:00,KYC Issues,I am unable to complete KYC document verification.,negative,9.36
906242,132534,2026-03-17 16:54:38,App Performance,The app feels slow and sometimes freezes.,negative,7.07
906243,119194,2026-04-17 02:05:22,App Performance,The app feels slow and sometimes freezes.,negative,15.4
906244,118961,2026-05-17 22:58:33,KYC Issues,I am unable to complete KYC document verification.,negative,12.05
906245,135364,2026-06-30 06:13:52,KYC Issues,I am unable to complete KYC document verification.,negative,7.58
906246,138319,2026-02-02 00:39:51,Account,I need help with my account.,neutral,7.71
906247,123752,2026-03-21 09:18:44,Account,I need help with my account.,neutral,2.02
906248,130259,2026-02-15 10:31:35,KYC Issues,I am unable to complete KYC document verification.,negative,3.27
906249,108114,2026-02-27 18:41:48,Account,I need help with my account.,neutral,2.24
906250,148563,2026-03-15 10:49:50,Payment Failure,My payment failed and I do not know why.,negative,5.8
906251,110792,2026-02-03 18:15:17,App Performance,The app feels slow and sometimes freezes.,negative,2.08
906252,132835,2026-06-21 07:36:13,KYC Issues,I am unable to complete KYC document verification.,negative,9.54
906253,125057,2026-05-18 21:14:10,Payment Failure,My payment failed and I do not know why.,negative,5.79
906254,141777,2026-06-30 23:59:59,KYC Issues,I am unable to complete KYC document verification.,negative,5.87
906255,131982,2026-03-12 02:43:44,Account,I need help with my account.,neutral,7.36
906256,108195,2026-01-11 08:20:23,Rewards,The rewards experience is confusing.,neutral,1.87
906257,133192,2026-06-03 07:02:49,Payment Failure,My payment failed and I do not know why.,negative,7.75
906258,114382,2026-04-22 20:32:03,App Performance,The app feels slow and sometimes freezes.,negative,10.44
906259,140921,2026-05-25 21:21:43,Rewards,The rewards experience is confusing.,neutral,14.79
906260,107235,2026-06-04 19:42:57,Rewards,The rewards experience is confusing.,neutral,17.32
906261,126989,2026-02-22 23:49:30,App Performance,The app feels slow and sometimes freezes.,negative,1.64
906262,110070,2026-06-24 18:41:12,Payment Failure,My payment failed and I do not know why.,negative,3.61
906263,132281,2026-05-14 04:23:57,KYC Issues,I am unable to complete KYC document verification.,negative,1.75
906264,135075,2026-01-28 17:42:36,App Performance,The app feels slow and sometimes freezes.,negative,9.45
906265,134185,2026-02-09 19:04:34,KYC Issues,I am unable to complete KYC document verification.,negative,8.42
906266,129580,2026-03-08 04:37:35,KYC Issues,I am unable to complete KYC document verification.,negative,6.05
906267,142111,2026-06-24 13:00:15,Account,I need help with my account.,neutral,12.32
906268,131145,2026-06-25 16:46:54,KYC Issues,I am unable to complete KYC document verification.,negative,3.88
906269,101167,2026-06-30 23:59:59,KYC Issues,I am unable to complete KYC document verification.,negative,8.8
906270,149835,2026-02-18 07:05:29,App Performance,The app feels slow and sometimes freezes.,negative,12.6
906271,135301,2026-01-15 10:35:00,Account,I need help with my account.,neutral,3.52
906272,137354,2026-02-23 14:48:59,Rewards,The rewards experience is confusing.,neutral,30.91
906273,148204,2026-06-05 15:40:20,Rewards,The rewards experience is confusing.,neutral,10.34
906274,147543,2026-03-11 02:36:41,Payment Failure,My payment failed and I do not know why.,negative,13.72
906275,129854,2026-01-20 08:58:15,KYC Issues,I am unable to complete KYC document verification.,negative,3.78
906276,137188,2026-05-03 09:16:08,Payment Failure,My payment failed and I do not know why.,negative,2.37
906277,132391,2026-06-10 21:06:59,Rewards,The rewards experience is confusing.,neutral,4.18
906278,117272,2026-03-01 10:32:52,Account,I need help with my account.,neutral,7.75
906279,122931,2026-01-19 06:56:26,Rewards,The rewards experience is confusing.,neutral,3.67
906280,144195,2026-05-18 13:34:05,Payment Failure,My payment failed and I do not know why.,negative,12.72
906281,136809,2026-01-18 06:04:25,Account,I need help with my account.,neutral,5.3
906282,126795,2026-04-12 11:08:29,Payment Failure,My payment failed and I do not know why.,negative,1.99
906283,102270,2026-03-16 15:28:13,Payment Failure,My payment failed and I do not know why.,negative,8.93
906284,123692,2026-03-22 22:07:01,Rewards,The rewards experience is confusing.,neutral,5.62
906285,128538,2026-04-14 05:22:53,Account,I need help with my account.,neutral,13.0
906286,102446,2026-01-20 09:54:21,App Performance,The app feels slow and sometimes freezes.,negative,2.54
906287,123183,2026-06-14 14:56:14,App Performance,The app feels slow and sometimes freezes.,negative,7.56
906288,124070,2026-03-11 10:05:08,KYC Issues,I am unable to complete KYC document verification.,negative,4.49
906289,121848,2026-02-25 17:24:12,Payment Failure,My payment failed and I do not know why.,negative,2.39
906290,124758,2026-06-30 23:59:59,Payment Failure,My payment failed and I do not know why.,negative,9.39
906291,117984,2026-06-14 12:59:58,App Performance,The app feels slow and sometimes freezes.,negative,17.39
906292,119304,2026-04-28 21:21:29,KYC Issues,I am unable to complete KYC document verification.,negative,4.7
906293,118277,2026-02-10 20:40:01,App Performance,The app feels slow and sometimes freezes.,negative,5.76
906294,147516,2026-06-12 12:22:20,Payment Failure,My payment failed and I do not know why.,negative,14.07
906295,105408,2026-05-21 03:04:18,Account,I need help with my account.,neutral,13.05
906296,102349,2026-03-13 13:47:25,KYC Issues,I am unable to complete KYC document verification.,negative,8.81
906297,126361,2026-05-19 01:04:24,Payment Failure,My payment failed and I do not know why.,negative,5.21
906298,145209,2026-05-03 04:10:45,Payment Failure,My payment failed and I do not know why.,negative,5.22
906299,116508,2026-05-05 22:38:41,KYC Issues,I am unable to complete KYC document verification.,negative,9.87
906300,133746,2026-04-01 12:58:35,Rewards,The rewards experience is confusing.,neutral,15.69
906301,127990,2026-03-13 04:13:13,KYC Issues,I am unable to complete KYC document verification.,negative,4.14
906302,132366,2026-04-12 08:43:45,Account,I need help with my account.,neutral,14.94
906303,109225,2026-06-25 05:27:55,Rewards,The rewards experience is confusing.,neutral,4.36
906304,108371,2026-06-30 23:59:59,Rewards,The rewards experience is confusing.,neutral,16.65
906305,146801,2026-02-01 12:59:58,Account,I need help with my account.,neutral,8.84
906306,139142,2026-05-11 04:01:18,KYC Issues,I am unable to complete KYC document verification.,negative,2.04
906307,109770,2026-04-24 07:40:13,App Performance,The app feels slow and sometimes freezes.,negative,3.16
906308,131272,2026-05-26 09:28:53,Payment Failure,My payment failed and I do not know why.,negative,7.41
906309,109556,2026-02-21 09:59:43,Payment Failure,My payment failed and I do not know why.,negative,11.48
906310,133646,2026-06-09 08:35:10,KYC Issues,I am unable to complete KYC document verification.,negative,13.81
906311,135138,2026-05-11 11:50:39,Rewards,The rewards experience is confusing.,neutral,30.96
906312,122861,2026-02-22 13:10:42,App Performance,The app feels slow and sometimes freezes.,negative,1.69
906313,107896,2026-06-30 23:59:59,Rewards,The rewards experience is confusing.,neutral,0.37
906314,134964,2026-04-15 22:26:49,Account,I need help with my account.,neutral,33.3
906315,138174,2026-03-11 09:39:25,Account,I need help with my account.,neutral,15.9
906316,101789,2026-06-20 13:37:38,Rewards,The rewards experience is confusing.,neutral,3.51
906317,126477,2026-04-07 00:35:32,KYC Issues,I am unable to complete KYC document verification.,negative,15.23
906318,132996,2026-06-02 04:25:10,Payment Failure,My payment failed and I do not know why.,negative,4.73
906319,100893,2026-05-27 01:15:18,App Performance,The app feels slow and sometimes freezes.,negative,10.78
906320,114721,2026-01-29 04:31:38,KYC Issues,I am unable to complete KYC document verification.,negative,1.87
906321,131572,2026-03-01 19:04:23,Payment Failure,My payment failed and I do not know why.,negative,10.79
906322,106736,2026-05-08 22:51:58,Rewards,The rewards experience is confusing.,neutral,9.84
906323,138671,2026-06-30 23:59:59,KYC Issues,I am unable to complete KYC document verification.,negative,13.37
906324,118431,2026-03-18 22:18:37,Payment Failure,My payment failed and I do not know why.,negative,21.93
906325,118538,2026-01-23 20:30:56,Account,I need help with my account.,neutral,3.15
906326,100431,2026-06-02 19:33:58,Payment Failure,My payment failed and I do not know why.,negative,18.06
906327,125628,2026-02-20 05:37:34,Account,I need help with my account.,neutral,7.06
906328,111190,2026-03-29 17:10:23,App Performance,The app feels slow and sometimes freezes.,negative,4.8
906329,112709,2026-03-13 03:41:12,Payment Failure,My payment failed and I do not know why.,negative,16.29
906330,109739,2026-04-24 05:10:12,KYC Issues,I am unable to complete KYC document verification.,negative,3.83
906331,148874,2026-01-20 19:37:29,Account,I need help with my account.,neutral,13.88
906332,112031,2026-04-26 22:33:08,Account,I need help with my account.,neutral,3.1
906333,132823,2026-01-26 08:12:36,KYC Issues,I am unable to complete KYC document verification.,negative,4.03
906334,149637,2026-05-20 13:43:41,Account,I need help with my account.,neutral,7.58
906335,101617,2026-06-30 23:59:59,KYC Issues,I am unable to complete KYC document verification.,negative,9.76
906336,102865,2026-06-30 04:28:17,Payment Failure,My payment failed and I do not know why.,negative,17.82
906337,100253,2026-02-28 08:11:32,Account,I need help with my account.,neutral,6.11
906338,107965,2026-04-14 09:15:15,App Performance,The app feels slow and sometimes freezes.,negative,18.75
906339,127816,2026-05-05 12:00:32,Rewards,The rewards experience is confusing.,neutral,8.32
906340,100677,2026-02-11 21:15:12,Payment Failure,My payment failed and I do not know why.,negative,2.37
906341,107097,2026-04-26 17:11:46,Payment Failure,My payment failed and I do not know why.,negative,24.23
906342,144810,2026-06-24 03:28:52,KYC Issues,I am unable to complete KYC document verification.,negative,14.8
906343,110874,2026-04-26 06:40:25,Payment Failure,My payment failed and I do not know why.,negative,16.86
906344,140078,2026-05-14 14:37:54,Rewards,The rewards experience is confusing.,neutral,5.75
906345,116530,2026-05-10 12:08:47,Rewards,The rewards experience is confusing.,neutral,3.91
906346,115983,2026-02-25 22:00:04,Account,I need help with my account.,neutral,4.32
906347,148975,2026-06-08 16:26:38,Payment Failure,My payment failed and I do not know why.,negative,0.64
906348,101671,2026-05-31 20:33:22,KYC Issues,I am unable to complete KYC document verification.,negative,12.47
906349,124274,2026-01-16 14:24:56,KYC Issues,I am unable to complete KYC document verification.,negative,3.15
906350,114274,2026-01-15 21:02:39,Payment Failure,My payment failed and I do not know why.,negative,8.04
906351,110613,2026-06-30 23:59:59,KYC Issues,I am unable to complete KYC document verification.,negative,0.54
906352,102645,2026-06-15 02:52:01,App Performance,The app feels slow and sometimes freezes.,negative,11.64
906353,119388,2026-02-23 10:31:38,KYC Issues,I am unable to complete KYC document verification.,negative,7.58
906354,113572,2026-03-27 10:55:11,Account,I need help with my account.,neutral,2.26
906355,132648,2026-02-20 04:37:34,Account,I need help with my account.,neutral,6.55
906356,114425,2026-06-24 10:15:31,KYC Issues,I am unable to complete KYC document verification.,negative,22.89
906357,130951,2026-03-17 14:19:52,Payment Failure,My payment failed and I do not know why.,negative,1.51
906358,108297,2026-05-07 04:21:37,App Performance,The app feels slow and sometimes freezes.,negative,8.6
906359,117051,2026-04-17 14:23:53,Payment Failure,My payment failed and I do not know why.,negative,5.4
906360,120905,2026-01-30 05:30:57,App Performance,The app feels slow and sometimes freezes.,negative,4.0
906361,117916,2026-05-22 06:57:41,KYC Issues,I am unable to complete KYC document verification.,negative,10.81
906362,144944,2026-06-30 23:59:59,Payment Failure,My payment failed and I do not know why.,negative,14.25
906363,142549,2026-06-30 23:59:59,KYC Issues,I am unable to complete KYC document verification.,negative,5.42
906364,148169,2026-03-23 06:55:49,KYC Issues,I am unable to complete KYC document verification.,negative,1.14
906365,138902,2026-02-28 04:09:36,KYC Issues,I am unable to complete KYC document verification.,negative,22.51
906366,109023,2026-06-30 23:59:59,KYC Issues,I am unable to complete KYC document verification.,negative,9.13
906367,108756,2026-06-15 09:43:19,Payment Failure,My payment failed and I do not know why.,negative,2.0
906368,110596,2026-06-30 23:59:59,Account,I need help with my account.,neutral,2.14
906369,144398,2026-06-23 13:33:18,Payment Failure,My payment failed and I do not know why.,negative,3.43
906370,146146,2026-02-16 05:32:39,Payment Failure,My payment failed and I do not know why.,negative,2.74
906371,134928,2026-06-18 22:52:28,App Performance,The app feels slow and sometimes freezes.,negative,21.6
906372,138308,2026-04-09 13:53:19,Payment Failure,My payment failed and I do not know why.,negative,14.35
906373,139601,2026-04-10 11:35:21,KYC Issues,I am unable to complete KYC document verification.,negative,24.1
906374,121042,2026-04-30 01:57:26,KYC Issues,I am unable to complete KYC document verification.,negative,6.16
906375,134635,2026-05-10 11:14:20,Payment Failure,My payment failed and I do not know why.,negative,8.24
906376,129400,2026-06-30 23:59:59,App Performance,The app feels slow and sometimes freezes.,negative,34.16
906377,113427,2026-02-28 00:21:08,Account,I need help with my account.,neutral,6.33
906378,122765,2026-04-09 08:54:15,App Performance,The app feels slow and sometimes freezes.,negative,7.93
906379,129454,2026-03-27 22:02:32,KYC Issues,I am unable to complete KYC document verification.,negative,5.05
906380,124305,2026-02-08 01:47:43,KYC Issues,I am unable to complete KYC document verification.,negative,10.1
906381,137750,2026-03-05 09:23:42,KYC Issues,I am unable to complete KYC document verification.,negative,11.87
906382,144478,2026-05-09 16:32:11,KYC Issues,I am unable to complete KYC document verification.,negative,6.22
906383,147525,2026-04-02 20:45:49,App Performance,The app feels slow and sometimes freezes.,negative,6.59
906384,123771,2026-06-14 09:38:38,Payment Failure,My payment failed and I do not know why.,negative,23.42
906385,118222,2026-05-12 03:58:38,App Performance,The app feels slow and sometimes freezes.,negative,3.57
906386,124222,2026-05-23 21:50:08,Account,I need help with my account.,neutral,6.69
906387,118107,2026-03-03 21:05:45,KYC Issues,I am unable to complete KYC document verification.,negative,2.28
906388,101054,2026-06-26 18:20:44,App Performance,The app feels slow and sometimes freezes.,negative,25.7
906389,116357,2026-03-05 18:52:43,App Performance,The app feels slow and sometimes freezes.,negative,5.23
906390,100867,2026-04-02 11:51:01,Payment Failure,My payment failed and I do not know why.,negative,2.16
906391,101975,2026-03-23 02:20:58,KYC Issues,I am unable to complete KYC document verification.,negative,13.36
906392,145842,2026-03-04 01:27:46,Account,I need help with my account.,neutral,14.31
906393,104072,2026-06-10 07:02:34,Rewards,The rewards experience is confusing.,neutral,4.05
906394,148784,2026-05-09 19:33:29,Payment Failure,My payment failed and I do not know why.,negative,6.29
906395,142654,2026-05-25 20:20:44,KYC Issues,I am unable to complete KYC document verification.,negative,5.5
906396,109804,2026-04-08 07:02:10,KYC Issues,I am unable to complete KYC document verification.,negative,10.52
906397,121994,2026-05-25 17:11:57,Payment Failure,My payment failed and I do not know why.,negative,16.85
906398,116232,2026-02-19 20:17:44,Payment Failure,My payment failed and I do not know why.,negative,6.74
906399,148492,2026-06-05 22:01:36,Account,I need help with my account.,neutral,14.16
906400,120559,2026-04-03 02:54:42,Payment Failure,My payment failed and I do not know why.,negative,3.31
906401,113470,2026-03-23 18:45:05,Payment Failure,My payment failed and I do not know why.,negative,13.64
906402,144367,2026-03-12 12:09:10,Account,I need help with my account.,neutral,5.88
906403,105735,2026-06-23 10:25:20,App Performance,The app feels slow and sometimes freezes.,negative,7.71
906404,118458,2026-06-03 13:20:19,KYC Issues,I am unable to complete KYC document verification.,negative,3.96
906405,114792,2026-02-14 19:49:14,App Performance,The app feels slow and sometimes freezes.,negative,14.08
906406,145466,2026-06-30 23:59:59,Rewards,The rewards experience is confusing.,neutral,9.69
906407,132689,2026-03-11 13:27:13,Payment Failure,My payment failed and I do not know why.,negative,2.73
906408,110290,2026-03-16 23:54:18,App Performance,The app feels slow and sometimes freezes.,negative,4.65
906409,146323,2026-05-01 10:16:40,App Performance,The app feels slow and sometimes freezes.,negative,31.71
906410,138920,2026-04-30 07:45:24,Account,I need help with my account.,neutral,7.27
906411,132415,2026-01-17 05:48:55,App Performance,The app feels slow and sometimes freezes.,negative,5.14
906412,147060,2026-04-26 09:08:55,App Performance,The app feels slow and sometimes freezes.,negative,11.07
906413,148277,2026-03-18 22:59:02,Payment Failure,My payment failed and I do not know why.,negative,0.42
906414,110942,2026-03-08 09:06:43,Payment Failure,My payment failed and I do not know why.,negative,12.72
906415,130905,2026-02-13 00:30:38,Payment Failure,My payment failed and I do not know why.,negative,4.5
906416,112476,2026-02-18 16:52:13,Rewards,The rewards experience is confusing.,neutral,6.9
906417,118068,2026-06-24 08:14:01,KYC Issues,I am unable to complete KYC document verification.,negative,3.99
906418,115591,2026-06-01 18:47:10,Rewards,The rewards experience is confusing.,neutral,4.55
906419,136068,2026-04-15 06:57:05,App Performance,The app feels slow and sometimes freezes.,negative,12.93
906420,129236,2026-05-06 03:02:47,Rewards,The rewards experience is confusing.,neutral,31.85
906421,137977,2026-06-15 18:08:09,KYC Issues,I am unable to complete KYC document verification.,negative,9.19
906422,118598,2026-02-14 13:15:30,Account,I need help with my account.,neutral,27.12
906423,122216,2026-02-14 16:19:33,Account,I need help with my account.,neutral,35.07
906424,125019,2026-03-21 17:22:47,Payment Failure,My payment failed and I do not know why.,negative,10.37
906425,109668,2026-03-19 20:26:15,Payment Failure,My payment failed and I do not know why.,negative,6.17
906426,100533,2026-03-11 12:45:51,KYC Issues,I am unable to complete KYC document verification.,negative,6.69
906427,137226,2026-06-12 00:14:06,Rewards,The rewards experience is confusing.,neutral,7.05
906428,100687,2026-04-18 10:40:23,KYC Issues,I am unable to complete KYC document verification.,negative,10.96
906429,139187,2026-05-27 04:05:46,KYC Issues,I am unable to complete KYC document verification.,negative,22.26
906430,126327,2026-03-10 13:51:28,Payment Failure,My payment failed and I do not know why.,negative,2.9
906431,116896,2026-04-11 02:11:35,Account,I need help with my account.,neutral,7.09
906432,118105,2026-02-15 16:01:52,Account,I need help with my account.,neutral,9.92
906433,146170,2026-03-18 11:27:00,App Performance,The app feels slow and sometimes freezes.,negative,20.54
906434,141136,2026-02-17 01:00:57,Account,I need help with my account.,neutral,10.19
906435,104700,2026-06-06 16:35:42,KYC Issues,I am unable to complete KYC document verification.,negative,4.09
906436,107183,2026-05-18 10:07:23,Payment Failure,My payment failed and I do not know why.,negative,3.34
906437,144182,2026-06-02 10:24:19,Account,I need help with my account.,neutral,2.23
906438,146338,2026-05-25 07:57:23,Payment Failure,My payment failed and I do not know why.,negative,11.49
906439,106435,2026-02-03 19:25:33,App Performance,The app feels slow and sometimes freezes.,negative,7.09
906440,100625,2026-02-28 20:12:04,Payment Failure,My payment failed and I do not know why.,negative,6.31
906441,143997,2026-04-07 00:17:08,App Performance,The app feels slow and sometimes freezes.,negative,19.55
906442,122590,2026-03-19 05:49:49,Rewards,The rewards experience is confusing.,neutral,5.04
906443,114362,2026-02-01 08:36:04,KYC Issues,I am unable to complete KYC document verification.,negative,15.02
906444,142684,2026-05-21 07:58:46,Payment Failure,My payment failed and I do not know why.,negative,5.55
906445,128071,2026-03-28 08:27:35,KYC Issues,I am unable to complete KYC document verification.,negative,3.54
906446,144832,2026-01-27 03:22:14,Rewards,The rewards experience is confusing.,neutral,7.09
906447,114934,2026-03-05 08:55:15,App Performance,The app feels slow and sometimes freezes.,negative,5.08
906448,100929,2026-04-12 17:09:52,Payment Failure,My payment failed and I do not know why.,negative,4.32
906449,147678,2026-01-02 08:15:27,KYC Issues,I am unable to complete KYC document verification.,negative,12.05
906450,103674,2026-05-28 22:59:47,Rewards,The rewards experience is confusing.,neutral,8.92
906451,109352,2026-03-15 15:56:07,Rewards,The rewards experience is confusing.,neutral,6.17
906452,124963,2026-06-29 03:18:14,KYC Issues,I am unable to complete KYC document verification.,negative,4.38
906453,144802,2026-06-19 03:08:39,App Performance,The app feels slow and sometimes freezes.,negative,12.95
906454,135195,2026-02-12 11:39:20,KYC Issues,I am unable to complete KYC document verification.,negative,3.03
906455,105538,2026-04-23 21:33:22,Payment Failure,My payment failed and I do not know why.,negative,0.51
906456,122963,2026-01-23 03:26:28,Payment Failure,My payment failed and I do not know why.,negative,0.36
906457,122318,2026-01-19 19:16:29,Account,I need help with my account.,neutral,4.45
906458,100500,2026-02-17 11:14:21,Account,I need help with my account.,neutral,11.4
906459,109026,2026-06-26 09:02:14,KYC Issues,I am unable to complete KYC document verification.,negative,14.9
906460,125919,2026-03-01 06:20:02,KYC Issues,I am unable to complete KYC document verification.,negative,3.98
906461,148024,2026-02-20 00:57:06,Account,I need help with my account.,neutral,17.86
906462,116993,2026-05-17 23:30:00,KYC Issues,I am unable to complete KYC document verification.,negative,9.9
906463,125089,2026-05-08 19:42:13,KYC Issues,I am unable to complete KYC document verification.,negative,7.94
906464,105955,2026-02-10 03:53:25,Rewards,The rewards experience is confusing.,neutral,1.53
906465,106232,2026-05-24 08:08:19,Rewards,The rewards experience is confusing.,neutral,12.76
906466,139652,2026-04-01 04:34:27,App Performance,The app feels slow and sometimes freezes.,negative,13.34
906467,146291,2026-01-31 03:51:36,Rewards,The rewards experience is confusing.,neutral,20.14
906468,101674,2026-02-01 19:36:06,Payment Failure,My payment failed and I do not know why.,negative,7.33
906469,138270,2026-05-13 23:33:30,Account,I need help with my account.,neutral,14.44
906470,126968,2026-05-17 06:12:31,Payment Failure,My payment failed and I do not know why.,negative,7.95
906471,118036,2026-03-11 02:44:39,Rewards,The rewards experience is confusing.,neutral,4.17
906472,132412,2026-05-07 03:36:46,KYC Issues,I am unable to complete KYC document verification.,negative,11.02
906473,148528,2026-06-12 04:51:17,App Performance,The app feels slow and sometimes freezes.,negative,13.45
906474,145345,2026-02-26 21:38:17,KYC Issues,I am unable to complete KYC document verification.,negative,9.32
906475,118110,2026-02-13 08:05:51,Payment Failure,My payment failed and I do not know why.,negative,10.24
906476,120714,2026-04-12 10:18:29,App Performance,The app feels slow and sometimes freezes.,negative,11.65
906477,141772,2026-04-12 20:24:32,Rewards,The rewards experience is confusing.,neutral,3.65
906478,124380,2026-06-30 23:59:59,Payment Failure,My payment failed and I do not know why.,negative,3.64
906479,106652,2026-03-27 03:25:54,App Performance,The app feels slow and sometimes freezes.,negative,3.6
906480,113853,2026-05-19 18:03:23,Rewards,The rewards experience is confusing.,neutral,7.93
906481,143142,2026-01-19 00:35:31,KYC Issues,I am unable to complete KYC document verification.,negative,11.11
906482,113823,2026-02-28 15:34:37,App Performance,The app feels slow and sometimes freezes.,negative,14.5
906483,131484,2026-06-30 23:59:59,KYC Issues,I am unable to complete KYC document verification.,negative,10.46
906484,124423,2026-04-14 17:39:05,Rewards,The rewards experience is confusing.,neutral,6.85
906485,148073,2026-06-10 02:58:35,KYC Issues,I am unable to complete KYC document verification.,negative,4.68
906486,118492,2026-04-07 02:16:59,Account,I need help with my account.,neutral,13.4
906487,115712,2026-05-05 02:10:03,Rewards,The rewards experience is confusing.,neutral,21.55
906488,125013,2026-02-17 07:08:04,KYC Issues,I am unable to complete KYC document verification.,negative,10.93
906489,108060,2026-05-26 07:22:40,KYC Issues,I am unable to complete KYC document verification.,negative,0.64
906490,141760,2026-03-07 00:35:37,KYC Issues,I am unable to complete KYC document verification.,negative,16.73
906491,127785,2026-05-26 17:37:04,Rewards,The rewards experience is confusing.,neutral,19.55
906492,128066,2026-03-14 02:16:03,Payment Failure,My payment failed and I do not know why.,negative,14.09
906493,119114,2026-04-06 05:18:26,KYC Issues,I am unable to complete KYC document verification.,negative,15.64
906494,136630,2026-03-24 23:48:55,Payment Failure,My payment failed and I do not know why.,negative,4.1
906495,116498,2026-05-20 06:55:23,Payment Failure,My payment failed and I do not know why.,negative,2.47
906496,119708,2026-02-20 09:07:02,Rewards,The rewards experience is confusing.,neutral,3.66
906497,144357,2026-02-20 23:04:34,Payment Failure,My payment failed and I do not know why.,negative,9.46
906498,138298,2026-06-17 05:05:43,Account,I need help with my account.,neutral,6.88
906499,109200,2026-06-12 09:37:33,KYC Issues,I am unable to complete KYC document verification.,negative,3.69
906500,123928,2026-04-13 23:36:32,Payment Failure,My payment failed and I do not know why.,negative,10.29
906501,112679,2026-03-26 14:07:44,Account,I need help with my account.,neutral,3.59
906502,129696,2026-03-26 04:16:20,Payment Failure,My payment failed and I do not know why.,negative,14.38
906503,130186,2026-06-23 10:38:58,App Performance,The app feels slow and sometimes freezes.,negative,9.73
906504,111906,2026-02-21 19:26:00,Rewards,The rewards experience is confusing.,neutral,6.31
906505,117319,2026-05-13 13:19:02,Rewards,The rewards experience is confusing.,neutral,8.56
906506,118401,2026-06-17 01:47:48,KYC Issues,I am unable to complete KYC document verification.,negative,7.0
906507,120291,2026-06-05 14:55:44,Payment Failure,My payment failed and I do not know why.,negative,5.5
906508,112267,2026-06-05 22:50:37,Rewards,The rewards experience is confusing.,neutral,4.49
906509,102468,2026-01-30 21:01:17,Payment Failure,My payment failed and I do not know why.,negative,26.92
906510,132166,2026-02-28 00:39:29,KYC Issues,I am unable to complete KYC document verification.,negative,3.75
906511,100262,2026-02-24 01:36:27,App Performance,The app feels slow and sometimes freezes.,negative,11.73
906512,146832,2026-02-27 03:58:45,Payment Failure,My payment failed and I do not know why.,negative,10.85
906513,126238,2026-03-24 13:30:11,App Performance,The app feels slow and sometimes freezes.,negative,13.29
906514,130802,2026-02-24 03:43:56,KYC Issues,I am unable to complete KYC document verification.,negative,0.92
906515,140974,2026-03-12 22:36:38,Payment Failure,My payment failed and I do not know why.,negative,14.12
906516,118342,2026-03-02 15:50:03,Account,I need help with my account.,neutral,2.37
906517,135022,2026-03-14 07:29:09,App Performance,The app feels slow and sometimes freezes.,negative,3.56
906518,128057,2026-06-30 23:59:59,KYC Issues,I am unable to complete KYC document verification.,negative,6.64
906519,138951,2026-05-11 11:51:54,App Performance,The app feels slow and sometimes freezes.,negative,7.47
906520,111100,2026-03-31 20:17:24,App Performance,The app feels slow and sometimes freezes.,negative,2.29
906521,144661,2026-04-29 19:04:42,App Performance,The app feels slow and sometimes freezes.,negative,17.1
906522,119840,2026-05-05 22:57:17,KYC Issues,I am unable to complete KYC document verification.,negative,9.72
906523,142489,2026-03-23 16:34:46,Account,I need help with my account.,neutral,10.46
906524,126512,2026-02-16 12:29:19,KYC Issues,I am unable to complete KYC document verification.,negative,13.68
906525,112342,2026-05-10 06:25:35,Payment Failure,My payment failed and I do not know why.,negative,13.29
906526,108685,2026-05-02 04:03:46,Account,I need help with my account.,neutral,8.24
906527,120343,2026-06-13 17:02:28,Rewards,The rewards experience is confusing.,neutral,10.68
906528,136793,2026-06-30 23:59:59,Payment Failure,My payment failed and I do not know why.,negative,8.68
906529,137451,2026-02-20 18:28:11,Account,I need help with my account.,neutral,19.52
906530,131388,2026-02-03 23:01:54,KYC Issues,I am unable to complete KYC document verification.,negative,22.5
906531,135867,2026-06-13 02:01:14,Rewards,The rewards experience is confusing.,neutral,3.28
906532,147405,2026-03-31 23:45:39,App Performance,The app feels slow and sometimes freezes.,negative,11.8
906533,148432,2026-04-26 20:26:11,KYC Issues,I am unable to complete KYC document verification.,negative,10.03
906534,120079,2026-03-26 22:38:12,Payment Failure,My payment failed and I do not know why.,negative,4.81
906535,133115,2026-03-29 16:53:58,KYC Issues,I am unable to complete KYC document verification.,negative,3.2
906536,145647,2026-05-02 10:44:20,KYC Issues,I am unable to complete KYC document verification.,negative,20.78
906537,149909,2026-01-24 05:00:16,Rewards,The rewards experience is confusing.,neutral,16.46
906538,115579,2026-02-22 18:40:50,Account,I need help with my account.,neutral,7.1
906539,105855,2026-06-14 03:28:18,KYC Issues,I am unable to complete KYC document verification.,negative,8.0
906540,133580,2026-06-05 07:52:17,App Performance,The app feels slow and sometimes freezes.,negative,12.53
906541,108778,2026-05-30 11:06:01,KYC Issues,I am unable to complete KYC document verification.,negative,18.22
906542,118179,2026-05-26 06:38:39,KYC Issues,I am unable to complete KYC document verification.,negative,21.7
906543,145458,2026-02-02 21:41:38,Account,I need help with my account.,neutral,4.31
906544,132195,2026-03-04 18:26:26,Account,I need help with my account.,neutral,1.35
906545,117204,2026-04-23 02:48:16,Account,I need help with my account.,neutral,14.84
906546,109605,2026-04-01 00:34:05,KYC Issues,I am unable to complete KYC document verification.,negative,11.3
906547,142378,2026-04-08 06:59:26,Payment Failure,My payment failed and I do not know why.,negative,15.52
906548,126889,2026-03-28 02:21:58,KYC Issues,I am unable to complete KYC document verification.,negative,7.15
906549,109367,2026-03-18 14:38:21,Account,I need help with my account.,neutral,21.93
906550,140908,2026-05-09 14:35:47,Payment Failure,My payment failed and I do not know why.,negative,3.32
906551,138392,2026-02-15 04:57:10,KYC Issues,I am unable to complete KYC document verification.,negative,3.33
906552,130782,2026-04-07 11:19:32,App Performance,The app feels slow and sometimes freezes.,negative,13.64
906553,141040,2026-04-10 12:09:14,Rewards,The rewards experience is confusing.,neutral,1.36
906554,112264,2026-05-14 07:30:46,Account,I need help with my account.,neutral,6.93
906555,101034,2026-06-01 21:54:07,Payment Failure,My payment failed and I do not know why.,negative,13.25
906556,100594,2026-03-17 02:23:02,KYC Issues,I am unable to complete KYC document verification.,negative,13.19
906557,129891,2026-03-24 22:10:10,Payment Failure,My payment failed and I do not know why.,negative,26.16
906558,145257,2026-02-19 18:02:45,Payment Failure,My payment failed and I do not know why.,negative,1.37
906559,109680,2026-02-27 01:56:02,Account,I need help with my account.,neutral,7.49
906560,144500,2026-06-30 23:59:59,App Performance,The app feels slow and sometimes freezes.,negative,12.47
906561,116753,2026-04-20 12:03:53,Account,I need help with my account.,neutral,10.96
906562,108225,2026-04-22 12:45:29,KYC Issues,I am unable to complete KYC document verification.,negative,20.77
906563,132475,2026-02-15 14:53:45,KYC Issues,I am unable to complete KYC document verification.,negative,6.81
906564,121239,2026-05-27 00:05:12,KYC Issues,I am unable to complete KYC document verification.,negative,20.41
906565,112209,2026-02-02 16:31:04,Rewards,The rewards experience is confusing.,neutral,12.96
906566,134466,2026-04-07 18:12:02,Payment Failure,My payment failed and I do not know why.,negative,6.61
906567,127555,2026-02-07 09:41:28,App Performance,The app feels slow and sometimes freezes.,negative,16.48
906568,137097,2026-01-16 07:51:48,Payment Failure,My payment failed and I do not know why.,negative,9.28
906569,111735,2026-02-21 08:11:25,KYC Issues,I am unable to complete KYC document verification.,negative,10.64
906570,134770,2026-04-10 17:31:57,Payment Failure,My payment failed and I do not know why.,negative,13.0
906571,107452,2026-02-22 14:59:39,KYC Issues,I am unable to complete KYC document verification.,negative,9.29
906572,140345,2026-06-02 07:17:59,App Performance,The app feels slow and sometimes freezes.,negative,4.6
906573,131113,2026-05-22 20:18:48,Rewards,The rewards experience is confusing.,neutral,22.05
906574,102917,2026-04-14 07:42:37,App Performance,The app feels slow and sometimes freezes.,negative,21.02
906575,105605,2026-03-02 11:18:17,Payment Failure,My payment failed and I do not know why.,negative,5.46
906576,121127,2026-04-30 10:05:11,KYC Issues,I am unable to complete KYC document verification.,negative,0.61
906577,101292,2026-01-18 14:47:47,Payment Failure,My payment failed and I do not know why.,negative,11.96
906578,103429,2026-05-02 12:54:49,Account,I need help with my account.,neutral,12.58
906579,104767,2026-01-16 07:45:35,Payment Failure,My payment failed and I do not know why.,negative,7.41
906580,121146,2026-06-17 13:12:09,Account,I need help with my account.,neutral,4.55
906581,138280,2026-05-05 11:37:52,KYC Issues,I am unable to complete KYC document verification.,negative,5.66
906582,100874,2026-04-15 00:36:59,Payment Failure,My payment failed and I do not know why.,negative,9.93
906583,127566,2026-05-16 09:09:29,Rewards,The rewards experience is confusing.,neutral,9.08
906584,137150,2026-03-13 07:01:59,KYC Issues,I am unable to complete KYC document verification.,negative,7.8
906585,104538,2026-04-26 22:39:30,Account,I need help with my account.,neutral,25.4
906586,135622,2026-02-02 10:06:47,KYC Issues,I am unable to complete KYC document verification.,negative,4.42
906587,101820,2026-03-21 06:05:16,App Performance,The app feels slow and sometimes freezes.,negative,5.04
906588,141602,2026-05-05 02:34:17,Account,I need help with my account.,neutral,13.36
906589,115017,2026-04-28 22:07:32,Payment Failure,My payment failed and I do not know why.,negative,4.14
906590,147521,2026-06-16 13:07:41,Account,I need help with my account.,neutral,17.57
906591,128788,2026-05-24 19:05:04,KYC Issues,I am unable to complete KYC document verification.,negative,3.63
906592,102023,2026-06-27 15:37:09,KYC Issues,I am unable to complete KYC document verification.,negative,7.16
906593,145653,2026-04-19 07:39:38,Rewards,The rewards experience is confusing.,neutral,7.8
906594,148318,2026-04-20 13:26:53,KYC Issues,I am unable to complete KYC document verification.,negative,6.15
906595,130257,2026-01-20 08:46:52,Payment Failure,My payment failed and I do not know why.,negative,9.95
906596,124780,2026-04-15 11:56:31,Payment Failure,My payment failed and I do not know why.,negative,1.56
906597,124580,2026-04-24 21:08:08,Account,I need help with my account.,neutral,4.57
906598,145204,2026-02-27 23:23:43,KYC Issues,I am unable to complete KYC document verification.,negative,16.35
906599,117048,2026-06-20 11:11:26,Payment Failure,My payment failed and I do not know why.,negative,2.08
906600,143366,2026-05-02 14:53:54,App Performance,The app feels slow and sometimes freezes.,negative,5.01
906601,133913,2026-01-17 05:56:30,KYC Issues,I am unable to complete KYC document verification.,negative,5.55
906602,141604,2026-05-30 01:57:39,KYC Issues,I am unable to complete KYC document verification.,negative,20.06
906603,114612,2026-01-14 23:54:31,App Performance,The app feels slow and sometimes freezes.,negative,1.91
906604,149703,2026-06-02 09:57:11,Account,I need help with my account.,neutral,8.4
906605,113295,2026-05-07 15:48:15,KYC Issues,I am unable to complete KYC document verification.,negative,10.78
906606,101929,2026-04-13 03:43:59,Rewards,The rewards experience is confusing.,neutral,5.31
906607,119385,2026-01-10 01:12:25,Payment Failure,My payment failed and I do not know why.,negative,12.0
906608,126801,2026-06-30 23:59:59,KYC Issues,I am unable to complete KYC document verification.,negative,17.06
906609,115634,2026-03-20 14:36:21,Account,I need help with my account.,neutral,14.57
906610,144090,2026-05-25 14:24:57,Account,I need help with my account.,neutral,12.28
906611,109713,2026-03-14 05:51:39,Account,I need help with my account.,neutral,1.98
906612,118381,2026-05-20 20:30:22,Account,I need help with my account.,neutral,10.04
906613,107150,2026-05-28 05:16:07,Account,I need help with my account.,neutral,1.58
906614,114970,2026-02-25 04:30:23,KYC Issues,I am unable to complete KYC document verification.,negative,21.05
906615,127906,2026-05-21 09:33:27,Rewards,The rewards experience is confusing.,neutral,7.17
906616,114937,2026-03-12 22:10:30,Account,I need help with my account.,neutral,16.68
906617,128919,2026-06-12 14:53:02,Payment Failure,My payment failed and I do not know why.,negative,3.04
906618,143952,2026-06-24 02:27:10,Rewards,The rewards experience is confusing.,neutral,16.78
906619,137184,2026-02-23 00:05:51,App Performance,The app feels slow and sometimes freezes.,negative,7.9
906620,116529,2026-04-25 08:32:27,Rewards,The rewards experience is confusing.,neutral,12.71
906621,101662,2026-04-26 18:11:01,KYC Issues,I am unable to complete KYC document verification.,negative,14.58
906622,120066,2026-04-12 08:04:01,Account,I need help with my account.,neutral,1.72
906623,131483,2026-02-28 03:40:00,App Performance,The app feels slow and sometimes freezes.,negative,11.05
906624,103735,2026-03-16 21:33:57,App Performance,The app feels slow and sometimes freezes.,negative,0.47
906625,137085,2026-06-27 04:09:44,Payment Failure,My payment failed and I do not know why.,negative,17.66
906626,125768,2026-05-16 09:40:47,Rewards,The rewards experience is confusing.,neutral,23.17
906627,137656,2026-04-16 19:16:02,Payment Failure,My payment failed and I do not know why.,negative,3.34
906628,102550,2026-06-12 15:10:09,Payment Failure,My payment failed and I do not know why.,negative,4.76
906629,112605,2026-01-26 19:02:48,Rewards,The rewards experience is confusing.,neutral,8.56
906630,136424,2026-04-13 08:38:46,KYC Issues,I am unable to complete KYC document verification.,negative,7.04
906631,104105,2026-06-30 23:59:59,KYC Issues,I am unable to complete KYC document verification.,negative,8.43
906632,105069,2026-06-10 17:54:58,Payment Failure,My payment failed and I do not know why.,negative,11.99
906633,143168,2026-02-17 12:34:01,Payment Failure,My payment failed and I do not know why.,negative,3.54
906634,147587,2026-02-15 18:51:21,Payment Failure,My payment failed and I do not know why.,negative,5.52
906635,139055,2026-06-30 23:59:59,KYC Issues,I am unable to complete KYC document verification.,negative,32.87
906636,126287,2026-04-06 20:58:37,App Performance,The app feels slow and sometimes freezes.,negative,9.73
906637,109168,2026-02-08 02:59:25,App Performance,The app feels slow and sometimes freezes.,negative,4.0
906638,141768,2026-05-21 10:58:13,Payment Failure,My payment failed and I do not know why.,negative,4.7
906639,108471,2026-04-05 04:55:47,App Performance,The app feels slow and sometimes freezes.,negative,12.19
906640,125206,2026-06-18 19:54:49,Rewards,The rewards experience is confusing.,neutral,6.48
906641,146511,2026-01-13 10:17:06,Account,I need help with my account.,neutral,11.45
906642,137760,2026-05-27 20:17:24,Payment Failure,My payment failed and I do not know why.,negative,11.18
906643,135481,2026-02-26 22:36:12,App Performance,The app feels slow and sometimes freezes.,negative,6.74
906644,104982,2026-05-19 16:30:45,Rewards,The rewards experience is confusing.,neutral,19.09
906645,131246,2026-06-03 05:52:30,App Performance,The app feels slow and sometimes freezes.,negative,5.95
906646,143199,2026-04-19 01:24:04,App Performance,The app feels slow and sometimes freezes.,negative,5.23
906647,147977,2026-03-13 22:43:10,Payment Failure,My payment failed and I do not know why.,negative,13.02
906648,144425,2026-04-18 13:51:53,Payment Failure,My payment failed and I do not know why.,negative,1.23
906649,145595,2026-06-30 20:00:00,Payment Failure,My payment failed and I do not know why.,negative,4.04
906650,143225,2026-03-30 11:16:42,Account,I need help with my account.,neutral,9.39
906651,149036,2026-04-29 20:24:37,KYC Issues,I am unable to complete KYC document verification.,negative,2.72
906652,102306,2026-04-17 17:12:37,Payment Failure,My payment failed and I do not know why.,negative,19.87
906653,137978,2026-05-16 09:35:57,Payment Failure,My payment failed and I do not know why.,negative,26.02
906654,114356,2026-04-02 01:10:59,Payment Failure,My payment failed and I do not know why.,negative,27.77
906655,109929,2026-03-23 09:20:22,Account,I need help with my account.,neutral,6.99
906656,123748,2026-05-22 14:51:21,KYC Issues,I am unable to complete KYC document verification.,negative,1.59
906657,108046,2026-05-07 21:31:43,Account,I need help with my account.,neutral,6.51
906658,131200,2026-05-12 12:52:53,KYC Issues,I am unable to complete KYC document verification.,negative,13.11
906659,104786,2026-03-22 05:33:35,App Performance,The app feels slow and sometimes freezes.,negative,14.63
906660,109593,2026-06-04 05:41:35,Account,I need help with my account.,neutral,0.96
906661,106976,2026-05-14 16:13:49,KYC Issues,I am unable to complete KYC document verification.,negative,18.99
906662,118366,2026-03-11 00:17:49,Payment Failure,My payment failed and I do not know why.,negative,7.32
906663,112914,2026-03-13 21:28:33,Payment Failure,My payment failed and I do not know why.,negative,2.56
906664,114494,2026-04-09 15:10:18,Payment Failure,My payment failed and I do not know why.,negative,11.42
906665,147157,2026-02-27 04:37:30,App Performance,The app feels slow and sometimes freezes.,negative,15.63
906666,137560,2026-03-21 20:26:14,App Performance,The app feels slow and sometimes freezes.,negative,13.76
906667,107402,2026-05-28 06:43:01,Payment Failure,My payment failed and I do not know why.,negative,8.29
906668,141838,2026-06-04 20:53:14,KYC Issues,I am unable to complete KYC document verification.,negative,14.14
906669,106574,2026-01-24 21:43:48,KYC Issues,I am unable to complete KYC document verification.,negative,9.45
906670,113095,2026-04-13 17:35:51,Payment Failure,My payment failed and I do not know why.,negative,26.39
906671,106179,2026-01-31 12:49:46,Account,I need help with my account.,neutral,20.56
906672,100585,2026-06-17 11:02:42,KYC Issues,I am unable to complete KYC document verification.,negative,19.45
906673,144721,2026-03-25 14:03:49,Account,I need help with my account.,neutral,6.44
906674,139146,2026-05-16 05:14:01,Rewards,The rewards experience is confusing.,neutral,9.83
906675,105327,2026-04-13 23:31:56,Payment Failure,My payment failed and I do not know why.,negative,15.66
906676,137405,2026-06-22 20:57:03,Payment Failure,My payment failed and I do not know why.,negative,2.86
906677,128966,2026-06-30 23:59:59,Payment Failure,My payment failed and I do not know why.,negative,6.0
906678,118237,2026-06-28 05:03:46,KYC Issues,I am unable to complete KYC document verification.,negative,9.33
906679,122313,2026-04-04 18:44:15,Account,I need help with my account.,neutral,3.72
906680,138311,2026-06-30 23:59:59,Rewards,The rewards experience is confusing.,neutral,3.59
906681,147290,2026-05-04 08:00:02,Payment Failure,My payment failed and I do not know why.,negative,12.91
906682,112896,2026-05-17 21:56:10,Account,I need help with my account.,neutral,19.18
906683,135820,2026-04-27 04:37:42,Account,I need help with my account.,neutral,14.15
906684,100424,2026-04-01 17:22:20,Rewards,The rewards experience is confusing.,neutral,21.35
906685,124868,2026-01-23 03:19:31,KYC Issues,I am unable to complete KYC document verification.,negative,15.49
906686,113748,2026-06-18 01:33:03,Payment Failure,My payment failed and I do not know why.,negative,2.17
906687,126396,2026-01-26 07:10:30,KYC Issues,I am unable to complete KYC document verification.,negative,3.25
906688,135871,2026-06-23 22:23:24,KYC Issues,I am unable to complete KYC document verification.,negative,9.36
906689,143495,2026-06-29 20:28:20,Account,I need help with my account.,neutral,5.96
906690,112556,2026-06-30 23:59:59,KYC Issues,I am unable to complete KYC document verification.,negative,13.11
906691,123271,2026-02-08 05:15:33,KYC Issues,I am unable to complete KYC document verification.,negative,18.49
906692,142187,2026-04-08 07:00:20,KYC Issues,I am unable to complete KYC document verification.,negative,20.41
906693,129742,2026-06-25 21:44:05,App Performance,The app feels slow and sometimes freezes.,negative,13.61
906694,105748,2026-02-27 05:27:30,Account,I need help with my account.,neutral,6.03
906695,104742,2026-01-23 17:06:46,Account,I need help with my account.,neutral,11.16
906696,144153,2026-06-30 07:31:55,Account,I need help with my account.,neutral,14.24
906697,108963,2026-02-15 17:13:30,KYC Issues,I am unable to complete KYC document verification.,negative,14.61
906698,139570,2026-03-01 08:12:51,App Performance,The app feels slow and sometimes freezes.,negative,4.92
906699,110318,2026-04-26 16:44:43,Account,I need help with my account.,neutral,9.76
906700,100251,2026-04-14 06:34:53,App Performance,The app feels slow and sometimes freezes.,negative,4.12
906701,124130,2026-03-26 00:04:06,Payment Failure,My payment failed and I do not know why.,negative,9.08
906702,111874,2026-05-29 17:40:53,KYC Issues,I am unable to complete KYC document verification.,negative,10.57
906703,106419,2026-04-01 11:16:46,Payment Failure,My payment failed and I do not know why.,negative,5.55
906704,149938,2026-06-16 13:31:45,App Performance,The app feels slow and sometimes freezes.,negative,27.55
906705,147848,2026-04-21 06:26:48,Payment Failure,My payment failed and I do not know why.,negative,7.75
906706,133386,2026-04-22 19:37:00,Payment Failure,My payment failed and I do not know why.,negative,2.62
906707,138759,2026-05-26 13:07:43,Payment Failure,My payment failed and I do not know why.,negative,15.2
906708,129732,2026-03-16 18:04:47,Account,I need help with my account.,neutral,15.38
906709,115032,2026-01-29 21:27:49,Payment Failure,My payment failed and I do not know why.,negative,11.19
906710,100039,2026-04-25 01:31:12,App Performance,The app feels slow and sometimes freezes.,negative,12.41
906711,134903,2026-05-21 13:46:59,App Performance,The app feels slow and sometimes freezes.,negative,18.71
906712,102693,2026-01-22 11:59:49,App Performance,The app feels slow and sometimes freezes.,negative,9.56
906713,119383,2026-06-06 02:20:07,Account,I need help with my account.,neutral,10.12
906714,140891,2026-04-20 05:42:16,Account,I need help with my account.,neutral,6.5
906715,102256,2026-06-30 23:59:59,App Performance,The app feels slow and sometimes freezes.,negative,9.77
906716,119663,2026-02-17 21:21:06,Account,I need help with my account.,neutral,7.46
906717,139459,2026-04-28 11:48:04,App Performance,The app feels slow and sometimes freezes.,negative,8.06
906718,121287,2026-02-27 19:30:37,Account,I need help with my account.,neutral,8.84
906719,122970,2026-03-23 04:17:54,Payment Failure,My payment failed and I do not know why.,negative,24.27
906720,122648,2026-02-09 08:29:52,KYC Issues,I am unable to complete KYC document verification.,negative,5.16
906721,141434,2026-06-20 03:21:26,App Performance,The app feels slow and sometimes freezes.,negative,24.85
906722,133644,2026-05-31 09:14:22,KYC Issues,I am unable to complete KYC document verification.,negative,9.79
906723,120349,2026-04-11 23:45:40,Account,I need help with my account.,neutral,28.36
906724,114468,2026-04-19 03:33:11,Account,I need help with my account.,neutral,15.59
906725,128159,2026-06-10 23:47:13,KYC Issues,I am unable to complete KYC document verification.,negative,4.33
906726,127922,2026-01-15 23:36:08,App Performance,The app feels slow and sometimes freezes.,negative,3.32
906727,121212,2026-05-10 12:18:49,Rewards,The rewards experience is confusing.,neutral,5.39
906728,113733,2026-02-05 07:17:54,KYC Issues,I am unable to complete KYC document verification.,negative,7.94
906729,111097,2026-02-21 05:29:04,Account,I need help with my account.,neutral,6.25
906730,126739,2026-03-08 15:24:17,Payment Failure,My payment failed and I do not know why.,negative,9.73
906731,136870,2026-05-19 02:13:04,App Performance,The app feels slow and sometimes freezes.,negative,26.11
906732,100506,2026-04-16 02:27:33,Payment Failure,My payment failed and I do not know why.,negative,10.78
906733,144390,2026-05-26 07:03:18,Rewards,The rewards experience is confusing.,neutral,19.89
906734,132119,2026-03-17 17:25:02,App Performance,The app feels slow and sometimes freezes.,negative,4.69
906735,142922,2026-03-28 13:48:11,Rewards,The rewards experience is confusing.,neutral,9.09
906736,101101,2026-06-30 23:59:59,Payment Failure,My payment failed and I do not know why.,negative,18.25
906737,146668,2026-05-14 20:28:15,Payment Failure,My payment failed and I do not know why.,negative,15.01
906738,136590,2026-02-15 18:10:45,App Performance,The app feels slow and sometimes freezes.,negative,9.19
906739,132508,2026-03-17 10:55:05,Account,I need help with my account.,neutral,4.11
906740,144074,2026-03-26 10:54:20,Payment Failure,My payment failed and I do not know why.,negative,8.54
906741,122812,2026-04-23 10:08:48,Payment Failure,My payment failed and I do not know why.,negative,20.45
906742,135354,2026-01-14 10:13:32,KYC Issues,I am unable to complete KYC document verification.,negative,12.2
906743,140729,2026-05-26 10:32:23,KYC Issues,I am unable to complete KYC document verification.,negative,6.98
906744,125610,2026-03-16 05:29:23,Account,I need help with my account.,neutral,1.17
906745,101609,2026-02-02 16:48:13,Payment Failure,My payment failed and I do not know why.,negative,8.16
906746,138879,2026-04-19 14:39:29,Account,I need help with my account.,neutral,18.36
906747,132495,2026-05-29 07:18:29,Account,I need help with my account.,neutral,5.57
906748,120444,2026-03-05 03:57:51,Rewards,The rewards experience is confusing.,neutral,3.12
906749,117847,2026-06-19 01:19:32,Payment Failure,My payment failed and I do not know why.,negative,1.82
906750,120869,2026-02-28 01:05:52,KYC Issues,I am unable to complete KYC document verification.,negative,5.42
906751,110736,2026-04-29 03:39:43,Payment Failure,My payment failed and I do not know why.,negative,3.44
906752,105383,2026-06-03 10:06:58,KYC Issues,I am unable to complete KYC document verification.,negative,8.63
906753,120866,2026-06-25 11:44:00,KYC Issues,I am unable to complete KYC document verification.,negative,7.8
906754,113105,2026-05-14 05:00:56,Payment Failure,My payment failed and I do not know why.,negative,11.59
906755,115687,2026-05-02 23:46:59,Account,I need help with my account.,neutral,17.7
906756,148673,2026-03-11 03:06:31,Payment Failure,My payment failed and I do not know why.,negative,5.15
906757,131519,2026-06-11 08:32:04,Rewards,The rewards experience is confusing.,neutral,7.22
906758,109622,2026-02-25 04:31:18,Rewards,The rewards experience is confusing.,neutral,5.06
906759,111236,2026-02-23 17:28:18,Rewards,The rewards experience is confusing.,neutral,6.3
906760,120286,2026-06-30 23:59:59,App Performance,The app feels slow and sometimes freezes.,negative,5.26
906761,120242,2026-01-30 09:18:10,KYC Issues,I am unable to complete KYC document verification.,negative,15.54
906762,118476,2026-03-18 08:02:39,Payment Failure,My payment failed and I do not know why.,negative,19.96
906763,106432,2026-02-23 17:55:19,Rewards,The rewards experience is confusing.,neutral,4.83
906764,141662,2026-05-30 02:08:02,Account,I need help with my account.,neutral,6.72
906765,147541,2026-03-28 19:04:41,Account,I need help with my account.,neutral,11.16
906766,105926,2026-02-05 02:59:41,Rewards,The rewards experience is confusing.,neutral,5.61
906767,143100,2026-03-23 23:47:35,Account,I need help with my account.,neutral,3.45
906768,126644,2026-06-01 18:29:22,KYC Issues,I am unable to complete KYC document verification.,negative,25.97
906769,117796,2026-06-05 16:30:16,App Performance,The app feels slow and sometimes freezes.,negative,2.99
906770,114872,2026-01-19 03:02:03,Payment Failure,My payment failed and I do not know why.,negative,13.31
906771,101431,2026-02-17 06:45:57,KYC Issues,I am unable to complete KYC document verification.,negative,2.76
906772,139636,2026-03-03 07:48:23,Payment Failure,My payment failed and I do not know why.,negative,12.7
906773,139040,2026-01-08 23:56:34,Account,I need help with my account.,neutral,11.54
906774,145847,2026-02-17 00:30:10,Payment Failure,My payment failed and I do not know why.,negative,2.27
906775,128305,2026-06-02 18:31:47,KYC Issues,I am unable to complete KYC document verification.,negative,6.8
906776,114506,2026-06-15 20:56:39,Rewards,The rewards experience is confusing.,neutral,17.18
906777,113626,2026-04-27 02:40:21,App Performance,The app feels slow and sometimes freezes.,negative,4.62
906778,126995,2026-01-26 04:16:41,KYC Issues,I am unable to complete KYC document verification.,negative,6.01
906779,100622,2026-02-13 01:33:06,Payment Failure,My payment failed and I do not know why.,negative,7.33
906780,121715,2026-06-10 11:58:02,Rewards,The rewards experience is confusing.,neutral,30.34
906781,149029,2026-05-30 15:05:36,App Performance,The app feels slow and sometimes freezes.,negative,12.04
906782,133280,2026-06-25 06:34:28,KYC Issues,I am unable to complete KYC document verification.,negative,17.16
906783,112236,2026-03-10 05:46:09,KYC Issues,I am unable to complete KYC document verification.,negative,4.03
906784,142975,2026-06-26 02:18:36,KYC Issues,I am unable to complete KYC document verification.,negative,12.3
906785,131794,2026-06-26 16:22:37,App Performance,The app feels slow and sometimes freezes.,negative,8.13
906786,116000,2026-03-12 08:40:15,Account,I need help with my account.,neutral,6.75
906787,107265,2026-06-02 14:07:11,Account,I need help with my account.,neutral,10.66
906788,114239,2026-03-10 16:40:25,App Performance,The app feels slow and sometimes freezes.,negative,6.78
906789,125455,2026-06-30 23:59:59,Account,I need help with my account.,neutral,0.7
906790,136833,2026-03-09 04:56:59,App Performance,The app feels slow and sometimes freezes.,negative,1.74
906791,112797,2026-04-03 01:33:26,Account,I need help with my account.,neutral,2.25
906792,140535,2026-05-11 16:47:01,App Performance,The app feels slow and sometimes freezes.,negative,6.45
906793,148416,2026-01-12 04:37:30,Payment Failure,My payment failed and I do not know why.,negative,19.99
906794,100749,2026-06-21 03:10:22,KYC Issues,I am unable to complete KYC document verification.,negative,9.57
906795,116346,2026-01-14 08:05:24,KYC Issues,I am unable to complete KYC document verification.,negative,6.93
906796,100218,2026-03-22 15:18:43,Account,I need help with my account.,neutral,9.02
906797,132589,2026-06-07 17:29:50,Account,I need help with my account.,neutral,10.9
906798,120193,2026-04-04 03:56:00,Payment Failure,My payment failed and I do not know why.,negative,10.28
906799,142468,2026-06-11 14:24:33,KYC Issues,I am unable to complete KYC document verification.,negative,4.46
906800,145313,2026-04-05 18:39:32,Account,I need help with my account.,neutral,5.57
906801,136459,2026-03-08 00:56:20,App Performance,The app feels slow and sometimes freezes.,negative,2.03
906802,147549,2026-04-21 04:52:52,Payment Failure,My payment failed and I do not know why.,negative,24.92
906803,121071,2026-06-19 01:41:27,Payment Failure,My payment failed and I do not know why.,negative,5.23
906804,112419,2026-04-18 06:38:03,Payment Failure,My payment failed and I do not know why.,negative,16.11
906805,115960,2026-02-25 11:37:43,App Performance,The app feels slow and sometimes freezes.,negative,20.09
906806,132654,2026-04-04 14:03:12,Account,I need help with my account.,neutral,19.22
906807,107539,2026-06-18 21:06:01,KYC Issues,I am unable to complete KYC document verification.,negative,1.27
906808,114402,2026-05-23 10:07:51,Account,I need help with my account.,neutral,22.74
906809,142786,2026-02-21 13:05:23,Account,I need help with my account.,neutral,12.48
906810,117162,2026-04-30 14:14:15,Payment Failure,My payment failed and I do not know why.,negative,11.56
906811,108482,2026-03-15 18:40:31,KYC Issues,I am unable to complete KYC document verification.,negative,2.12
906812,107322,2026-05-09 07:41:15,Account,I need help with my account.,neutral,3.64
906813,130060,2026-02-14 10:59:00,Payment Failure,My payment failed and I do not know why.,negative,5.1
906814,113758,2026-05-31 09:52:37,Rewards,The rewards experience is confusing.,neutral,6.75
906815,147845,2026-04-13 10:16:22,App Performance,The app feels slow and sometimes freezes.,negative,24.58
906816,108511,2026-05-22 00:20:34,App Performance,The app feels slow and sometimes freezes.,negative,10.71
906817,123331,2026-02-07 06:24:43,Rewards,The rewards experience is confusing.,neutral,4.47
906818,107340,2026-03-07 16:46:45,KYC Issues,I am unable to complete KYC document verification.,negative,8.14
906819,135862,2026-02-02 19:21:44,Account,I need help with my account.,neutral,5.47
906820,139530,2026-04-24 07:04:38,Rewards,The rewards experience is confusing.,neutral,3.35
906821,107520,2026-04-28 11:58:17,Rewards,The rewards experience is confusing.,neutral,13.52
906822,102944,2026-01-20 04:49:36,Rewards,The rewards experience is confusing.,neutral,4.29
906823,141711,2026-04-14 04:49:41,KYC Issues,I am unable to complete KYC document verification.,negative,16.53
906824,102617,2026-06-19 09:03:06,Account,I need help with my account.,neutral,5.06
906825,149962,2026-01-27 10:28:23,KYC Issues,I am unable to complete KYC document verification.,negative,6.04
906826,123150,2026-02-03 05:13:22,App Performance,The app feels slow and sometimes freezes.,negative,15.25
906827,136655,2026-01-24 03:32:31,KYC Issues,I am unable to complete KYC document verification.,negative,13.96
906828,147692,2026-03-21 19:20:39,Payment Failure,My payment failed and I do not know why.,negative,5.24
906829,142923,2026-05-19 11:19:32,Payment Failure,My payment failed and I do not know why.,negative,7.62
906830,127291,2026-05-06 00:39:12,Account,I need help with my account.,neutral,8.91
906831,149373,2026-03-08 03:49:22,App Performance,The app feels slow and sometimes freezes.,negative,3.91
906832,107145,2026-05-09 02:10:56,Account,I need help with my account.,neutral,19.06
906833,106927,2026-06-14 11:41:48,Payment Failure,My payment failed and I do not know why.,negative,25.75
906834,105924,2026-04-23 22:55:16,App Performance,The app feels slow and sometimes freezes.,negative,4.88
906835,101860,2026-06-25 12:27:21,Account,I need help with my account.,neutral,8.23
906836,122199,2026-06-30 23:59:59,Rewards,The rewards experience is confusing.,neutral,14.02
906837,143162,2026-04-12 14:10:53,App Performance,The app feels slow and sometimes freezes.,negative,12.25
906838,138931,2026-06-13 23:52:06,Rewards,The rewards experience is confusing.,neutral,0.19
906839,107653,2026-02-04 16:38:58,KYC Issues,I am unable to complete KYC document verification.,negative,21.67
906840,123470,2026-03-31 15:33:45,Payment Failure,My payment failed and I do not know why.,negative,2.2
906841,132210,2026-03-12 01:37:30,App Performance,The app feels slow and sometimes freezes.,negative,8.43
906842,106537,2026-04-15 23:48:14,KYC Issues,I am unable to complete KYC document verification.,negative,13.43
906843,141773,2026-06-24 02:44:37,KYC Issues,I am unable to complete KYC document verification.,negative,8.27
906844,124248,2026-06-12 12:21:20,Payment Failure,My payment failed and I do not know why.,negative,12.25
906845,109314,2026-03-21 19:06:09,App Performance,The app feels slow and sometimes freezes.,negative,3.4
906846,126517,2026-04-30 10:27:28,Account,I need help with my account.,neutral,1.31
906847,137296,2026-02-07 10:42:23,Payment Failure,My payment failed and I do not know why.,negative,9.71
906848,105698,2026-06-16 23:12:43,Account,I need help with my account.,neutral,2.61
906849,140002,2026-03-08 00:19:36,KYC Issues,I am unable to complete KYC document verification.,negative,3.2
906850,128509,2026-06-30 23:59:59,KYC Issues,I am unable to complete KYC document verification.,negative,14.71
906851,112478,2026-03-28 23:24:20,App Performance,The app feels slow and sometimes freezes.,negative,6.7
906852,149580,2026-04-22 02:32:26,Rewards,The rewards experience is confusing.,neutral,10.2
906853,135367,2026-03-13 09:55:37,Account,I need help with my account.,neutral,5.66
906854,104153,2026-03-23 05:44:31,App Performance,The app feels slow and sometimes freezes.,negative,13.1
906855,132596,2026-05-11 11:58:35,KYC Issues,I am unable to complete KYC document verification.,negative,10.91
906856,128994,2026-03-10 08:15:25,App Performance,The app feels slow and sometimes freezes.,negative,9.47
906857,127508,2026-05-28 19:33:54,Account,I need help with my account.,neutral,8.77
906858,114683,2026-03-10 00:59:29,Rewards,The rewards experience is confusing.,neutral,10.48
906859,122497,2026-02-01 05:04:13,Payment Failure,My payment failed and I do not know why.,negative,7.15
906860,102604,2026-06-30 04:42:54,Account,I need help with my account.,neutral,9.6
906861,109793,2026-04-16 07:34:02,Account,I need help with my account.,neutral,7.91
906862,135779,2026-05-25 14:40:11,Payment Failure,My payment failed and I do not know why.,negative,3.9
906863,109106,2026-06-04 10:53:40,App Performance,The app feels slow and sometimes freezes.,negative,32.85
906864,108322,2026-06-17 18:16:49,Rewards,The rewards experience is confusing.,neutral,12.64
906865,139346,2026-05-08 10:36:38,KYC Issues,I am unable to complete KYC document verification.,negative,19.73
906866,107162,2026-03-14 15:08:44,Account,I need help with my account.,neutral,20.55
906867,135059,2026-06-30 23:59:59,Payment Failure,My payment failed and I do not know why.,negative,6.33
906868,146009,2026-03-27 07:43:38,Account,I need help with my account.,neutral,16.12
906869,124007,2026-04-24 16:39:09,App Performance,The app feels slow and sometimes freezes.,negative,8.94
906870,130839,2026-02-09 05:06:38,App Performance,The app feels slow and sometimes freezes.,negative,8.65
906871,142355,2026-02-18 19:40:45,Account,I need help with my account.,neutral,3.73
906872,134992,2026-05-27 10:31:59,KYC Issues,I am unable to complete KYC document verification.,negative,27.48
906873,148614,2026-06-16 13:31:54,KYC Issues,I am unable to complete KYC document verification.,negative,12.15
906874,129452,2026-01-15 04:11:13,Account,I need help with my account.,neutral,3.74
906875,110540,2026-02-27 09:47:50,App Performance,The app feels slow and sometimes freezes.,negative,6.03
906876,142687,2026-03-25 07:38:29,KYC Issues,I am unable to complete KYC document verification.,negative,3.79
906877,101851,2026-02-08 02:50:07,Payment Failure,My payment failed and I do not know why.,negative,8.13
906878,103800,2026-01-29 16:53:29,KYC Issues,I am unable to complete KYC document verification.,negative,2.16
906879,137713,2026-06-21 00:44:14,Rewards,The rewards experience is confusing.,neutral,11.46
906880,133918,2026-04-22 19:30:43,Account,I need help with my account.,neutral,9.6
906881,144866,2026-05-29 19:10:24,App Performance,The app feels slow and sometimes freezes.,negative,3.64
906882,133113,2026-04-10 06:45:47,Account,I need help with my account.,neutral,4.74
906883,133364,2026-03-03 07:09:37,Rewards,The rewards experience is confusing.,neutral,4.14
906884,137687,2026-03-31 16:33:45,KYC Issues,I am unable to complete KYC document verification.,negative,10.59
906885,129875,2026-05-16 21:00:34,Rewards,The rewards experience is confusing.,neutral,11.23
906886,139114,2026-06-07 23:41:12,KYC Issues,I am unable to complete KYC document verification.,negative,20.03
906887,139899,2026-02-04 17:59:53,Account,I need help with my account.,neutral,8.14
906888,146645,2026-03-30 01:18:49,App Performance,The app feels slow and sometimes freezes.,negative,9.83
906889,122956,2026-05-27 19:06:04,KYC Issues,I am unable to complete KYC document verification.,negative,12.41
906890,114945,2026-02-21 08:41:55,Payment Failure,My payment failed and I do not know why.,negative,17.49
906891,109193,2026-06-25 16:22:19,Rewards,The rewards experience is confusing.,neutral,7.1
906892,107391,2026-04-24 23:44:55,App Performance,The app feels slow and sometimes freezes.,negative,8.63
906893,123243,2026-03-13 22:26:25,Payment Failure,My payment failed and I do not know why.,negative,4.38
906894,140797,2026-04-13 03:16:53,Payment Failure,My payment failed and I do not know why.,negative,16.33
906895,131092,2026-02-09 21:39:43,Account,I need help with my account.,neutral,6.3
906896,107041,2026-06-30 23:59:59,Account,I need help with my account.,neutral,2.31
906897,116928,2026-04-07 21:30:59,Account,I need help with my account.,neutral,8.99
906898,122050,2026-05-12 05:18:42,Account,I need help with my account.,neutral,11.71
906899,136300,2026-06-15 14:24:06,App Performance,The app feels slow and sometimes freezes.,negative,12.2
906900,147057,2026-04-24 21:30:06,KYC Issues,I am unable to complete KYC document verification.,negative,11.1
906901,139084,2026-03-24 16:02:11,Rewards,The rewards experience is confusing.,neutral,6.03
906902,132319,2026-04-18 21:09:50,Account,I need help with my account.,neutral,9.07
906903,115748,2026-02-12 01:57:23,Rewards,The rewards experience is confusing.,neutral,17.74
906904,124930,2026-05-01 20:06:14,Payment Failure,My payment failed and I do not know why.,negative,17.78
906905,109684,2026-05-26 10:50:23,Account,I need help with my account.,neutral,3.94
906906,135160,2026-02-24 17:33:17,Payment Failure,My payment failed and I do not know why.,negative,11.51
906907,109937,2026-02-24 17:30:08,Rewards,The rewards experience is confusing.,neutral,4.08
906908,132717,2026-02-27 20:21:36,Account,I need help with my account.,neutral,8.6
906909,141200,2026-05-26 21:53:11,App Performance,The app feels slow and sometimes freezes.,negative,3.82
906910,131929,2026-05-17 01:49:50,Payment Failure,My payment failed and I do not know why.,negative,8.42
906911,132123,2026-01-17 09:48:24,Account,I need help with my account.,neutral,17.4
906912,137435,2026-03-02 03:43:10,KYC Issues,I am unable to complete KYC document verification.,negative,1.16
906913,148863,2026-02-06 15:08:43,App Performance,The app feels slow and sometimes freezes.,negative,12.6
906914,146987,2026-06-15 03:22:43,KYC Issues,I am unable to complete KYC document verification.,negative,5.81
906915,131629,2026-05-17 21:49:56,Payment Failure,My payment failed and I do not know why.,negative,18.08
906916,121617,2026-03-01 07:53:52,App Performance,The app feels slow and sometimes freezes.,negative,13.48
906917,141705,2026-04-26 05:03:39,Payment Failure,My payment failed and I do not know why.,negative,22.47
906918,126074,2026-05-31 19:54:09,Payment Failure,My payment failed and I do not know why.,negative,14.56
906919,142879,2026-01-06 22:09:35,KYC Issues,I am unable to complete KYC document verification.,negative,22.85
906920,122775,2026-04-30 01:55:26,Payment Failure,My payment failed and I do not know why.,negative,1.78
906921,111522,2026-06-30 23:59:59,Account,I need help with my account.,neutral,10.1
906922,131259,2026-02-28 01:44:55,KYC Issues,I am unable to complete KYC document verification.,negative,31.61
906923,113215,2026-03-04 17:42:04,Payment Failure,My payment failed and I do not know why.,negative,7.58
906924,142446,2026-06-30 23:59:59,KYC Issues,I am unable to complete KYC document verification.,negative,11.31
906925,127319,2026-06-09 22:49:41,KYC Issues,I am unable to complete KYC document verification.,negative,14.13
906926,129901,2026-06-07 21:59:36,KYC Issues,I am unable to complete KYC document verification.,negative,32.68
906927,128361,2026-05-14 10:02:58,Account,I need help with my account.,neutral,1.78
906928,120417,2026-06-30 23:59:59,Rewards,The rewards experience is confusing.,neutral,5.15
906929,127306,2026-05-17 22:11:27,KYC Issues,I am unable to complete KYC document verification.,negative,18.02
906930,116818,2026-05-06 09:09:35,KYC Issues,I am unable to complete KYC document verification.,negative,16.94
906931,134508,2026-02-14 23:29:23,Rewards,The rewards experience is confusing.,neutral,8.83
906932,139169,2026-06-14 01:46:07,KYC Issues,I am unable to complete KYC document verification.,negative,27.99
906933,115898,2026-06-07 04:30:21,App Performance,The app feels slow and sometimes freezes.,negative,4.06
906934,134573,2026-04-21 00:00:54,Rewards,The rewards experience is confusing.,neutral,3.76
906935,106197,2026-05-23 09:04:33,Account,I need help with my account.,neutral,2.66
906936,141746,2026-05-02 23:42:15,Account,I need help with my account.,neutral,10.62
906937,142215,2026-02-03 00:01:12,Account,I need help with my account.,neutral,7.0
906938,111343,2026-04-17 01:03:58,KYC Issues,I am unable to complete KYC document verification.,negative,7.68
906939,114515,2026-06-18 16:38:31,Payment Failure,My payment failed and I do not know why.,negative,13.43
906940,128628,2026-03-31 02:51:34,App Performance,The app feels slow and sometimes freezes.,negative,24.51
906941,147322,2026-05-01 23:44:15,Account,I need help with my account.,neutral,34.85
906942,146710,2026-06-01 14:48:07,Account,I need help with my account.,neutral,23.67
906943,119697,2026-02-03 02:55:21,Payment Failure,My payment failed and I do not know why.,negative,5.6
906944,116983,2026-02-20 15:53:06,Account,I need help with my account.,neutral,8.36
906945,114541,2026-03-30 05:23:42,Account,I need help with my account.,neutral,3.42
906946,101228,2026-03-21 03:54:21,Rewards,The rewards experience is confusing.,neutral,2.89
906947,110051,2026-03-14 23:17:35,Payment Failure,My payment failed and I do not know why.,negative,2.93
906948,135173,2026-03-21 08:46:21,Rewards,The rewards experience is confusing.,neutral,7.47
906949,142915,2026-04-19 18:05:53,Account,I need help with my account.,neutral,11.28
906950,107176,2026-06-26 18:42:46,KYC Issues,I am unable to complete KYC document verification.,negative,8.94
906951,132470,2026-06-30 23:59:59,KYC Issues,I am unable to complete KYC document verification.,negative,7.68
906952,141750,2026-04-21 20:57:18,Rewards,The rewards experience is confusing.,neutral,6.18
906953,118003,2026-05-05 06:44:42,KYC Issues,I am unable to complete KYC document verification.,negative,3.72
906954,105081,2026-06-13 00:50:47,App Performance,The app feels slow and sometimes freezes.,negative,2.71
906955,101184,2026-03-13 04:27:53,Payment Failure,My payment failed and I do not know why.,negative,2.36
906956,128499,2026-06-30 23:59:59,Account,I need help with my account.,neutral,15.12
906957,100280,2026-03-07 20:54:35,Payment Failure,My payment failed and I do not know why.,negative,15.78
906958,135645,2026-01-15 07:38:43,App Performance,The app feels slow and sometimes freezes.,negative,8.21
906959,123767,2026-06-12 11:09:25,KYC Issues,I am unable to complete KYC document verification.,negative,11.83
906960,133471,2026-03-17 18:17:57,Payment Failure,My payment failed and I do not know why.,negative,16.75
906961,118903,2026-01-24 10:13:55,Account,I need help with my account.,neutral,5.25
906962,145044,2026-04-05 16:03:31,Account,I need help with my account.,neutral,7.64
906963,124027,2026-06-02 21:58:45,App Performance,The app feels slow and sometimes freezes.,negative,19.03
906964,114604,2026-06-30 23:59:59,KYC Issues,I am unable to complete KYC document verification.,negative,5.06
906965,138732,2026-05-03 14:03:14,Account,I need help with my account.,neutral,8.61
906966,128570,2026-01-23 08:16:59,KYC Issues,I am unable to complete KYC document verification.,negative,12.49
906967,111772,2026-04-10 09:27:10,KYC Issues,I am unable to complete KYC document verification.,negative,2.82
906968,102831,2026-06-22 12:12:50,KYC Issues,I am unable to complete KYC document verification.,negative,7.14
906969,105342,2026-02-11 02:57:01,Account,I need help with my account.,neutral,22.97
906970,102035,2026-04-01 21:48:16,Account,I need help with my account.,neutral,12.35
906971,141385,2026-04-19 22:03:08,Payment Failure,My payment failed and I do not know why.,negative,20.39
906972,144564,2026-05-26 01:40:50,Account,I need help with my account.,neutral,4.17
906973,125938,2026-05-14 19:38:47,Payment Failure,My payment failed and I do not know why.,negative,24.2
906974,102327,2026-05-26 14:51:36,KYC Issues,I am unable to complete KYC document verification.,negative,21.87
906975,146239,2026-05-23 13:31:59,KYC Issues,I am unable to complete KYC document verification.,negative,4.27
906976,103694,2026-02-10 19:05:58,Payment Failure,My payment failed and I do not know why.,negative,8.68
906977,110389,2026-02-01 17:01:35,Payment Failure,My payment failed and I do not know why.,negative,4.49
906978,101401,2026-03-18 09:58:59,KYC Issues,I am unable to complete KYC document verification.,negative,13.64
906979,139135,2026-02-23 01:50:45,Account,I need help with my account.,neutral,3.5
906980,117037,2026-05-15 10:11:45,KYC Issues,I am unable to complete KYC document verification.,negative,7.34
906981,142280,2026-03-16 05:17:36,Payment Failure,My payment failed and I do not know why.,negative,7.95
906982,103917,2026-05-12 00:08:32,KYC Issues,I am unable to complete KYC document verification.,negative,9.46
906983,133657,2026-02-24 13:15:46,App Performance,The app feels slow and sometimes freezes.,negative,4.1
906984,116578,2026-05-11 09:32:08,Payment Failure,My payment failed and I do not know why.,negative,3.19
906985,121457,2026-05-04 01:37:52,App Performance,The app feels slow and sometimes freezes.,negative,41.7
906986,134758,2026-03-31 21:04:21,Payment Failure,My payment failed and I do not know why.,negative,4.97
906987,141800,2026-03-25 11:26:56,Account,I need help with my account.,neutral,12.99
906988,102731,2026-02-17 12:54:58,KYC Issues,I am unable to complete KYC document verification.,negative,14.48
906989,148351,2026-05-18 08:56:41,App Performance,The app feels slow and sometimes freezes.,negative,15.18
906990,120511,2026-04-01 16:05:37,Account,I need help with my account.,neutral,6.15
906991,105412,2026-03-11 17:43:04,Payment Failure,My payment failed and I do not know why.,negative,28.37
906992,103641,2026-05-08 20:49:33,Account,I need help with my account.,neutral,12.74
906993,137121,2026-02-20 05:38:16,KYC Issues,I am unable to complete KYC document verification.,negative,11.44
906994,117281,2026-02-26 10:12:39,Payment Failure,My payment failed and I do not know why.,negative,20.4
906995,114014,2026-04-26 07:25:02,Account,I need help with my account.,neutral,11.25
906996,132902,2026-03-29 23:24:52,Payment Failure,My payment failed and I do not know why.,negative,7.9
906997,104278,2026-05-18 07:30:02,Payment Failure,My payment failed and I do not know why.,negative,6.15
906998,147841,2026-03-26 13:39:13,App Performance,The app feels slow and sometimes freezes.,negative,10.11
906999,127096,2026-06-30 23:59:59,Account,I need help with my account.,neutral,19.68
907000,135765,2026-06-24 17:42:15,Account,I need help with my account.,neutral,4.85
